indicator,label,horizon,universe,regime,mean,std,ir,p,ci_low,ci_high,win_rate,n
sig_squeeze,Squeeze,1,all,all,0.004521788803099055,0.06376129878708046,0.07091745132417653,1.9188082998944367e-05,0.0029177076304809178,0.006322383232404545,54.58539264140582,3642
sig_rvol_log,log(RVOL),1,all,all,0.001226639569550968,0.05811138917972222,0.021108419311011754,0.20322478852278936,-0.0008396751771740659,0.0031755990439430643,50.70151306740027,3635
sig_ma_align,MA 排列,1,all,all,-0.0041544503075612305,0.11019318534530642,-0.03770151751710103,0.023712319003474702,-0.008211750703901323,-0.0007717625794867291,50.02776235424764,3602
sig_obv_mom,OBV 動能,1,all,all,-0.012803103883299454,0.06945483683417225,-0.1843371097950696,0.0,-0.014887185200626927,-0.010765618878831344,42.51579236473496,3641
sig_supertrend,Supertrend,1,all,all,-0.016204487190649056,0.06532056421176036,-0.24807635062851446,0.0,-0.018053050375275072,-0.014397669380577875,40.0,3660
sig_adx_dir,ADX×方向,1,all,all,-0.02138706583513604,0.08746298099876336,-0.2445270626602406,0.0,-0.024627173007155244,-0.01833741808055745,40.14859658778206,3634
sig_macd_hist,MACD Hist,1,all,all,-0.024994430159783323,0.11171021898231805,-0.22374345326222614,0.0,-0.027942397202988627,-0.02187049911787796,38.12017640573318,3628
sig_vwap_dev,VWAP 偏離,1,all,all,-0.030614463817905543,0.12794722578462195,-0.23927415096471058,0.0,-0.034711292504289344,-0.026593503655217926,37.31466227347611,3642
sig_td_setup,TD Setup,1,all,all,-0.033104711807788845,0.08091800982114707,-0.40911426122516026,0.0,-0.03583097063252647,-0.030608625697548825,31.802023516543613,3657
sig_rsi_dev,RSI 偏離,1,all,all,-0.03425884628606783,0.09713808375591287,-0.3526819241375293,0.0,-0.03819061824313117,-0.030449633980186786,33.58004385964912,3648
sig_ma20_dev,MA20 偏離,1,all,all,-0.03779189151604022,0.12502228639242505,-0.3022812380619683,0.0,-0.041771231828434584,-0.03370348286903102,34.78857770455793,3642
sig_bb_pos,BB %B,1,all,all,-0.04099720752533663,0.09067518626071898,-0.4521325978582176,0.0,-0.04440510338908079,-0.0374448586639924,30.505216913783634,3642
sig_efi,EFI,1,all,all,-0.042411240884112925,0.09182191891789447,-0.46188580443451965,0.0,-0.04549621168342568,-0.039448521059932344,31.054365733113677,3642
sig_atr_pct,ATR%,1,all,all,-0.04557463045467816,0.18837281095955666,-0.2419384741488142,0.0,-0.05049852326044216,-0.04037332014420266,39.99451754385965,3648
sig_kd_diff,KD 差,1,all,all,-0.050631893641270125,0.07456132229846173,-0.6790637837483028,0.0,-0.05413044263560372,-0.0473237969905186,21.61272627537027,3646
sig_rvol_log,log(RVOL),5,all,all,0.006396931720760325,0.053084860348281804,0.1205038814982467,4.667377595524158e-13,0.00357650318068495,0.00929732002711899,55.879922886257226,3631
sig_squeeze,Squeeze,5,all,all,0.006187047609170143,0.06568022834730963,0.09419954474661285,1.4381170698740675e-08,0.0022380329454730705,0.010110567971222471,56.04727872457394,3638
sig_ma_align,MA 排列,5,all,all,-0.008159001601998516,0.1183445913926398,-0.06894275020080004,3.6240665569620134e-05,-0.017259681659761286,-0.0003208983724914482,48.74930516953863,3598
sig_obv_mom,OBV 動能,5,all,all,-0.013517361590179177,0.06760583214223771,-0.19994372026572557,0.0,-0.017861054374319434,-0.009270558853280772,42.06763816332142,3637
sig_macd_hist,MACD Hist,5,all,all,-0.019014677937921703,0.10571695142850884,-0.179864039598043,0.0,-0.02475394070765707,-0.01245486234075606,41.08719646799117,3624
sig_supertrend,Supertrend,5,all,all,-0.020504183846049535,0.0632764757085628,-0.3240411798610148,0.0,-0.024565314560859544,-0.016479433601847216,36.70678336980306,3656
sig_vwap_dev,VWAP 偏離,5,all,all,-0.022242326677818065,0.12258362302281049,-0.18144615185406282,0.0,-0.0301930256070022,-0.01471512864371878,40.59923034634414,3638
sig_adx_dir,ADX×方向,5,all,all,-0.024225900831005606,0.0857941850526525,-0.28237229383480944,0.0,-0.030124864538804363,-0.01813015669621135,38.34710743801653,3630
sig_rsi_dev,RSI 偏離,5,all,all,-0.02684551220446015,0.09828846940899769,-0.27312982251001067,0.0,-0.033720523022393555,-0.019715858245403253,38.0351262349067,3644
sig_bb_pos,BB %B,5,all,all,-0.028913450887992114,0.08630808167446452,-0.33500282160189143,0.0,-0.03529893881750392,-0.02271360809338862,35.981308411214954,3638
sig_td_setup,TD Setup,5,all,all,-0.02947826818914407,0.0769654194061804,-0.38300665956972535,0.0,-0.03438398899507058,-0.024963985332301465,33.096085409252666,3653
sig_ma20_dev,MA20 偏離,5,all,all,-0.03289734398113025,0.12028693939000827,-0.2734905730244467,0.0,-0.04105759611283586,-0.02550198760157245,37.46564046179219,3638
sig_kd_diff,KD 差,5,all,all,-0.03726366850010783,0.06488309460470414,-0.5743201480622064,0.0,-0.03988187278304521,-0.03439921899413518,26.057111477210327,3642
sig_efi,EFI,5,all,all,-0.04797220775341157,0.08694065979706406,-0.5517810408316175,0.0,-0.05366728840666702,-0.04274999256365739,28.284771852666303,3638
sig_atr_pct,ATR%,5,all,all,-0.060549993261343714,0.19065371031436268,-0.31759147598808757,0.0,-0.07215323317121788,-0.04865495810484256,36.416026344676176,3644
sig_rvol_log,log(RVOL),10,all,all,0.01752815862789098,0.05118114189689423,0.3424729886488645,0.0,0.014400038064006804,0.021210782832723773,64.17539988968561,3626
sig_squeeze,Squeeze,10,all,all,0.005537889153790572,0.06274755033168204,0.08825665901724328,1.102699047628164e-07,0.0001067227974875125,0.01054057042945539,55.10597302504817,3633
sig_vwap_dev,VWAP 偏離,10,all,all,-0.0002488478052267135,0.11728307253578647,-0.0021217708561547346,0.8982443655321375,-0.009654413807537503,0.009184360936559988,51.88549408202587,3633
sig_macd_hist,MACD Hist,10,all,all,-0.0005674224005892564,0.1023843237665762,-0.005542082808330212,0.7388506939972164,-0.008353366578706216,0.006949075398745226,50.56645482177397,3619
sig_td_setup,TD Setup,10,all,all,-0.0035676513021396248,0.0732652738913944,-0.048694983484647486,0.003290932292744575,-0.008973009314463466,0.0012543735168519606,48.79385964912281,3648
sig_bb_pos,BB %B,10,all,all,-0.007246686436205118,0.08339402514292336,-0.08689695003671442,1.7186423928450267e-07,-0.01460624723957918,-3.902356799872127e-05,46.29782548857693,3633
sig_rsi_dev,RSI 偏離,10,all,all,-0.010467929240570625,0.09741413671777126,-0.10745800962029119,1.024678120131739e-10,-0.01991625106339575,-0.0011133032873095329,45.03984611156911,3639
sig_obv_mom,OBV 動能,10,all,all,-0.01264774881757136,0.06594698157015591,-0.19178662186557235,0.0,-0.018133291513946163,-0.0069588827665862584,43.392070484581495,3632
sig_ma_align,MA 排列,10,all,all,-0.014454814577464517,0.11966188713443078,-0.12079714705840852,5.431211036466266e-13,-0.027050688808811438,-0.003049194739912177,47.787364319510154,3593
sig_ma20_dev,MA20 偏離,10,all,all,-0.014965785643357547,0.11625358282865678,-0.12873397343301876,1.0880185641326534e-14,-0.02425598107839738,-0.0059822078604700995,45.444536195981286,3633
sig_adx_dir,ADX×方向,10,all,all,-0.016463173153193716,0.08452277668574942,-0.1947779497874614,0.0,-0.02434892355671396,-0.008525185132458495,42.42758620689655,3625
sig_kd_diff,KD 差,10,all,all,-0.019956171033056292,0.060582793975847093,-0.32940327976640266,0.0,-0.022437597941566884,-0.01737887433154066,35.8262304096783,3637
sig_supertrend,Supertrend,10,all,all,-0.022858576973086207,0.06178731087369816,-0.36995584772757484,0.0,-0.02840528322221333,-0.017551085124112374,35.33278553820871,3651
sig_efi,EFI,10,all,all,-0.037777713534576124,0.08497361211045809,-0.44458170714772577,0.0,-0.04469412246972743,-0.03136854460330487,32.452518579686206,3633
sig_atr_pct,ATR%,10,all,all,-0.06929444767604052,0.18560805558440377,-0.37333750120845066,0.0,-0.08537852915430304,-0.05311197547688321,34.65237702665567,3639
sig_rvol_log,log(RVOL),20,all,all,0.018438813820115838,0.0492526531584024,0.37437199090198076,0.0,0.015396862718582862,0.022264313248235388,65.2654867256637,3616
sig_td_setup,TD Setup,20,all,all,0.00552586874174174,0.07406213270147573,0.07461125598441798,7.000097032028307e-06,-0.00020667574964175446,0.010689005236353664,55.167674546454094,3638
sig_vwap_dev,VWAP 偏離,20,all,all,0.004470637943117179,0.11599238580551738,0.03854251218362754,0.02040018149398093,-0.006701113311762324,0.014494111409423405,55.89290643113441,3623
sig_squeeze,Squeeze,20,all,all,0.004444944761115759,0.061203440175848604,0.07262573391862655,1.2689547791211453e-05,-0.002254655211680663,0.01042228242238513,55.75489925476125,3623
sig_bb_pos,BB %B,20,all,all,-0.0013445217876479729,0.08381748308051405,-0.016041066114529372,0.33434207142256467,-0.009493175925880951,0.006447603162317086,50.84184377587635,3623
sig_macd_hist,MACD Hist,20,all,all,-0.00434917079378821,0.10712966865681732,-0.04059725796147551,0.014780822727726184,-0.013706180263629445,0.005611990073458764,48.35134386256581,3609
sig_rsi_dev,RSI 偏離,20,all,all,-0.005174479175042112,0.09947636236358336,-0.05201717324694216,0.0017406801087695989,-0.016401010381237032,0.005357220064762238,47.974648663543675,3629
sig_kd_diff,KD 差,20,all,all,-0.005624947832520849,0.05864279895842365,-0.09591881582099795,8.260802042414639e-09,-0.007700022117914966,-0.003470282937751759,46.40198511166253,3627
sig_ma20_dev,MA20 偏離,20,all,all,-0.01346323262815515,0.1161528552977057,-0.11590961404821427,3.575806317712704e-12,-0.024869805286927133,-0.0037283926833073743,47.25365719017389,3623
sig_ma_align,MA 排列,20,all,all,-0.014804663502597721,0.12494447097340763,-0.11848994507126809,1.5787371410169726e-12,-0.030622736699731413,-0.0008734072491287952,49.958135640524695,3583
sig_obv_mom,OBV 動能,20,all,all,-0.01499455237491477,0.06453779512494658,-0.23233753718863484,0.0,-0.021872793444553666,-0.008716672616468234,41.60684704583103,3622
sig_adx_dir,ADX×方向,20,all,all,-0.015784849376018564,0.08543392149088505,-0.1847609134704492,0.0,-0.025702403159744137,-0.00691832016286099,43.56846473029046,3615
sig_supertrend,Supertrend,20,all,all,-0.02546954567931058,0.06076307725134991,-0.4191615505902435,0.0,-0.03229967353814425,-0.018848260254565784,33.177698434496016,3641
sig_efi,EFI,20,all,all,-0.03916187666369871,0.08611649105641983,-0.45475467222696675,0.0,-0.04780005451286843,-0.03143214884720272,33.066519459011865,3623
sig_atr_pct,ATR%,20,all,all,-0.07891307951230564,0.1867134741221138,-0.42264266081137314,0.0,-0.09887817987094262,-0.057551709286403824,31.909616974373105,3629
sig_squeeze,Squeeze,1,all,ranging,0.0035222648009638783,0.06714973856974676,0.052453887028992514,0.009566776341765282,0.0012237022873736302,0.005690605278152214,53.47790507364976,2444
sig_rvol_log,log(RVOL),1,all,ranging,0.0033121007245497003,0.061183218328434485,0.0541341370238189,0.007520011094447998,0.0004631535657208007,0.006105519400527814,52.04750204750205,2442
sig_ma_align,MA 排列,1,all,ranging,-0.005776368471648691,0.11701608418040536,-0.049363884564306404,0.015579664880143618,-0.011257170682447387,-0.001561897822253991,50.04159733777038,2404
sig_obv_mom,OBV 動能,1,all,ranging,-0.013532017004575682,0.07066239865318388,-0.19150237272572349,0.0,-0.016391181366165637,-0.010867073535107586,42.16127711829717,2443
sig_supertrend,Supertrend,1,all,ranging,-0.01629200923614727,0.07309459706677664,-0.22288937746333656,0.0,-0.01901784441345988,-0.01400341213836708,41.554192229038854,2445
sig_adx_dir,ADX×方向,1,all,ranging,-0.02158853348847896,0.0907671190378114,-0.23784530915303917,0.0,-0.025480813570376588,-0.017611249445933588,40.14778325123153,2436
sig_macd_hist,MACD Hist,1,all,ranging,-0.024603696781628298,0.12169881151516244,-0.20216875148828323,0.0,-0.028143222093723642,-0.020636997063101976,39.01234567901234,2430
sig_vwap_dev,VWAP 偏離,1,all,ranging,-0.029440610732851567,0.1377807306555402,-0.2136772725240861,0.0,-0.03467780823167285,-0.023915832804043115,38.99345335515548,2444
sig_td_setup,TD Setup,1,all,ranging,-0.0315050394617216,0.08485211604691165,-0.37129350368002145,0.0,-0.03480204380237654,-0.02817660425401008,33.90593047034765,2445
sig_rsi_dev,RSI 偏離,1,all,ranging,-0.03424733233771344,0.10132254111431468,-0.33800309349796825,0.0,-0.039201708885384635,-0.029491027596866438,34.06952965235174,2445
sig_ma20_dev,MA20 偏離,1,all,ranging,-0.037404939090762264,0.13399831823741346,-0.279144839896345,0.0,-0.0425669700855187,-0.031986545955199924,35.3518821603928,2444
sig_bb_pos,BB %B,1,all,ranging,-0.040330587988877425,0.09444985446649465,-0.42700529520862723,0.0,-0.04462861095609963,-0.035853262108321286,31.546644844517186,2444
sig_efi,EFI,1,all,ranging,-0.04249970340037743,0.09469125631915143,-0.44882394692425065,0.0,-0.0458984105714305,-0.038955075225160764,31.382978723404253,2444
sig_atr_pct,ATR%,1,all,ranging,-0.04488827041823008,0.20623119149491956,-0.2176599480071175,0.0,-0.05166083124494198,-0.03817994913803427,41.145194274028626,2445
sig_kd_diff,KD 差,1,all,ranging,-0.04641150704801047,0.07819197096980067,-0.5935584750246996,0.0,-0.05046683046883199,-0.04179763554112083,24.294478527607364,2445
sig_rvol_log,log(RVOL),5,all,ranging,0.005956499118209936,0.05528559004211765,0.1077405362531567,1.1334408100971416e-07,0.0022255118185051798,0.00978518085719706,55.332239540607056,2438
sig_squeeze,Squeeze,5,all,ranging,0.0031515895380843854,0.06842805242399386,0.04605698140517734,0.02298953921327551,-0.002058060502277796,0.008243211704104837,54.59016393442623,2440
sig_ma_align,MA 排列,5,all,ranging,-0.011115780542395353,0.12434913417937585,-0.08939170035844915,1.2418316276185948e-05,-0.022993623037893145,-0.0016483259558091703,49.0,2400
sig_obv_mom,OBV 動能,5,all,ranging,-0.015033003790480252,0.0679303481692794,-0.2213002611589547,0.0,-0.02034799838155593,-0.009590630424382024,41.73841738417384,2439
sig_supertrend,Supertrend,5,all,ranging,-0.020466977832512424,0.06981225868666509,-0.2931716895792378,0.0,-0.025982406988234456,-0.015606115411021214,38.50880786562884,2441
sig_macd_hist,MACD Hist,5,all,ranging,-0.020494057331570382,0.11497548999888864,-0.1782471840891348,0.0,-0.027456605231542103,-0.011913187711726574,40.849134377576256,2426
sig_vwap_dev,VWAP 偏離,5,all,ranging,-0.0241267532062878,0.13053824468910893,-0.18482516954129646,0.0,-0.0346478622294661,-0.014128362826760898,40.450819672131146,2440
sig_adx_dir,ADX×方向,5,all,ranging,-0.025248557460740464,0.0891433597092093,-0.28323542598240287,0.0,-0.03274445479166929,-0.017766026061779145,38.61019736842105,2432
sig_td_setup,TD Setup,5,all,ranging,-0.028641549752704415,0.08052745891078006,-0.3556743269949404,0.0,-0.03401330364205501,-0.022794002106192746,34.125358459647686,2441
sig_rsi_dev,RSI 偏離,5,all,ranging,-0.028866751720369895,0.10211203626935972,-0.2826968570504534,0.0,-0.038158613560094964,-0.019318080860092155,38.34494059811553,2441
sig_bb_pos,BB %B,5,all,ranging,-0.03044946612723613,0.08994695420690539,-0.3385269284070818,0.0,-0.038201635625423634,-0.022357682444907843,35.90163934426229,2440
sig_ma20_dev,MA20 偏離,5,all,ranging,-0.03546406037999381,0.12759746404494177,-0.27793703147190163,0.0,-0.04555689143701737,-0.02534906226943601,38.0327868852459,2440
sig_kd_diff,KD 差,5,all,ranging,-0.036234804425583404,0.0678695478413631,-0.5338889911316028,0.0,-0.039408757564887244,-0.03251612864509418,27.570667759115118,2441
sig_efi,EFI,5,all,ranging,-0.04887150000915804,0.08966733145911587,-0.5450312752023982,0.0,-0.055689245923327864,-0.04201295823410758,28.770491803278688,2440
sig_atr_pct,ATR%,5,all,ranging,-0.05931903097125081,0.2063673399580737,-0.2874438900230156,0.0,-0.0751951063495394,-0.04382916512741775,38.05817287996723,2441
sig_rvol_log,log(RVOL),10,all,ranging,0.016224100349216213,0.052997707267134625,0.30612834376850934,0.0,0.012352259360491061,0.02066340834286181,62.30990546650226,2433
sig_squeeze,Squeeze,10,all,ranging,0.0017623482958204187,0.0647673717755994,0.027210434011842515,0.17948836526295953,-0.005450827087356124,0.00838927443499268,53.30595482546201,2435
sig_macd_hist,MACD Hist,10,all,ranging,-0.003916065445124417,0.1113733226603864,-0.035161610981705005,0.08374349539933701,-0.01342974442794703,0.007792768724614085,48.40974803800083,2421
sig_vwap_dev,VWAP 偏離,10,all,ranging,-0.004416042617726085,0.12511610406433007,-0.03529555728058411,0.08168996698075492,-0.016760775661490784,0.00757322415481283,49.7741273100616,2435
sig_td_setup,TD Setup,10,all,ranging,-0.004523557638790526,0.07602268064019702,-0.059502737876342304,0.0033471962167932467,-0.010761054086150844,0.002340983301921231,47.98850574712644,2436
sig_bb_pos,BB %B,10,all,ranging,-0.01079420770207975,0.08716507001107948,-0.12383639112212848,1.1509873054649233e-09,-0.020172190466646943,-0.0011571147499291126,43.572895277207394,2435
sig_obv_mom,OBV 動能,10,all,ranging,-0.014271871599637422,0.06666731611110394,-0.2140759885376627,0.0,-0.021289049749168804,-0.006765683885950199,42.851273623664746,2434
sig_rsi_dev,RSI 偏離,10,all,ranging,-0.01435111414686363,0.10115793102667461,-0.14186840321081048,3.2502889268926083e-12,-0.02579343979791602,-0.0030760854947816992,42.48768472906404,2436
sig_adx_dir,ADX×方向,10,all,ranging,-0.018527636404630933,0.08816068818791256,-0.21015757459991333,0.0,-0.028648510372776582,-0.008643764771916043,41.86238154099712,2427
sig_ma_align,MA 排列,10,all,ranging,-0.018614761863872065,0.12594618399418167,-0.14779933201256823,6.323830348264892e-13,-0.03503061718859897,-0.005181204038376497,48.10020876826722,2395
sig_ma20_dev,MA20 偏離,10,all,ranging,-0.019591189297152874,0.12377296815967344,-0.1582832632071911,8.43769498715119e-15,-0.032230424241510854,-0.008030495409445093,43.36755646817249,2435
sig_kd_diff,KD 差,10,all,ranging,-0.019931241666618086,0.06321161165285757,-0.3153098164317578,0.0,-0.023036606799900168,-0.01668670926006871,36.08374384236453,2436
sig_supertrend,Supertrend,10,all,ranging,-0.022747927859861752,0.06780958252427305,-0.33546774678518226,0.0,-0.03060509012153905,-0.015368364211840894,37.64367816091954,2436
sig_efi,EFI,10,all,ranging,-0.04017355781366814,0.08804676893322279,-0.4562752080560381,0.0,-0.049346371749933206,-0.032173032994726604,32.40246406570842,2435
sig_atr_pct,ATR%,10,all,ranging,-0.06822638888087049,0.20079561429318551,-0.33978027419090856,0.0,-0.08962412627288024,-0.04590118856745465,36.7816091954023,2436
sig_rvol_log,log(RVOL),20,all,ranging,0.017117603695824386,0.05091181940834645,0.3362206241055714,0.0,0.012887680684601225,0.021766666536504338,63.351217498968225,2423
sig_td_setup,TD Setup,20,all,ranging,0.003580982043647693,0.07811886898612236,0.04584016755649453,0.02404471509145112,-0.004089352122794942,0.010678698118583319,53.50370981038747,2426
sig_squeeze,Squeeze,20,all,ranging,0.001551210943767614,0.06392018069338692,0.02426793740162408,0.2321815425010063,-0.007156107553145493,0.009457394829973594,53.81443298969072,2425
sig_vwap_dev,VWAP 偏離,20,all,ranging,-0.00042956756568956025,0.12616986092724436,-0.003404676541074018,0.8668640631304854,-0.016287393761223914,0.013226602600681541,54.391752577319586,2425
sig_bb_pos,BB %B,20,all,ranging,-0.005966420336183937,0.08834878760923419,-0.0675325660672714,0.0008954562861216431,-0.017090480405856638,0.004042396301469372,48.0,2425
sig_kd_diff,KD 差,20,all,ranging,-0.006842738080710126,0.061639979364535774,-0.11101136228879172,5.022831772727443e-08,-0.009580095822186725,-0.0041271818009587045,45.21846661170652,2426
sig_macd_hist,MACD Hist,20,all,ranging,-0.008142989921920146,0.11842086860436395,-0.06876313286575629,0.0007460534623546788,-0.020446698287690142,0.004496568109248011,46.080464537536294,2411
sig_rsi_dev,RSI 偏離,20,all,ranging,-0.0095041836037674,0.10429895133224344,-0.09112444068101799,7.515437993488305e-06,-0.023717162520330886,0.00387255158976427,45.71310799670239,2426
sig_obv_mom,OBV 動能,20,all,ranging,-0.016402236407676754,0.06625857433694589,-0.24754888815244008,0.0,-0.024670874849519294,-0.008278983366892844,41.46039603960396,2424
sig_adx_dir,ADX×方向,20,all,ranging,-0.017848462206882812,0.08946357662506696,-0.1995053504476348,0.0,-0.029771019260931293,-0.00684373199006098,43.11129499379396,2417
sig_ma20_dev,MA20 偏離,20,all,ranging,-0.018654614049759297,0.12615103472217823,-0.14787523614722825,4.4231285301066237e-13,-0.03467649105123373,-0.005078192304357718,45.7319587628866,2425
sig_ma_align,MA 排列,20,all,ranging,-0.01930244813959302,0.13285911559593214,-0.14528508678544916,1.6959766924173891e-12,-0.0391254898254588,-0.0011586118900719594,50.39832285115304,2385
sig_supertrend,Supertrend,20,all,ranging,-0.02624518225478508,0.06647553617157617,-0.39480963624039306,0.0,-0.03555032914053839,-0.016890291720113977,35.36685902720528,2426
sig_efi,EFI,20,all,ranging,-0.04262152328917344,0.09112566692383023,-0.4677224839934478,0.0,-0.05382787080716465,-0.03298833332110664,32.659793814432994,2425
sig_atr_pct,ATR%,20,all,ranging,-0.08153040511363657,0.2031284390010463,-0.40137366050066786,0.0,-0.10936008006438716,-0.0519141479038224,33.09975267930751,2426
sig_squeeze,Squeeze,1,all,trending,0.006169943095817042,0.05155319780456176,0.11968109367739523,0.08142285012330985,0.00212427030445101,0.01249089523824942,57.476635514018696,214
sig_rvol_log,log(RVOL),1,all,trending,-0.0034270291682610694,0.05795815847574187,-0.059129366052847195,0.38913207352602397,-0.012920972069605173,0.002846785996971956,47.417840375586856,213
sig_ma_align,MA 排列,1,all,trending,-0.004454934406943323,0.10144283998111564,-0.04391571063835203,0.5212839490905798,-0.018429680985944157,0.011152737455504847,45.32710280373832,214
sig_obv_mom,OBV 動能,1,all,trending,-0.008193986118051768,0.0667174518178679,-0.12281623315621447,0.07380858939057777,-0.014011521347184072,-0.0013772990431189236,45.32710280373832,214
sig_supertrend,Supertrend,1,all,trending,-0.01622982788790912,0.048161590472767565,-0.3369869584578212,1.6547207299932865e-06,-0.02092579977214726,-0.010752032383822177,37.38317757009346,214
sig_macd_hist,MACD Hist,1,all,trending,-0.01956034769414783,0.08829515427962902,-0.22153364874589376,0.0013833558234050969,-0.03510619283876051,-0.009493597773978875,39.719626168224295,214
sig_adx_dir,ADX×方向,1,all,trending,-0.019772063903780362,0.08002908711424464,-0.24706097016394765,0.00037598311695385966,-0.030326112736570893,-0.012704627863068698,38.78504672897196,214
sig_vwap_dev,VWAP 偏離,1,all,trending,-0.031141734500892776,0.09865733765096178,-0.31565553300321786,6.709358330914128e-06,-0.04857421969947766,-0.018631970219777222,35.046728971962615,214
sig_rsi_dev,RSI 偏離,1,all,trending,-0.033548297248374055,0.08727762844795417,-0.38438598578992944,5.848418993537052e-08,-0.0496675919058541,-0.02251984743563405,31.775700934579437,214
sig_td_setup,TD Setup,1,all,trending,-0.03524529409884078,0.07410988659262358,-0.47558154140191156,4.207323378579986e-11,-0.047295356623215615,-0.02767880285772748,26.635514018691588,214
sig_ma20_dev,MA20 偏離,1,all,trending,-0.03582686244015732,0.09837693831267481,-0.3641794820477902,2.525669104969097e-07,-0.05225776334213076,-0.023857444720207087,35.981308411214954,214
sig_efi,EFI,1,all,trending,-0.03584451025256135,0.08646792783644532,-0.41454110384559567,5.96698002119922e-09,-0.04718959504123767,-0.028202842578084805,31.775700934579437,214
sig_bb_pos,BB %B,1,all,trending,-0.03694661984307123,0.0843827457668108,-0.43784566983838275,9.466432082660958e-10,-0.05309748343207473,-0.02531608106528554,30.373831775700932,214
sig_atr_pct,ATR%,1,all,trending,-0.04022793053659397,0.15175363621519908,-0.2650870947141423,0.0001403802067798665,-0.06501401457032398,-0.02043520967316352,42.99065420560748,214
sig_kd_diff,KD 差,1,all,trending,-0.04809495214350583,0.07176716258448497,-0.670152621498558,0.0,-0.062090729012414865,-0.036274594900186814,21.962616822429908,214
sig_squeeze,Squeeze,5,all,trending,0.00921429765145438,0.05230464267235187,0.17616596119726557,0.010639005257309986,-0.0009336234763881409,0.021625294369891107,60.747663551401864,214
sig_rvol_log,log(RVOL),5,all,trending,0.0048662843189281185,0.05251145808318961,0.09267090453323276,0.17766030461107163,-0.008492051641615006,0.012279409676797626,55.86854460093896,213
sig_macd_hist,MACD Hist,5,all,trending,-0.0026602407585439567,0.09646704301848434,-0.02757667982042551,0.6870497956361796,-0.03111584327000957,0.01421753012707594,48.13084112149533,214
sig_obv_mom,OBV 動能,5,all,trending,-0.004194925198434018,0.0642842414959347,-0.06525588699213791,0.34085640597209466,-0.01673347826080826,0.01290434710356384,49.06542056074766,214
sig_ma_align,MA 排列,5,all,trending,-0.019821758119256575,0.11804281429811621,-0.16792007406055975,0.014831456372172314,-0.049970433976857784,0.018366539383669066,44.85981308411215,214
sig_supertrend,Supertrend,5,all,trending,-0.021442309898140634,0.049392507432555216,-0.43412069993449537,1.2760630330177491e-09,-0.031586338347703254,-0.00964461057332385,35.046728971962615,214
sig_adx_dir,ADX×方向,5,all,trending,-0.022448657344338784,0.07927658777662709,-0.283168814071451,4.95597582308438e-05,-0.04361057781296665,-0.004405390269256277,38.31775700934579,214
sig_bb_pos,BB %B,5,all,trending,-0.023351172726065343,0.08434767158681412,-0.27684430745703925,7.175847631568644e-05,-0.04778568430136833,-0.007108096748697826,39.25233644859813,214
sig_vwap_dev,VWAP 偏離,5,all,trending,-0.024520141075977244,0.10163402358954686,-0.24125917886516854,0.0005104147017047644,-0.05384748525295735,-0.006446088176134894,40.18691588785047,214
sig_ma20_dev,MA20 偏離,5,all,trending,-0.02889057788320033,0.09911141902055882,-0.2914959564569196,3.0150720870425474e-05,-0.053939176634756524,-0.011037657188116657,36.44859813084112,214
sig_td_setup,TD Setup,5,all,trending,-0.029667721342232348,0.07842299959948883,-0.37830383297944814,9.136489342864706e-08,-0.0496418822402882,-0.02161296389549938,29.439252336448597,214
sig_rsi_dev,RSI 偏離,5,all,trending,-0.03078348455532412,0.09290616060846879,-0.33133954038908026,2.4127397013629093e-06,-0.05998035712323032,-0.009559590312049816,34.112149532710276,214
sig_kd_diff,KD 差,5,all,trending,-0.0350930515165402,0.06739863167658505,-0.5206789907091225,8.377742943821431e-13,-0.05042619505652781,-0.025933257045433988,25.233644859813083,214
sig_efi,EFI,5,all,trending,-0.037346963758048725,0.07961455603560551,-0.4690971804370332,7.264100432280429e-11,-0.05612407761032665,-0.023071459719944978,29.906542056074763,214
sig_atr_pct,ATR%,5,all,trending,-0.03829244251290515,0.16558545367621127,-0.23125486969273806,0.0008532926440334432,-0.08395272157134147,0.003419983982589856,42.05607476635514,214
sig_macd_hist,MACD Hist,10,all,trending,0.022836411190608214,0.0861503859287082,0.26507613337340086,0.00014046659731903333,-0.009433424828547726,0.0530402296932002,62.616822429906534,214
sig_rvol_log,log(RVOL),10,all,trending,0.020011281941382315,0.05191641895521281,0.3854518925630372,5.80638712666115e-08,0.004062336470248647,0.03413930232423052,68.54460093896714,213
sig_squeeze,Squeeze,10,all,trending,0.005785777165170672,0.0504667888741076,0.11464524084549221,0.09498681476996373,-0.009330292924048323,0.022679568613453063,54.20560747663551,214
sig_obv_mom,OBV 動能,10,all,trending,-0.004189051129307299,0.05571530149627536,-0.07518672638947027,0.27262290318050275,-0.01824721154304776,0.018269511294820864,48.13084112149533,214
sig_bb_pos,BB %B,10,all,trending,-0.0052985416775990345,0.07692356596399222,-0.06888060389815095,0.3147723673339813,-0.029893930296110625,0.01984905140171335,50.0,214
sig_vwap_dev,VWAP 偏離,10,all,trending,-0.008081911456051197,0.0907703505831703,-0.08903690912426267,0.19415284594518356,-0.038051289629324594,0.01784969863700771,48.13084112149533,214
sig_td_setup,TD Setup,10,all,trending,-0.009256864045461916,0.07499308276854005,-0.12343623843324938,0.07237447564943844,-0.0309067223701283,0.005169429428457529,49.532710280373834,214
sig_ma20_dev,MA20 偏離,10,all,trending,-0.014851925389320677,0.08757733338042127,-0.16958640798991217,0.013881811440095149,-0.040140682333300794,0.010076587017527729,45.32710280373832,214
sig_kd_diff,KD 差,10,all,trending,-0.015704676276865975,0.062496351100620164,-0.2512894913109597,0.000299836310299062,-0.029981425608672226,-0.007167714696682347,40.18691588785047,214
sig_adx_dir,ADX×方向,10,all,trending,-0.02215896360561208,0.06812123411085055,-0.32528717212541713,3.595751953300308e-06,-0.041671000856205384,0.0007702636065431255,35.51401869158878,214
sig_rsi_dev,RSI 偏離,10,all,trending,-0.024797430116341317,0.08228497147687333,-0.30136037810149546,1.6501950242719943e-05,-0.052566376761698765,0.000814420762204935,40.18691588785047,214
sig_supertrend,Supertrend,10,all,trending,-0.026613497454319717,0.04691441346429778,-0.5672776336545865,1.199040866595169e-14,-0.04098857197676077,-0.009319470177534761,28.971962616822427,214
sig_efi,EFI,10,all,trending,-0.02954021894729489,0.06813580365238604,-0.43354913810076445,1.3356993289193042e-09,-0.05009318283329598,-0.006817683156234698,29.906542056074763,214
sig_atr_pct,ATR%,10,all,trending,-0.03634897256048156,0.1628466466981935,-0.22320983144250883,0.0012742358406401255,-0.09966717316511145,0.025888636758972492,38.78504672897196,214
sig_ma_align,MA 排列,10,all,trending,-0.048928577391882604,0.10702096954243058,-0.45718682610592404,1.9574786236375985e-10,-0.08465091942813427,-0.007389813832217148,30.8411214953271,214
sig_macd_hist,MACD Hist,20,all,trending,0.025027104796352145,0.0932757672814068,0.26831304127305683,0.00011703226580705994,-0.004782227889042985,0.06459463213819967,64.01869158878505,214
sig_rvol_log,log(RVOL),20,all,trending,0.016773508625150202,0.05428025996179621,0.30901673346730124,1.0730398973812783e-05,0.0008667431732583458,0.03561216672904567,66.19718309859155,213
sig_squeeze,Squeeze,20,all,trending,0.01029319026115018,0.04745377629411899,0.2169098239379914,0.001730979194731752,-0.004915142656239037,0.028285365913197434,56.074766355140184,214
sig_kd_diff,KD 差,20,all,trending,-0.0030922940849033406,0.05660965418653915,-0.0546248538228774,0.42512681086701254,-0.013574441682290607,0.00406558254392992,48.13084112149533,214
sig_td_setup,TD Setup,20,all,trending,-0.0031604103556191064,0.07593860492194837,-0.04161796702569736,0.5432935864480548,-0.025331586327780948,0.017453343790483224,53.73831775700935,214
sig_bb_pos,BB %B,20,all,trending,-0.009157032917635859,0.07983718842266936,-0.11469633511086628,0.09484055838643313,-0.03486477411787092,0.020106144785671486,50.467289719626166,214
sig_vwap_dev,VWAP 偏離,20,all,trending,-0.011824276020419406,0.08988814295815921,-0.13154433534046114,0.05564602462969992,-0.04264097335157163,0.02094074278717679,52.80373831775701,214
sig_obv_mom,OBV 動能,20,all,trending,-0.017903413538756505,0.05105359922914181,-0.3506787730753582,6.5065203069814e-07,-0.033282898840825574,0.0006095381847985321,41.58878504672897,214
sig_ma20_dev,MA20 偏離,20,all,trending,-0.020888229962769844,0.08739808499309427,-0.23900100287575315,0.0005740307544861434,-0.04734339501131658,0.00955471327665169,48.598130841121495,214
sig_supertrend,Supertrend,20,all,trending,-0.030156714926086858,0.04417716937135812,-0.6826312177809812,0.0,-0.04767801832900836,-0.01367880222061324,26.635514018691588,214
sig_adx_dir,ADX×方向,20,all,trending,-0.032956419131699416,0.06858960830259699,-0.48048705842298267,2.7752244946555038e-11,-0.05720148197554718,-0.0072789869149224645,32.71028037383177,214
sig_rsi_dev,RSI 偏離,20,all,trending,-0.03363210621905361,0.0785907161010096,-0.4279399385523803,2.0868571315446616e-09,-0.062222569110529126,-0.00484350525693299,35.981308411214954,214
sig_efi,EFI,20,all,trending,-0.03736868123013422,0.07161949147416366,-0.5217669165329771,7.605027718682322e-13,-0.05993642224904234,-0.007250667459075733,32.71028037383177,214
sig_atr_pct,ATR%,20,all,trending,-0.03829788097292985,0.16073426367877616,-0.23826830755555212,0.0005962207548511067,-0.12223751897641832,0.030526268288763515,42.523364485981304,214
sig_ma_align,MA 排列,20,all,trending,-0.07060800086670353,0.09686174627759381,-0.7289565135894795,0.0,-0.11280409193462386,-0.03708665352079097,20.5607476635514,214
sig_squeeze,Squeeze,1,all,volatile,0.006390429283144389,0.0588615750804653,0.10856707919230002,0.0018462095025901792,0.0027507909026145807,0.009920380153066207,56.64251207729468,828
sig_ma_align,MA 排列,1,all,volatile,0.0008156373740695639,0.09694792357531727,0.008413149492943068,0.8087717741517528,-0.006591581017525069,0.00821207134435,51.08695652173913,828
sig_rvol_log,log(RVOL),1,all,volatile,-0.004405705337403387,0.05018930895358968,-0.08778174932588463,0.011827210434340651,-0.008638383988780406,-0.0005555115327924557,46.3680387409201,826
sig_obv_mom,OBV 動能,1,all,volatile,-0.011531891952912652,0.06872048980836891,-0.16780864026246037,1.6371580704444e-06,-0.015829262214292355,-0.007098305761632129,42.874396135265705,828
sig_supertrend,Supertrend,1,all,volatile,-0.01530926036952613,0.04489003871799398,-0.34103914379983546,0.0,-0.018307999638731427,-0.012549070118334569,37.68115942028986,828
sig_adx_dir,ADX×方向,1,all,volatile,-0.020134077162712684,0.08343796264666799,-0.24130595383750922,7.734035634143765e-12,-0.025480763025872728,-0.014154961674436056,40.94202898550724,828
sig_macd_hist,MACD Hist,1,all,volatile,-0.024737831206167963,0.09146949369766086,-0.2704489792841237,2.1316282072803006e-14,-0.02958539808699923,-0.01912498752394555,37.07729468599034,828
sig_vwap_dev,VWAP 偏離,1,all,volatile,-0.0302539726726966,0.11209830452206104,-0.26988787030889116,2.398081733190338e-14,-0.03789530531308552,-0.02205001766721785,36.231884057971016,828
sig_rsi_dev,RSI 偏離,1,all,volatile,-0.03278989937112468,0.09255472581572151,-0.35427579826026484,0.0,-0.03961901163239574,-0.025540547861220418,34.66183574879227,828
sig_td_setup,TD Setup,1,all,volatile,-0.03503997707992843,0.07430966427621183,-0.4715399729123188,0.0,-0.039975864815152626,-0.02957029936862016,29.589371980676326,828
sig_ma20_dev,MA20 偏離,1,all,volatile,-0.03608434661397021,0.11119296679312955,-0.32452004523904665,0.0,-0.04351889054805209,-0.028000213789649446,35.02415458937198,828
sig_bb_pos,BB %B,1,all,volatile,-0.04118003862530366,0.08558147254288079,-0.4811793651326846,0.0,-0.04732964398282397,-0.03478622286560782,30.07246376811594,828
sig_efi,EFI,1,all,volatile,-0.04137901473915617,0.08896522517481872,-0.46511448330339694,0.0,-0.04690216555200438,-0.03483510035761899,31.88405797101449,828
sig_atr_pct,ATR%,1,all,volatile,-0.047554886427185715,0.14907951718941162,-0.31899007538886304,0.0,-0.05518375695774296,-0.03876911145675424,37.31884057971014,828
sig_kd_diff,KD 差,1,all,volatile,-0.0609763972879321,0.06518829243953275,-0.9353887792734024,0.0,-0.06594691499245232,-0.056595352016426445,15.821256038647343,828
sig_squeeze,Squeeze,5,all,volatile,0.013801684744483742,0.06254850583721645,0.22065570647527313,3.562659056655093e-10,0.00713550064670244,0.021856906639250558,58.81642512077294,828
sig_rvol_log,log(RVOL),5,all,volatile,0.006877551775233056,0.04770309727617615,0.14417411379843123,3.7718313289136773e-05,0.0018146815954209214,0.013458011966257828,55.32687651331719,826
sig_ma_align,MA 排列,5,all,volatile,0.003839593967340378,0.10632207704068451,0.036112857030352635,0.29904005571189374,-0.010672420109084436,0.018442005432209956,50.36231884057971,828
sig_obv_mom,OBV 動能,5,all,volatile,-0.011514092083495563,0.07024206339917931,-0.16392018580180392,2.811661725221626e-06,-0.02175506272624621,-0.00185728412429973,42.51207729468599,828
sig_vwap_dev,VWAP 偏離,5,all,volatile,-0.013878561598725074,0.11087366123431343,-0.12517455854005755,0.0003347531617428068,-0.02774719361060471,0.0011232899962924539,42.391304347826086,828
sig_macd_hist,MACD Hist,5,all,volatile,-0.018278508015227183,0.0825478361085099,-0.2214292812133793,3.102926804388062e-10,-0.02772703934987133,-0.007855901157611714,39.85507246376812,828
sig_rsi_dev,RSI 偏離,5,all,volatile,-0.019266317286368448,0.09438212642451764,-0.20413099403706206,6.165770560784267e-09,-0.03293137054701944,-0.003914214636633102,40.21739130434783,828
sig_supertrend,Supertrend,5,all,volatile,-0.020480242771660065,0.047242282083751294,-0.43351510274953725,0.0,-0.027384299126867167,-0.014394904106111618,32.971014492753625,828
sig_adx_dir,ADX×方向,5,all,volatile,-0.02162525252680269,0.08231830033028772,-0.26270285513713426,1.0769163338864018e-13,-0.03280399055268379,-0.009759323006887958,39.009661835748794,828
sig_bb_pos,BB %B,5,all,volatile,-0.024175010796365953,0.08016873533422965,-0.30155160481924115,0.0,-0.03493585714158435,-0.011480138006344376,37.07729468599034,828
sig_ma20_dev,MA20 偏離,5,all,volatile,-0.024869670989092138,0.11074514237215849,-0.2245666984247285,1.7642598493239348e-10,-0.03829505978615262,-0.009937607962855645,38.28502415458937,828
sig_td_setup,TD Setup,5,all,volatile,-0.03088300986569335,0.06921909885683235,-0.4461631309238723,0.0,-0.03813941824356411,-0.02111145481622578,32.850241545893724,828
sig_kd_diff,KD 差,5,all,volatile,-0.038469099518349356,0.056974265724902835,-0.675201321665036,0.0,-0.04287120829796815,-0.033642783740633724,24.637681159420293,828
sig_efi,EFI,5,all,volatile,-0.04642926450393479,0.08528748241159033,-0.5443854501399279,0.0,-0.056849160477810065,-0.033920077463659874,28.743961352657006,828
sig_atr_pct,ATR%,5,all,volatile,-0.06783723552679644,0.15597753430812172,-0.4349167066123071,0.0,-0.0868224907424272,-0.049116329503483436,31.280193236714975,828
sig_rvol_log,log(RVOL),10,all,volatile,0.019262642787128508,0.04721600176394622,0.40796852904722897,0.0,0.012751823807760323,0.027197183771351087,66.34382566585957,826
sig_squeeze,Squeeze,10,all,volatile,0.01543296951125154,0.06219155257297856,0.24815218261582636,2.0370372055822372e-12,0.006772616591136321,0.025891006558070653,59.78260869565217,828
sig_vwap_dev,VWAP 偏離,10,all,volatile,0.014191966089805533,0.10624815069006385,0.1335737704386486,0.00013054506458609616,-0.0035659324878380785,0.03329717755003409,58.69565217391305,828
sig_ma_align,MA 排列,10,all,volatile,0.006133381518055478,0.10814076211750452,0.05671664780197328,0.1030557668276868,-0.014464874980592178,0.0267055539162244,51.449275362318836,828
sig_rsi_dev,RSI 偏離,10,all,volatile,0.0033347559405227517,0.09507192331990855,0.03507613840209791,0.31311855956164925,-0.015701232402703547,0.02198790310413824,53.5024154589372,828
sig_bb_pos,BB %B,10,all,volatile,0.002710978707381702,0.07769112794692178,0.03489431520718595,0.31563203979617005,-0.011699556661443945,0.017176853873390782,52.77777777777778,828
sig_macd_hist,MACD Hist,10,all,volatile,0.0018342106274210892,0.08153582273281305,0.022495764020578582,0.5176074958790116,-0.009570185331216632,0.014832864532153569,52.77777777777778,828
sig_td_setup,TD Setup,10,all,volatile,-0.0002326617013934113,0.06767596613769959,-0.0034378777972673036,0.9212218742625318,-0.010677431910255613,0.010690305597167545,51.20772946859904,828
sig_ma20_dev,MA20 偏離,10,all,volatile,-0.0016568561556078896,0.10699451251115621,-0.015485431137742983,0.6560078076041407,-0.019041141947561187,0.017278949676357503,51.81159420289855,828
sig_adx_dir,ADX×方向,10,all,volatile,-0.010057457731117764,0.08264691313711243,-0.12169187389288569,0.00048709846215588826,-0.026812848606173056,0.0041584980182921595,46.4975845410628,828
sig_obv_mom,OBV 動能,10,all,volatile,-0.010109959496281152,0.06959621478467706,-0.1452659390680979,3.2253621505606844e-05,-0.02336113759299713,0.001476255631307235,44.927536231884055,828
sig_kd_diff,KD 差,10,all,volatile,-0.019548687163320092,0.054320747236618665,-0.3598751519040582,0.0,-0.02366219679090825,-0.015022082325766899,35.38647342995169,828
sig_supertrend,Supertrend,10,all,volatile,-0.02304471342207547,0.04763836856697826,-0.48374270814239206,0.0,-0.03325217263164322,-0.01433034891292545,30.193236714975846,828
sig_efi,EFI,10,all,volatile,-0.03190567959001885,0.08497321875050076,-0.3754792399202934,0.0,-0.04681007906007555,-0.017569570568068314,36.35265700483092,828
sig_atr_pct,ATR%,10,all,volatile,-0.07861883095768234,0.15267857185859715,-0.5149303533602276,0.0,-0.10576680007501855,-0.05278171809008752,29.830917874396135,828
sig_rvol_log,log(RVOL),20,all,volatile,0.021098806131924455,0.044941274986257794,0.4694750235362944,0.0,0.01427074671710367,0.02883493180014849,67.91767554479419,826
sig_vwap_dev,VWAP 偏離,20,all,volatile,0.020741966642912054,0.09658002272914193,0.21476456576411015,1.0063898603362986e-09,-0.00089402266153616,0.041454670983312854,60.02415458937198,828
sig_bb_pos,BB %B,20,all,volatile,0.012720606714276685,0.0746454754993116,0.17041363363535675,1.1325430264719216e-06,-0.004334566274356384,0.027556858375561617,57.48792270531401,828
sig_rsi_dev,RSI 偏離,20,all,volatile,0.012425941325500709,0.09418696797046161,0.1319284566989954,0.00015763976960214698,-0.011388801657088884,0.032455580529207224,55.55555555555556,828
sig_ma_align,MA 排列,20,all,volatile,0.01201858712941977,0.10879441522087675,0.110470625767135,0.0015339236688882707,-0.01515454551275384,0.033989834962724425,57.125603864734295,828
sig_td_setup,TD Setup,20,all,volatile,0.011523162691485258,0.06498165402838536,0.17732947650811867,4.15675335485588e-07,0.0011054597402318299,0.02225641669845301,58.69565217391305,828
sig_squeeze,Squeeze,20,all,volatile,0.009062712793211403,0.060031753681293154,0.15096531814354588,1.5727598366543916e-05,-0.002030514852599923,0.0212246361728345,58.574879227053145,828
sig_ma20_dev,MA20 偏離,20,all,volatile,0.0014089282145790891,0.09857762332661789,0.014292576418797175,0.6809820475185622,-0.02128639686349062,0.02141057551649278,50.72463768115942,828
sig_kd_diff,KD 差,20,all,volatile,-0.002400558924032815,0.05253330428539528,-0.04569594387193709,0.188907908255054,-0.00532305411656952,0.0015467355219242426,49.275362318840585,828
sig_macd_hist,MACD Hist,20,all,volatile,-0.003448740969032661,0.07713375810566693,-0.044711175155087976,0.19860647561493927,-0.01447097781878462,0.00949268445361798,50.48309178743962,828
sig_adx_dir,ADX×方向,20,all,volatile,-0.007153048210424411,0.08211211719847887,-0.08711318687757477,0.012377906110320858,-0.027562239398517718,0.00978027180174013,47.82608695652174,828
sig_obv_mom,OBV 動能,20,all,volatile,-0.010583307711234639,0.0654936925924168,-0.16159277775185377,3.865818031245638e-06,-0.026409590579565205,0.002163923664493004,43.35748792270531,828
sig_supertrend,Supertrend,20,all,volatile,-0.02381823107446977,0.048070396789349296,-0.49548646704216615,0.0,-0.035490526939637626,-0.01210707650811201,27.77777777777778,828
sig_efi,EFI,20,all,volatile,-0.029420923377102785,0.07955705051436772,-0.36980912674470595,0.0,-0.04708718364011766,-0.014467800865522915,36.835748792270536,828
sig_atr_pct,ATR%,20,all,volatile,-0.08024396559829566,0.1512699384791581,-0.5304686866739993,0.0,-0.1118755842211317,-0.04492851231265416,27.657004830917874,828
sig_squeeze,Squeeze,1,momentum,all,0.0007078964652519208,0.06331392903769545,0.011180738204233983,0.5466705467211586,-0.0015734294397800738,0.003103471599849113,51.77158582731338,2907
sig_ma_align,MA 排列,1,momentum,all,-0.012401052098464893,0.14132460911495304,-0.08774870969837895,2.339576322896164e-06,-0.017382880372798965,-0.00832435385982304,46.88682490540076,2907
sig_rvol_log,log(RVOL),1,momentum,all,-0.01408846470765346,0.10020038049952466,-0.14060290627060337,4.8183679268731794e-14,-0.017719951443172274,-0.0099638995334425,43.55616815988973,2902
sig_macd_hist,MACD Hist,1,momentum,all,-0.014452537730745537,0.1310501063131898,-0.11028253343195443,3.074265508828944e-09,-0.018026044088749513,-0.010722214987713466,44.99484004127967,2907
sig_supertrend,Supertrend,1,momentum,all,-0.016184765069924126,0.10513630087646125,-0.15394078862391952,2.220446049250313e-16,-0.01937648104090351,-0.013598131476830798,44.99484004127967,2907
sig_obv_mom,OBV 動能,1,momentum,all,-0.01981708293607048,0.10571057411577747,-0.18746547449800247,0.0,-0.02374134042342742,-0.01653747339647632,43.378052975576196,2907
sig_vwap_dev,VWAP 偏離,1,momentum,all,-0.02124722768040131,0.14556604968965473,-0.14596279644670013,5.10702591327572e-15,-0.026440455528039763,-0.016289172341250137,43.06845545235638,2907
sig_adx_dir,ADX×方向,1,momentum,all,-0.02454059746520032,0.13001604402026357,-0.18875053190647426,0.0,-0.029414674535862516,-0.02006456725587133,42.98004129387474,2906
sig_td_setup,TD Setup,1,momentum,all,-0.025615535795070695,0.10511352159617549,-0.24369401201760046,0.0,-0.029586729656486403,-0.02189464219657876,39.490884072927415,2907
sig_rsi_dev,RSI 偏離,1,momentum,all,-0.02648643273082992,0.1321544187601673,-0.20042033387394537,0.0,-0.031786109632174514,-0.021483408328648965,41.795665634674926,2907
sig_bb_pos,BB %B,1,momentum,all,-0.026825890367276756,0.12380526358102621,-0.21667810876005406,0.0,-0.03166363503706591,-0.021705678399221655,40.00687994496044,2907
sig_ma20_dev,MA20 偏離,1,momentum,all,-0.028536701034780416,0.14507736802540155,-0.1966998810578362,0.0,-0.03384973500490229,-0.023695826683950198,41.10767113863089,2907
sig_kd_diff,KD 差,1,momentum,all,-0.03470115645901432,0.09812243209989148,-0.3536516137684759,0.0,-0.039633349778335214,-0.030105731909919695,35.190918472652214,2907
sig_efi,EFI,1,momentum,all,-0.03933653404542152,0.12383478627019881,-0.3176533446716011,0.0,-0.04402620743772863,-0.035004302997231326,37.56449948400412,2907
sig_atr_pct,ATR%,1,momentum,all,-0.04232626192784504,0.2204192304526637,-0.19202617594173504,0.0,-0.0491978682320883,-0.03622625736333361,43.27485380116959,2907
sig_squeeze,Squeeze,5,momentum,all,-0.0006855896269224095,0.0637204853500281,-0.010759328387979819,0.5619551190390366,-0.005269178367886682,0.0039095549314092344,49.48382656572608,2906
sig_macd_hist,MACD Hist,5,momentum,all,-0.0036468847339923174,0.1225148739009292,-0.029766873342589775,0.10867897757598777,-0.011556498627174696,0.004800114838320925,49.24294562973159,2906
sig_rvol_log,log(RVOL),5,momentum,all,-0.006486630259620759,0.09039638986471663,-0.07175762515879641,0.00011386525526635438,-0.01233006469369351,-0.0001477451485128886,46.3448275862069,2900
sig_vwap_dev,VWAP 偏離,5,momentum,all,-0.009836870969910249,0.1352853694272422,-0.07271200878229936,9.070237205910381e-05,-0.019028957254992655,-0.0003094745647232173,48.03854094975912,2906
sig_td_setup,TD Setup,5,momentum,all,-0.014808698550583229,0.09972450314830635,-0.1484960875519261,1.7763568394002505e-15,-0.021342369859175644,-0.008472642067395491,44.35650378527185,2906
sig_bb_pos,BB %B,5,momentum,all,-0.015631186174612736,0.11631798341081251,-0.13438322876873152,5.544453784978032e-13,-0.024175236995761545,-0.006621645181007632,45.69855471438403,2906
sig_rsi_dev,RSI 偏離,5,momentum,all,-0.017142119247248348,0.12647387040017188,-0.1355388207303969,3.523847880160247e-13,-0.02732670333495209,-0.007311795430144567,45.66414315209911,2906
sig_ma_align,MA 排列,5,momentum,all,-0.017489247795749164,0.14074608684814477,-0.12426098790667513,2.517364094956065e-11,-0.028837161599056683,-0.008169731060819536,46.04267033723331,2906
sig_supertrend,Supertrend,5,momentum,all,-0.019863220277424373,0.09931414581010593,-0.2000039381640953,0.0,-0.026672176488533247,-0.013725484311291898,41.32828630419821,2906
sig_obv_mom,OBV 動能,5,momentum,all,-0.02105903037300868,0.09882123442358941,-0.21310228004986065,0.0,-0.029033185929468693,-0.014344660384721715,41.913282863041985,2906
sig_ma20_dev,MA20 偏離,5,momentum,all,-0.021069207993688794,0.13492908916887758,-0.15615022767491243,0.0,-0.030466704639846732,-0.011186160397207417,45.76737783895389,2906
sig_kd_diff,KD 差,5,momentum,all,-0.02148763991695774,0.08834183318017558,-0.24323289593881434,0.0,-0.02529503211751566,-0.01735967568338331,40.46799724707502,2906
sig_adx_dir,ADX×方向,5,momentum,all,-0.022909618643653023,0.12323096877956775,-0.18590796510439786,0.0,-0.0328820100284479,-0.01397906866743752,43.73709566414315,2906
sig_efi,EFI,5,momentum,all,-0.03768971724811094,0.11467687717430232,-0.32866012902343616,0.0,-0.0459997937313661,-0.029601104159038518,37.577426015141086,2906
sig_atr_pct,ATR%,5,momentum,all,-0.05022630662954717,0.2122316452046874,-0.2366579525928203,0.0,-0.06612165807189126,-0.035547326617412695,40.15829318651067,2906
sig_rvol_log,log(RVOL),10,momentum,all,0.009697988407645637,0.08537373242422693,0.1135945229553252,1.116035486248279e-09,0.003153347008468508,0.016590516466715454,54.40414507772021,2895
sig_macd_hist,MACD Hist,10,momentum,all,0.009125267337535721,0.1203655235684765,0.075812965930766,4.5590204118539646e-05,-0.0012534570572076838,0.020018898101279773,54.53291968286798,2901
sig_td_setup,TD Setup,10,momentum,all,0.007150302778471851,0.09446138035426234,0.07569551441717008,4.684068390692353e-05,-5.596224574860273e-05,0.01471123161640425,53.87797311271976,2901
sig_vwap_dev,VWAP 偏離,10,momentum,all,0.006500282633946607,0.12955970666929437,0.05017210057860661,0.006925938436754153,-0.0049010247148371065,0.018096470146544297,55.25680799724233,2901
sig_bb_pos,BB %B,10,momentum,all,-0.0004943444897099903,0.111034839257319,-0.004452156575508394,0.8105043454291565,-0.010708401823013724,0.009702243623080985,50.49982764563944,2901
sig_squeeze,Squeeze,10,momentum,all,-0.002150568810521204,0.061615278434522865,-0.034903174426235264,0.060219489140318494,-0.008055256617962038,0.003110149198655943,49.29334712168218,2901
sig_rsi_dev,RSI 偏離,10,momentum,all,-0.0052577654402007476,0.12097876325073882,-0.04346023466369531,0.019309441760479107,-0.0180733487587622,0.00594503956660007,48.94863840055154,2901
sig_kd_diff,KD 差,10,momentum,all,-0.0053128094361247075,0.08305547283747333,-0.06396700006176656,0.0005784816715643792,-0.008532411678957958,-0.001875416189837494,47.776628748707346,2901
sig_ma20_dev,MA20 偏離,10,momentum,all,-0.008801364323362131,0.1295633804394309,-0.06793095621240486,0.0002578868549183433,-0.02043792025237301,0.0026545624283348733,49.569114098586695,2901
sig_adx_dir,ADX×方向,10,momentum,all,-0.01644685860891944,0.11780957670745179,-0.1396054469303524,7.30526750203353e-14,-0.02900427246414185,-0.0052900369673255804,45.36366770079283,2901
sig_obv_mom,OBV 動能,10,momentum,all,-0.021243512578074778,0.09734779453731242,-0.21822284396933467,0.0,-0.03175193641730046,-0.012717232532157006,41.57187176835574,2901
sig_ma_align,MA 排列,10,momentum,all,-0.021766517746303785,0.1377778989550906,-0.15798265114638374,0.0,-0.03794344643934135,-0.008518016494247691,45.639434677697345,2901
sig_supertrend,Supertrend,10,momentum,all,-0.024162837043402757,0.09490849222371532,-0.2545908851491063,0.0,-0.03378768952512234,-0.015508819857195112,38.74526025508445,2901
sig_efi,EFI,10,momentum,all,-0.02761878913364496,0.11021521032252034,-0.2505896332532026,0.0,-0.0379221371748639,-0.018348968021252923,41.2271630472251,2901
sig_atr_pct,ATR%,10,momentum,all,-0.058281148040622635,0.20667046876989478,-0.28200036699734005,0.0,-0.08058199140577245,-0.0371475762951733,38.055842812823165,2901
sig_rvol_log,log(RVOL),20,momentum,all,0.010133600644292634,0.08053016234133643,0.125836088611621,1.6756374066062563e-11,0.0035368537253418837,0.017352752347971685,54.31542461005199,2885
sig_td_setup,TD Setup,20,momentum,all,0.0062222092808588364,0.09214432586502719,0.0675267763092989,0.0002874698251382757,-0.0021193069336016257,0.013571468568756111,53.372535454859914,2891
sig_vwap_dev,VWAP 偏離,20,momentum,all,0.003137130950820829,0.1260354234584861,0.024890866906589527,0.18089330842493823,-0.011578486954984927,0.017612241354015783,53.33794534763058,2891
sig_kd_diff,KD 差,20,momentum,all,0.002233422497075858,0.08173392271711437,0.02732552681713145,0.14187668813771248,-0.0008847656754444261,0.005322807299273465,51.57384987893463,2891
sig_macd_hist,MACD Hist,20,momentum,all,-0.003962251881502124,0.11524139341486277,-0.03438219344709094,0.0646086442783691,-0.0157191630255628,0.007901739119612259,48.56451054998271,2891
sig_squeeze,Squeeze,20,momentum,all,-0.004228347694200518,0.05810349539290714,-0.07277269062054886,9.33184973379575e-05,-0.010129277703424559,0.001659575646679039,48.73746108612937,2891
sig_bb_pos,BB %B,20,momentum,all,-0.004480515334512823,0.1065489623818745,-0.042051233858613556,0.023832598563294782,-0.017522821811307796,0.006000973284472731,48.149429263230715,2891
sig_rsi_dev,RSI 偏離,20,momentum,all,-0.006700906091800561,0.11815762595568995,-0.056711583679867214,0.0023147801335354767,-0.02286336355862769,0.006657544203525179,48.287789692148046,2891
sig_ma20_dev,MA20 偏離,20,momentum,all,-0.01492059582811526,0.1259099899887054,-0.11850208096636093,2.1690804707930056e-10,-0.030317117817148458,-0.0006039229373851731,45.58976132826012,2891
sig_ma_align,MA 排列,20,momentum,all,-0.01828331463842455,0.1346383973120311,-0.1357956942702762,3.6615155352137663e-13,-0.0378840280223235,-0.0022955339787347176,47.38844690418541,2891
sig_adx_dir,ADX×方向,20,momentum,all,-0.018747942823425436,0.11547922588103449,-0.16234905179169953,0.0,-0.034261873653180404,-0.00563677112398141,44.30992736077482,2891
sig_obv_mom,OBV 動能,20,momentum,all,-0.024139146765361007,0.094432593943462,-0.2556230402800692,0.0,-0.03677090645924152,-0.013609798951825479,40.0207540643376,2891
sig_supertrend,Supertrend,20,momentum,all,-0.029767220620890846,0.09192101462291148,-0.32383476991638116,0.0,-0.04247816278668587,-0.018664566411022966,36.31961259079903,2891
sig_efi,EFI,20,momentum,all,-0.03461675344234604,0.10769471274394939,-0.321434103498186,0.0,-0.04787418198629934,-0.023820397916178283,37.32272570044967,2891
sig_atr_pct,ATR%,20,momentum,all,-0.06810767923220488,0.20796055749664977,-0.3275028690635343,0.0,-0.09884318938749896,-0.04187995456853428,35.351089588377725,2891
sig_squeeze,Squeeze,1,momentum,ranging,-0.0007094327274286354,0.061846920166783136,-0.011470785053087558,0.5934122029689375,-0.0032182630172515572,0.0019357898043001246,50.71527457314259,2167
sig_rvol_log,log(RVOL),1,momentum,ranging,-0.011922556947330942,0.10256755182786347,-0.11624102101354888,7.050653683116082e-08,-0.017031422113019418,-0.0070480394863286985,44.57274826789838,2165
sig_ma_align,MA 排列,1,momentum,ranging,-0.012213795640960562,0.14320959542560383,-0.08528615421796597,7.416645133684341e-05,-0.018011677906694598,-0.007304983487448582,47.39270881402861,2167
sig_macd_hist,MACD Hist,1,momentum,ranging,-0.013724790280375073,0.13612854442995292,-0.10082228042508291,2.8551313011604407e-06,-0.01840685666762451,-0.008774923812563102,45.13151822796493,2167
sig_supertrend,Supertrend,1,momentum,ranging,-0.015711286246197356,0.10981673702995653,-0.14306823050034284,3.4609870525059705e-11,-0.019662819318760297,-0.012091947222191864,45.269958467928014,2167
sig_obv_mom,OBV 動能,1,momentum,ranging,-0.019141498831621077,0.10592400623590294,-0.18070973249436129,0.0,-0.023748651233656114,-0.015296928919745935,43.5163820950623,2167
sig_vwap_dev,VWAP 偏離,1,momentum,ranging,-0.01927565805411453,0.1486650434617609,-0.12965830840437312,1.8565253778746182e-09,-0.025299343032970014,-0.013528361919592051,43.562528841716656,2167
sig_td_setup,TD Setup,1,momentum,ranging,-0.02318890195990567,0.10785546413085656,-0.21499978834425615,0.0,-0.028167416745308708,-0.018796036855906285,40.97831102907245,2167
sig_adx_dir,ADX×方向,1,momentum,ranging,-0.02367201694096554,0.1326753182571749,-0.17842065315479572,2.220446049250313e-16,-0.029619330517237114,-0.018473946718884443,43.39796860572484,2166
sig_bb_pos,BB %B,1,momentum,ranging,-0.025202774808125387,0.1261714792743066,-0.19975017296367426,0.0,-0.03134034278874891,-0.019802122113741612,40.83987078910937,2167
sig_rsi_dev,RSI 偏離,1,momentum,ranging,-0.025203102014968875,0.13421949250815507,-0.18777527424667884,0.0,-0.031681921184950904,-0.0196632427068762,42.50115366866636,2167
sig_ma20_dev,MA20 偏離,1,momentum,ranging,-0.027467208560918156,0.14814787575803806,-0.18540399867615293,0.0,-0.033653400062726074,-0.02174247228385807,41.024457775726816,2167
sig_kd_diff,KD 差,1,momentum,ranging,-0.028293706042494222,0.09818119216261555,-0.28817847307895716,0.0,-0.034105040236555986,-0.02324552797391824,37.978772496538994,2167
sig_efi,EFI,1,momentum,ranging,-0.03782191142390583,0.12367178520975244,-0.3058249006413088,0.0,-0.04359782881211796,-0.03288405478804005,37.978772496538994,2167
sig_atr_pct,ATR%,1,momentum,ranging,-0.04063682589155098,0.22681795826273973,-0.1791605312154269,0.0,-0.04858165506897659,-0.033190393074276334,43.97784956160591,2167
sig_squeeze,Squeeze,5,momentum,ranging,-0.0033034310849611977,0.06329238520552243,-0.05219318365446851,0.015264891923872481,-0.008624593463484152,0.0017083200332359124,48.01293900184843,2164
sig_macd_hist,MACD Hist,5,momentum,ranging,-0.006055456545118037,0.12588890282240775,-0.048101591239225486,0.02534671318355297,-0.016336938650642386,0.00406060645111437,48.890942698706105,2164
sig_rvol_log,log(RVOL),5,momentum,ranging,-0.008485832743463791,0.09152462806883642,-0.09271638598827768,1.6976892051046022e-05,-0.015507729041430971,-0.0013702082896455104,45.0508788159112,2162
sig_vwap_dev,VWAP 偏離,5,momentum,ranging,-0.01182830453025126,0.1366906970879993,-0.0865333543703884,5.8829760766876404e-05,-0.023679278291245266,-0.000622611568953148,47.966728280961185,2164
sig_td_setup,TD Setup,5,momentum,ranging,-0.013262061291582498,0.10109667445353787,-0.13118197372236504,1.234443658404416e-09,-0.021576171177863587,-0.005435224233667473,45.4713493530499,2164
sig_bb_pos,BB %B,5,momentum,ranging,-0.016280308588752346,0.11701927489841261,-0.13912501682210637,1.1933165566802018e-10,-0.027934487450867986,-0.006226282464509792,45.88724584103512,2164
sig_ma_align,MA 排列,5,momentum,ranging,-0.01653570736592323,0.1424383337426044,-0.11609028926022372,7.379004562935165e-08,-0.02961575322042017,-0.005372506801439097,47.874306839186694,2164
sig_supertrend,Supertrend,5,momentum,ranging,-0.017991025807535716,0.10257827604445531,-0.175388264467798,4.440892098500626e-16,-0.026419724426044316,-0.010381838538986141,42.42144177449168,2164
sig_rsi_dev,RSI 偏離,5,momentum,ranging,-0.018122985559957422,0.12712627967854098,-0.14255892334601683,4.179590007424849e-11,-0.03086828434653818,-0.007438532666395264,45.88724584103512,2164
sig_kd_diff,KD 差,5,momentum,ranging,-0.018305878049966084,0.08863507122479354,-0.20653086636032908,0.0,-0.023195087511024184,-0.013647114011319718,41.1275415896488,2164
sig_obv_mom,OBV 動能,5,momentum,ranging,-0.020729554603055197,0.09805270106158012,-0.2114123770036319,0.0,-0.029979988663562912,-0.012796885851083038,42.42144177449168,2164
sig_adx_dir,ADX×方向,5,momentum,ranging,-0.022622151736793262,0.12449721205609483,-0.1817080990263491,0.0,-0.0343061279499962,-0.012330259691366086,44.73197781885398,2164
sig_ma20_dev,MA20 偏離,5,momentum,ranging,-0.02316448322628978,0.13595831393429955,-0.17037930639154425,3.552713678800501e-15,-0.03513441165311371,-0.011359254945877629,45.84103512014787,2164
sig_efi,EFI,5,momentum,ranging,-0.036996405327689476,0.11494292055378698,-0.3218676291627477,0.0,-0.04782860496803274,-0.027158874469813007,38.40110905730129,2164
sig_atr_pct,ATR%,5,momentum,ranging,-0.04532256990331699,0.21620122806869613,-0.20963141749091324,0.0,-0.06264636035076214,-0.027592357093484458,41.40480591497228,2164
sig_rvol_log,log(RVOL),10,momentum,ranging,0.0050398628462757404,0.08501332348692808,0.059283211613891156,0.005948874794993841,-0.0025660441824768647,0.013183650167244468,51.692165044042646,2157
sig_td_setup,TD Setup,10,momentum,ranging,0.0047659404978268516,0.09503097970148806,0.050151440222942614,0.019882650273647995,-0.005035979402650921,0.014341122216381934,53.31171838814266,2159
sig_macd_hist,MACD Hist,10,momentum,ranging,0.003578623255647372,0.12464984422813918,0.028709408164984396,0.18234992052082344,-0.009448286652751079,0.016076286203327846,52.061139416396486,2159
sig_vwap_dev,VWAP 偏離,10,momentum,ranging,0.001667379265047367,0.13181714143559417,0.012649183914081827,0.5567650649479741,-0.012988803718561419,0.015314409617386695,54.0064844835572,2159
sig_bb_pos,BB %B,10,momentum,ranging,-0.003957277363600977,0.11082460446140938,-0.035707570379634915,0.09723013197788744,-0.016703139218387883,0.007868123018670316,50.20842982862437,2159
sig_kd_diff,KD 差,10,momentum,ranging,-0.004797162247625236,0.08271356232857972,-0.05799728741664521,0.007096716612385423,-0.008924945184398039,-0.00075409359977138,48.35572024085224,2159
sig_squeeze,Squeeze,10,momentum,ranging,-0.006298146740418583,0.06055035317079174,-0.1040150289900651,1.4391673928138005e-06,-0.01260392836005822,-0.00014152198135569934,46.96618805002316,2159
sig_rsi_dev,RSI 偏離,10,momentum,ranging,-0.0078871433259171,0.12067555763386738,-0.06535825050709015,0.0024190677692608187,-0.022200141585963066,0.005551276987731296,48.633626679018064,2159
sig_ma20_dev,MA20 偏離,10,momentum,ranging,-0.01273753456669483,0.13190961972570783,-0.09656259030373367,7.610606780117379e-06,-0.027349847896006165,0.0013609082769638627,49.282075034738305,2159
sig_adx_dir,ADX×方向,10,momentum,ranging,-0.016662998415231965,0.11822336109198504,-0.14094505740085606,7.217337838483218e-11,-0.030620313737802957,-0.0033790539120564446,46.132468735525705,2159
sig_ma_align,MA 排列,10,momentum,ranging,-0.020176636003863054,0.13877249250880788,-0.14539362692921612,1.8218981878703744e-11,-0.0374949537731837,-0.0052891570020041166,47.383047707271885,2159
sig_obv_mom,OBV 動能,10,momentum,ranging,-0.020296171093841023,0.09629640046826235,-0.21076770258437952,0.0,-0.032706830362058466,-0.009524020465754868,42.566002779064384,2159
sig_supertrend,Supertrend,10,momentum,ranging,-0.021178927760732772,0.0983442521681334,-0.21535501357541872,0.0,-0.03254730218352441,-0.01054895370267003,40.481704492820754,2159
sig_efi,EFI,10,momentum,ranging,-0.028162230479512877,0.1110717513332412,-0.2535498913222283,0.0,-0.04124904924630056,-0.017034499265936778,41.40805928670681,2159
sig_atr_pct,ATR%,10,momentum,ranging,-0.05090222989115892,0.2111508463805976,-0.24107045159273519,0.0,-0.07640854854220598,-0.026270330309330348,40.57433997220936,2159
sig_rvol_log,log(RVOL),20,momentum,ranging,0.005873391930827927,0.08058477201692223,0.07288463792631387,0.0007454427032300703,-0.002215740244493992,0.013898362457762204,52.21238938053098,2147
sig_td_setup,TD Setup,20,momentum,ranging,0.003778647848298095,0.09197073076147916,0.04108533026771096,0.056964855035115614,-0.005254317839286558,0.012683790742199936,51.37273150302466,2149
sig_kd_diff,KD 差,20,momentum,ranging,0.000478971586478004,0.08204129622351423,0.00583817672959589,0.7866922713342823,-0.003467013692382944,0.004195302653670559,50.069799906933454,2149
sig_vwap_dev,VWAP 偏離,20,momentum,ranging,-0.001395626845098259,0.12979120250771167,-0.010752861658827273,0.6182012248267563,-0.017344888679381644,0.014120239417112278,52.16379711493718,2149
sig_bb_pos,BB %B,20,momentum,ranging,-0.007394784532546076,0.10593892372076757,-0.069802337732231,0.0012312531832658902,-0.021081099603550334,0.005909723612520918,47.324336900884134,2149
sig_rsi_dev,RSI 偏離,20,momentum,ranging,-0.007972630787848338,0.11671942739605912,-0.0683059449974437,0.00156460541991299,-0.024051048330231205,0.00787314665852065,48.20846905537459,2149
sig_squeeze,Squeeze,20,momentum,ranging,-0.00801232064878648,0.05809566284704709,-0.13791598642881708,1.9840840081997158e-10,-0.014695271352204194,-0.0017453725691656567,46.81247091670544,2149
sig_macd_hist,MACD Hist,20,momentum,ranging,-0.008652881113425822,0.11975769377879762,-0.07225323768682795,0.0008236708708542206,-0.022322924913379054,0.003961851188896995,46.06793857608189,2149
sig_ma_align,MA 排列,20,momentum,ranging,-0.015705468531850585,0.1334504322342239,-0.1176876557753318,5.440083805652307e-08,-0.03632344060454411,0.002450720867692574,49.139134481154024,2149
sig_adx_dir,ADX×方向,20,momentum,ranging,-0.017225595571188877,0.11454247925440521,-0.15038608980105864,4.157119093406436e-12,-0.03331023213135629,-0.0016166692653838957,44.90460679385761,2149
sig_ma20_dev,MA20 偏離,20,momentum,ranging,-0.017833007160172172,0.1293518777562754,-0.13786430834636274,2.014832745089734e-10,-0.034017012902335275,-0.0014062755756299881,45.55607259190321,2149
sig_obv_mom,OBV 動能,20,momentum,ranging,-0.020952881283377134,0.09350319779195042,-0.22408732298117126,0.0,-0.03497179909834244,-0.008236129066087694,41.973010702652395,2149
sig_supertrend,Supertrend,20,momentum,ranging,-0.027866486208996892,0.09477584895769466,-0.2940251816835292,0.0,-0.04172338585867898,-0.014983785764747933,38.43648208469055,2149
sig_efi,EFI,20,momentum,ranging,-0.03443830180516395,0.10770124607022837,-0.3197576914078402,0.0,-0.04870156449254033,-0.021551999238092437,37.87808282922289,2149
sig_atr_pct,ATR%,20,momentum,ranging,-0.06221759819124747,0.21312909893163862,-0.2919244650454973,0.0,-0.09453517217460344,-0.031149920303286796,37.45928338762215,2149
sig_squeeze,Squeeze,1,momentum,trending,0.0037511249393912265,0.05952373732473534,0.06301897542028885,0.49866933521758217,-0.00763749659952583,0.015692647458012916,55.172413793103445,116
sig_ma_align,MA 排列,1,momentum,trending,-0.01185557560031584,0.1371818091996385,-0.08642235927259577,0.3539083009382691,-0.03535040228288331,0.015876525627932007,42.241379310344826,116
sig_rvol_log,log(RVOL),1,momentum,trending,-0.013919358131486299,0.10347075899812684,-0.13452455810958422,0.15187085516842957,-0.04048481183626052,0.012404260712818964,45.21739130434783,115
sig_macd_hist,MACD Hist,1,momentum,trending,-0.014737072528368863,0.1166158276029559,-0.12637283318474102,0.1761504933011968,-0.04246373919088147,0.002420412375945771,43.96551724137931,116
sig_obv_mom,OBV 動能,1,momentum,trending,-0.01690842693189616,0.11606161148958537,-0.14568492298948835,0.11937805021443992,-0.028722053279304636,0.0009725907617257176,47.41379310344828,116
sig_supertrend,Supertrend,1,momentum,trending,-0.018827122604372217,0.09691429701339846,-0.19426568818602025,0.038611195238266394,-0.027953629628145668,-0.005088407514790033,45.689655172413794,116
sig_vwap_dev,VWAP 偏離,1,momentum,trending,-0.01949841375409072,0.13266735853307463,-0.14697220152483603,0.11618169731125882,-0.03995663901525625,-0.004609826545176878,43.103448275862064,116
sig_ma20_dev,MA20 偏離,1,momentum,trending,-0.023960501408347986,0.13120819012808307,-0.18261437327165458,0.051612980055931734,-0.04160737855189101,-0.011910549475720537,44.827586206896555,116
sig_rsi_dev,RSI 偏離,1,momentum,trending,-0.0252951126205185,0.1269950989425856,-0.1991818017477541,0.03403585836572365,-0.04611828881824347,-0.015592410833207324,41.37931034482759,116
sig_bb_pos,BB %B,1,momentum,trending,-0.025841752166549405,0.12264089198774805,-0.21071073234799223,0.025106704279205694,-0.047468682061992,-0.016894275663055815,39.6551724137931,116
sig_adx_dir,ADX×方向,1,momentum,trending,-0.026329735723279072,0.1253918787549308,-0.20997959345308642,0.025604910025055716,-0.04338782970445782,-0.012474820886926417,42.241379310344826,116
sig_kd_diff,KD 差,1,momentum,trending,-0.031046501238884344,0.10650822884791226,-0.2914939209365409,0.0021510903647561364,-0.0542919869832237,-0.015994669852164616,30.17241379310345,116
sig_efi,EFI,1,momentum,trending,-0.03475576539872491,0.12809420385380904,-0.27132972728719923,0.004184051973475933,-0.05052779813822084,-0.022210618710056296,39.6551724137931,116
sig_td_setup,TD Setup,1,momentum,trending,-0.034758592974087024,0.1071580775349054,-0.32436745575959824,0.0006775771882188142,-0.05511998941112822,-0.026299582745021616,38.793103448275865,116
sig_atr_pct,ATR%,1,momentum,trending,-0.05420037018027453,0.22082044651731172,-0.24544996188124893,0.00934803093376102,-0.08463946148135237,-0.015283584046959488,44.827586206896555,116
sig_macd_hist,MACD Hist,5,momentum,trending,0.013195158367444613,0.13559389026309263,0.09731381216249542,0.29678947102069264,-0.03697963281180201,0.038378655989718395,52.58620689655172,116
sig_rvol_log,log(RVOL),5,momentum,trending,0.011636800216212686,0.0977318232782259,0.11906869048257386,0.20424307623557048,-0.022392684586584808,0.041663003921169915,54.78260869565217,115
sig_squeeze,Squeeze,5,momentum,trending,0.0080316164445791,0.05596808635710902,0.1435035029308078,0.124953534533645,-0.015046298915306393,0.02542172151957301,53.44827586206896,116
sig_vwap_dev,VWAP 偏離,5,momentum,trending,0.0047587151297604595,0.14152944648390123,0.03362349848730424,0.7179148890483282,-0.043823886983471706,0.03585083298218988,51.724137931034484,116
sig_bb_pos,BB %B,5,momentum,trending,-0.00787099001158998,0.13124226823855245,-0.05997298063519657,0.5196123326424837,-0.05815603039217641,0.020150260617055025,50.86206896551724,116
sig_ma20_dev,MA20 偏離,5,momentum,trending,-0.008294231884054466,0.13981998518438085,-0.05932078932147538,0.5241555708703798,-0.0546836313834833,0.02443850253745069,47.41379310344828,116
sig_rsi_dev,RSI 偏離,5,momentum,trending,-0.008569540937563092,0.13325530718861694,-0.06430919051826799,0.4899373465822521,-0.06426971024482807,0.02807917256441791,49.137931034482754,116
sig_td_setup,TD Setup,5,momentum,trending,-0.013046352501085365,0.12178861350570541,-0.10712292492330726,0.25099519025112604,-0.05995219409206554,0.006095055742366513,43.103448275862064,116
sig_obv_mom,OBV 動能,5,momentum,trending,-0.015126447795255548,0.12080242710100597,-0.1252164228671328,0.180108249692156,-0.04416629881604737,0.028411187956856418,38.793103448275865,116
sig_adx_dir,ADX×方向,5,momentum,trending,-0.018579719564786806,0.1310182858171512,-0.14181012557832284,0.12942184062137585,-0.06727997954516506,0.02405585418597591,43.96551724137931,116
sig_kd_diff,KD 差,5,momentum,trending,-0.02530390086197818,0.10693511208205651,-0.23662855323479967,0.012134481684732856,-0.04492475703145868,-0.016106282839138602,42.241379310344826,116
sig_efi,EFI,5,momentum,trending,-0.02633169000081246,0.12652968963060243,-0.20810680937957415,0.026920755236312877,-0.07106371793047825,0.007050183083515393,41.37931034482759,116
sig_ma_align,MA 排列,5,momentum,trending,-0.028681032149782498,0.13230519615841707,-0.21677933280444217,0.021289365843001562,-0.08500450721438862,0.038082814330517196,36.206896551724135,116
sig_supertrend,Supertrend,5,momentum,trending,-0.03285684313025599,0.1015950744718034,-0.32340980407839603,0.000701612125119766,-0.05729722806393832,-0.001057103192243127,35.3448275862069,116
sig_atr_pct,ATR%,5,momentum,trending,-0.0786145124353112,0.22653676614039372,-0.34702760957835294,0.0002909869888008121,-0.13491477465533255,0.004726224072030467,34.48275862068966,116
sig_macd_hist,MACD Hist,10,momentum,trending,0.036976591131012114,0.12920038494329475,0.2861956730797738,0.0025703302192991995,-0.020706983935653754,0.06943955333765604,68.10344827586206,116
sig_rvol_log,log(RVOL),10,momentum,trending,0.027884944870030095,0.10393946615316364,0.26828062431010813,0.0047938358154158145,-0.01674771497645291,0.06457780501411592,60.86956521739131,115
sig_vwap_dev,VWAP 偏離,10,momentum,trending,0.023418585027576565,0.12364427303623272,0.1894029092695137,0.04364820459338703,-0.024259070040446994,0.05373545236755259,59.48275862068966,116
sig_td_setup,TD Setup,10,momentum,trending,0.010772172090046613,0.11048168578630146,0.097501880183858,0.295861345451478,-0.027096099309763717,0.023474195199171096,52.58620689655172,116
sig_kd_diff,KD 差,10,momentum,trending,0.008458424059649172,0.10774216421229786,0.07850616442957728,0.39956676364379673,-0.012938239590842027,0.023880852064406516,56.03448275862068,116
sig_bb_pos,BB %B,10,momentum,trending,0.008145346459549143,0.1151375229514441,0.07074449971434774,0.44765471164640447,-0.035482179039140624,0.035521513299848165,50.0,116
sig_squeeze,Squeeze,10,momentum,trending,0.005067669280003166,0.04702984335005306,0.10775433042129086,0.2482286274299932,-0.014547454843991567,0.018479918963321323,59.48275862068966,116
sig_ma20_dev,MA20 偏離,10,momentum,trending,0.0022465919526094167,0.11745125083382327,0.01912786740592506,0.8371446837661036,-0.03981675970616347,0.03449666195657639,45.689655172413794,116
sig_rsi_dev,RSI 偏離,10,momentum,trending,-0.0031066522931931188,0.10975196912558555,-0.028306118951162317,0.7610190903106793,-0.049320215581410594,0.03123112096101375,46.55172413793103,116
sig_obv_mom,OBV 動能,10,momentum,trending,-0.01868454207983985,0.0982326108310106,-0.190207120850965,0.04277826838416643,-0.038058586163399875,0.023815445842961008,37.06896551724138,116
sig_efi,EFI,10,momentum,trending,-0.018899418278545566,0.0999335716887866,-0.18911981188265928,0.04395801952477463,-0.0555978168940171,0.012851322141677966,41.37931034482759,116
sig_adx_dir,ADX×方向,10,momentum,trending,-0.023923504923915432,0.10502599554289353,-0.22778650942799075,0.015654300577298663,-0.0610943079326721,0.015565367579721497,40.51724137931034,116
sig_supertrend,Supertrend,10,momentum,trending,-0.044726997980894564,0.08920472641153095,-0.5013971768104989,3.632677956222352e-07,-0.07406086909646871,-0.0002119052620267161,27.586206896551722,116
sig_ma_align,MA 排列,10,momentum,trending,-0.06127745711416031,0.1172183247224349,-0.5227634609116041,1.2913402613889957e-07,-0.11574656619383132,0.016094897391676362,27.586206896551722,116
sig_atr_pct,ATR%,10,momentum,trending,-0.08875732848043638,0.2190931316044215,-0.4051123274858753,2.8116762285090857e-05,-0.1651050346985754,0.04348003272096388,29.310344827586203,116
sig_kd_diff,KD 差,20,momentum,trending,0.019036932390554935,0.09480485988664944,0.20080122910698742,0.03263520173759771,0.00140158951729588,0.033822994067526486,61.206896551724135,116
sig_rvol_log,log(RVOL),20,momentum,trending,0.014784141551287683,0.10225840284781373,0.14457630023119186,0.12381537114143293,-0.029233419774912024,0.06917455804836377,63.47826086956522,115
sig_squeeze,Squeeze,20,momentum,trending,0.007602487644784139,0.03927016037413332,0.1935945148263715,0.03927520019428843,-0.005936535489001642,0.019324271054018797,52.58620689655172,116
sig_macd_hist,MACD Hist,20,momentum,trending,0.005041834196163939,0.12157104034391641,0.041472329116382683,0.6559528910811321,-0.04044035880898837,0.050044006592880906,60.3448275862069,116
sig_td_setup,TD Setup,20,momentum,trending,0.002386986075575152,0.10968652645890854,0.02176188956507233,0.8151046506562076,-0.032537652026639885,0.030406201201961545,56.896551724137936,116
sig_vwap_dev,VWAP 偏離,20,momentum,trending,-0.006803457588468775,0.11386010022232346,-0.05975278060694071,0.5211439659745141,-0.05140559478234219,0.03394426678951339,57.758620689655174,116
sig_bb_pos,BB %B,20,momentum,trending,-0.0218943305739396,0.1037093390166081,-0.21111243000433572,0.02483661819654337,-0.06337072173938033,0.016232766785333974,45.689655172413794,116
sig_rsi_dev,RSI 偏離,20,momentum,trending,-0.033654984016610504,0.10005044818690312,-0.33638014248312015,0.00043497486782007044,-0.08635181721710683,0.013055967497416894,40.51724137931034,116
sig_ma20_dev,MA20 偏離,20,momentum,trending,-0.035384880619785716,0.10709916089713477,-0.33039363075656336,0.0005432422436248974,-0.07260808977858993,0.00548133200993551,34.48275862068966,116
sig_obv_mom,OBV 動能,20,momentum,trending,-0.04740376677687209,0.06777878200710327,-0.6993894751886237,1.2268630555922755e-11,-0.0646867650717151,-0.020181544269546176,21.551724137931032,116
sig_supertrend,Supertrend,20,momentum,trending,-0.04767148325652547,0.07385651105047135,-0.6454608074289915,2.3216939482040289e-10,-0.07536244467334433,-0.005406938106157229,22.413793103448278,116
sig_adx_dir,ADX×方向,20,momentum,trending,-0.05460390055171217,0.0981910984356284,-0.5560982759298605,2.4628369788004534e-08,-0.09435130120063054,-0.0072279159975668665,30.17241379310345,116
sig_efi,EFI,20,momentum,trending,-0.05706400051644872,0.08633773885010709,-0.6609392517855815,1.0066991684709592e-10,-0.07891014040392726,-0.024306700479151143,25.0,116
sig_ma_align,MA 排列,20,momentum,trending,-0.07253007603393176,0.09467760415237181,-0.7660742652211988,2.937650123158164e-13,-0.12207762992959822,-0.009439871740186519,29.310344827586203,116
sig_atr_pct,ATR%,20,momentum,trending,-0.09959886698291909,0.22342040348009637,-0.4457912770343374,4.785948738650347e-06,-0.19582847222014857,0.04932593622026035,28.448275862068968,116
sig_squeeze,Squeeze,1,momentum,volatile,0.004641086107172561,0.07028936219346535,0.06602828596450165,0.15296469692185943,-0.0001943984501694373,0.009036923990155078,54.8936170212766,470
sig_ma_align,MA 排列,1,momentum,volatile,-0.011445330497214568,0.14346334950621503,-0.0797787765070879,0.08436639074109831,-0.025474067617980038,0.0003232408399290803,47.02127659574468,470
sig_macd_hist,MACD Hist,1,momentum,volatile,-0.014925714407931827,0.12138413220441605,-0.12296264871586583,0.007946435242138339,-0.02289330756416582,-0.007226226174738434,45.744680851063826,470
sig_supertrend,Supertrend,1,momentum,volatile,-0.0155922707619949,0.09277538557439273,-0.1680647368422102,0.00029891631050427137,-0.022634938811231665,-0.008297764249237793,46.170212765957444,470
sig_obv_mom,OBV 動能,1,momentum,volatile,-0.020631875410792335,0.1098930754308418,-0.1877449996726722,5.511642583666543e-05,-0.030649639768447135,-0.01202730700849426,43.829787234042556,470
sig_rvol_log,log(RVOL),1,momentum,volatile,-0.022575761994657394,0.09192471951687818,-0.24558967504396123,1.6235616029369737e-07,-0.03370395292419693,-0.010456662387798906,40.298507462686565,469
sig_vwap_dev,VWAP 偏離,1,momentum,volatile,-0.025010060993346166,0.1466614166462543,-0.17052924733210614,0.00024396141630478319,-0.03782767066666402,-0.01357174215537576,42.765957446808514,470
sig_adx_dir,ADX×方向,1,momentum,volatile,-0.02572145855393308,0.1297527454357542,-0.19823440704511955,2.1005361170667314e-05,-0.03762798784518638,-0.015196116977606,42.5531914893617,470
sig_ma20_dev,MA20 偏離,1,momentum,volatile,-0.02957121901251142,0.14726126927873492,-0.20080785095325546,1.646791659659641e-05,-0.042465000473780275,-0.017157073609437145,41.48936170212766,470
sig_rsi_dev,RSI 偏離,1,momentum,volatile,-0.029739606978922604,0.13488447364985984,-0.22048206271777604,2.350310446486148e-06,-0.04353369137468291,-0.016861413001724366,40.85106382978723,470
sig_td_setup,TD Setup,1,momentum,volatile,-0.03028571486215244,0.09855918142250505,-0.3072845616718666,7.599054718809839e-11,-0.03952011689044782,-0.02238913048058104,35.53191489361702,470
sig_bb_pos,BB %B,1,momentum,volatile,-0.031143411709519613,0.12224603101115632,-0.25476010510866753,5.528689905887063e-08,-0.04334063116098472,-0.019380610062328427,38.297872340425535,470
sig_atr_pct,ATR%,1,momentum,volatile,-0.04112488874807097,0.20490676260992385,-0.20070049530946643,1.663682985197923e-05,-0.054808344291995166,-0.02669522781716122,42.340425531914896,470
sig_efi,EFI,1,momentum,volatile,-0.04147017612745949,0.13242264743637489,-0.31316528501957847,3.419442506924497e-11,-0.053113508116399345,-0.03125141851031133,37.87234042553192,470
sig_kd_diff,KD 差,1,momentum,volatile,-0.058997380675522244,0.09477274392594642,-0.6225142190841456,0.0,-0.06754873238645887,-0.05136178980357884,25.319148936170212,470
sig_squeeze,Squeeze,5,momentum,volatile,0.007325817943613599,0.06750025566861338,0.10853022512357677,0.019040812010511,-0.0006276927043539971,0.015824551327169936,53.61702127659574,470
sig_macd_hist,MACD Hist,5,momentum,volatile,0.001172004766645172,0.11210796405036445,0.010454250744564849,0.8208002913861057,-0.014861215498519084,0.020027827377613657,50.212765957446805,470
sig_rvol_log,log(RVOL),5,momentum,volatile,-0.003000912333176567,0.08635364359926587,-0.03475142690101937,0.4520740537819101,-0.01687268329595426,0.014863452564452716,48.61407249466951,469
sig_vwap_dev,VWAP 偏離,5,momentum,volatile,-0.0030075655193918392,0.13968627839903616,-0.021530858677473303,0.6408755498004042,-0.026321482748590398,0.021630099771296672,48.723404255319146,470
sig_bb_pos,BB %B,5,momentum,volatile,-0.01359849089188238,0.11832595861933094,-0.11492398667675607,0.013065271200839224,-0.03672794679416639,0.012833384961015468,44.8936170212766,470
sig_ma20_dev,MA20 偏離,5,momentum,volatile,-0.01362587541387484,0.14241660991568622,-0.09567616742135386,0.03860482464589565,-0.03825231553191476,0.012803771468253978,46.808510638297875,470
sig_rsi_dev,RSI 偏離,5,momentum,volatile,-0.013796243770458147,0.1342064341040521,-0.10279867625244947,0.02631224471988758,-0.040568477661110484,0.015326034085002733,45.95744680851064,470
sig_ma_align,MA 排列,5,momentum,volatile,-0.015233527540740399,0.14790801417656887,-0.10299325310767134,0.02603060727394846,-0.045053243993304445,0.011900030869306372,45.31914893617021,470
sig_td_setup,TD Setup,5,momentum,volatile,-0.019076174103465928,0.09456505023216866,-0.20172541606684086,1.5089618583319364e-05,-0.033909285161943366,-0.0020433599894237866,41.702127659574465,470
sig_obv_mom,OBV 動能,5,momentum,volatile,-0.01975998122196288,0.10595716227517221,-0.18649028340949655,6.16759298834868e-05,-0.04414067739279226,-0.00028444742247481653,43.829787234042556,470
sig_supertrend,Supertrend,5,momentum,volatile,-0.022736204390454116,0.0913191108722026,-0.24897531495102396,1.0741057154817213e-07,-0.04023876028898492,-0.006868219308591823,39.57446808510638,470
sig_adx_dir,ADX×方向,5,momentum,volatile,-0.023381710770740916,0.12848123456572713,-0.1819854148333198,9.187294652401867e-05,-0.04970933787800433,0.001603648229836647,42.12765957446808,470
sig_kd_diff,KD 差,5,momentum,volatile,-0.031308655155444814,0.08573782910134305,-0.36516734192602013,1.7763568394002505e-14,-0.04257593530473503,-0.020309045832246787,38.93617021276596,470
sig_efi,EFI,5,momentum,volatile,-0.03874002174895476,0.12037022609070842,-0.32184056645171627,1.0303757846941153e-11,-0.06191035466821563,-0.015195785601140125,37.234042553191486,470
sig_atr_pct,ATR%,5,momentum,volatile,-0.05279553619612453,0.20397216679109823,-0.2588369630362168,3.4362896750295135e-08,-0.0887242914957653,-0.020644007168827087,39.361702127659576,470
sig_rvol_log,log(RVOL),10,momentum,volatile,0.02245223634883541,0.08558276937801812,0.2623452888006479,2.3501853574359188e-08,0.004788726550770315,0.04451528465735334,61.407249466950965,469
sig_vwap_dev,VWAP 偏離,10,momentum,volatile,0.022099250789056946,0.13376275960896275,0.1652122822051601,0.0003769901860102287,-0.011104821465060005,0.0539950737721558,57.87234042553191,470
sig_macd_hist,MACD Hist,10,momentum,volatile,0.02040728740209849,0.10770137443786827,0.1894802875878917,4.712926828753794e-05,-0.0019458432469584134,0.04498523140125213,58.08510638297872,470
sig_td_setup,TD Setup,10,momentum,volatile,0.015182735270693297,0.0970575556931788,0.15643022495527711,0.0007543747887499563,-0.0054468172546455074,0.03710223426801376,55.74468085106383,470
sig_squeeze,Squeeze,10,momentum,volatile,0.010342485711224448,0.06792379077945139,0.15226602627062596,0.0010367241441089359,-0.00096341584172991,0.021905458352216026,54.8936170212766,470
sig_bb_pos,BB %B,10,momentum,volatile,0.010331884747906249,0.12145948695684011,0.08506445240936693,0.06579130708910252,-0.021676944156333384,0.040429634069971125,51.276595744680854,470
sig_rsi_dev,RSI 偏離,10,momentum,volatile,0.005192785982183954,0.1377800972705837,0.03768894118274529,0.4142994102715756,-0.03350385002841689,0.040346819303306906,51.48936170212765,470
sig_ma20_dev,MA20 偏離,10,momentum,volatile,0.004906078739304195,0.1357900223937215,0.036129891230734755,0.43385959502443994,-0.03165824274570741,0.037218396201308346,52.12765957446809,470
sig_kd_diff,KD 差,10,momentum,volatile,-0.011471825710644772,0.08155794105332463,-0.1406585988131334,0.0024226693531579357,-0.01954581639601492,-0.0023565391871234196,44.25531914893617,470
sig_adx_dir,ADX×方向,10,momentum,volatile,-0.012323116563706608,0.13209625975796827,-0.09328891360198605,0.04369636369243657,-0.05133578377713603,0.017543521493331552,47.02127659574468,470
sig_ma_align,MA 排列,10,momentum,volatile,-0.013549101701026824,0.1497652629804733,-0.09046892070555362,0.05043298487707326,-0.05390870469176474,0.02069976312076827,45.95744680851064,470
sig_obv_mom,OBV 動能,10,momentum,volatile,-0.019402096144376522,0.11092194317440962,-0.17491666291735777,0.00016889210739545746,-0.05085778454763257,0.004413892369501626,42.97872340425532,470
sig_efi,EFI,10,momentum,volatile,-0.02252078810234544,0.11975471954738312,-0.18805762468037582,5.358839638192059e-05,-0.055618681249865076,0.004303735561190627,46.38297872340426,470
sig_supertrend,Supertrend,10,momentum,volatile,-0.029100933728218047,0.08734027657515167,-0.33319030886258116,2.064570736592941e-12,-0.053252749142909235,-0.006399932437346886,35.1063829787234,470
sig_atr_pct,ATR%,10,momentum,volatile,-0.06634901546254408,0.1978289248922907,-0.3353858162989475,1.5054624213917123e-12,-0.11797273809073396,-0.02361127429320352,34.46808510638298,470
sig_rvol_log,log(RVOL),20,momentum,volatile,0.02564555205938997,0.07664132637976,0.33461780048423895,1.7752466163756253e-12,0.012376415805815206,0.04170734797406096,60.3411513859275,469
sig_vwap_dev,VWAP 偏離,20,momentum,volatile,0.023437927904879686,0.12342198116016541,0.18990075904278472,4.536672203014902e-05,-0.010552521364128572,0.057767796704276175,57.87234042553191,470
sig_td_setup,TD Setup,20,momentum,volatile,0.017203575763551162,0.09748346968264386,0.17647685109646974,0.0001479108869246737,-0.004361744538348574,0.03929247594852629,60.21276595744681,470
sig_bb_pos,BB %B,20,momentum,volatile,0.01215713562000781,0.11858980274557993,0.102514173550735,0.026728797644341107,-0.021835049656859062,0.04326583128997876,52.97872340425533,470
sig_macd_hist,MACD Hist,20,momentum,volatile,0.010406418027467269,0.10157369160187443,0.10245190327684447,0.02682072862282192,-0.00728476042250919,0.03117822317332955,54.25531914893617,470
sig_rsi_dev,RSI 偏離,20,momentum,volatile,0.0066593624730296504,0.13888307635550876,0.04794941650041804,0.2990992232595633,-0.0385076522542692,0.04547418604879779,52.34042553191489,470
sig_kd_diff,KD 差,20,momentum,volatile,0.004575440394685277,0.08202468579223252,0.05578126085450433,0.22715343736482008,-0.0014604907012876255,0.014017833513981476,54.46808510638298,470
sig_squeeze,Squeeze,20,momentum,volatile,0.0035629860055201665,0.06199478820823915,0.05747234741011089,0.21339714929319853,-0.007015580738241285,0.01626029378417293,52.34042553191489,470
sig_ma20_dev,MA20 偏離,20,momentum,volatile,0.0029561814698963176,0.12722782812007655,0.02323533706090069,0.6146875720812253,-0.032890601010752696,0.03696022209811524,50.638297872340424,470
sig_ma_align,MA 排列,20,momentum,volatile,-0.007838472959796733,0.15644240458342337,-0.050104528760402965,0.27793066700946545,-0.06151552658288345,0.03405571194948522,49.361702127659576,470
sig_adx_dir,ADX×方向,20,momentum,volatile,-0.012960527550996257,0.13434417859053918,-0.09647256536882028,0.03702284510906306,-0.05769651650306516,0.024670475876713074,47.87234042553192,470
sig_efi,EFI,20,momentum,volatile,-0.02177200673903887,0.12135656379463339,-0.17940526707630516,0.00011500522059848528,-0.05855770623133748,0.009039878431102516,44.680851063829785,470
sig_obv_mom,OBV 動能,20,momentum,volatile,-0.023579605216955724,0.11029762168465489,-0.2137816288040255,4.6397135375908505e-06,-0.05808323625475724,0.004850178774682047,42.12765957446808,470
sig_supertrend,Supertrend,20,momentum,volatile,-0.0317890107632644,0.09057264559206941,-0.35097805253960546,1.525446435834965e-13,-0.061608350360586886,-0.005320840739655828,32.340425531914896,470
sig_atr_pct,ATR%,20,momentum,volatile,-0.06572166639658333,0.1983916425593944,-0.3312723537580854,2.717381875072533e-12,-0.12993471089442238,-0.010198388097636773,35.53191489361702,470
