score,label,horizon,universe,top_n,direction,mean_ret,std_ret,sharpe_proxy,win_rate,n_days
combo_all_equal,全 15 指標等權（方向 flipped）,60,all,10,top,0.028480786128203494,0.10367086746241042,4.361094630533494,0.5966129927817879,3602
combo_all_equal,全 15 指標等權（方向 flipped）,60,all,10,bot,0.06540875827463163,0.17646973061325252,5.883909065611191,0.6207662409772349,3602
combo_all_equal,全 15 指標等權（方向 flipped）,60,all,20,top,0.028123208322146286,0.09367854280553328,4.765681428934407,0.6254858411993337,3602
combo_all_equal,全 15 指標等權（方向 flipped）,60,all,20,bot,0.06348178817250487,0.14948551069222185,6.741403504929873,0.6682398667406996,3602
combo_all_equal,全 15 指標等權（方向 flipped）,60,all,50,top,0.028188893298672222,0.08881148129122397,5.038591879209543,0.6423215773396279,3601
combo_all_equal,全 15 指標等權（方向 flipped）,60,all,50,bot,0.0572062650458661,0.12384935067488849,7.332467223515137,0.6939738961399611,3601
combo_all_equal,全 15 指標等權（方向 flipped）,60,momentum,10,top,0.010939476899208255,0.09852593176680838,1.7625695994599953,0.5447211504735181,2851
combo_all_equal,全 15 指標等權（方向 flipped）,60,momentum,10,bot,0.06814955637256588,0.19184271079968693,5.639206536529424,0.6246930901438091,2851
combo_all_equal,全 15 指標等權（方向 flipped）,60,momentum,20,top,0.012432946541710526,0.09452187950607184,2.088055259904996,0.549631708172571,2851
combo_all_equal,全 15 指標等權（方向 flipped）,60,momentum,20,bot,0.061774454826608,0.15914280641278497,6.1620068867153615,0.6545071904594879,2851
combo_all_equal,全 15 指標等權（方向 flipped）,60,momentum,50,top,0.0145472717689585,0.09185652236626919,2.5140379167632156,0.573482988425114,2851
combo_all_equal,全 15 指標等權（方向 flipped）,60,momentum,50,bot,0.05243962092933943,0.13159328256078923,6.325954932909511,0.6671343388284813,2851
combo_3group_median_raw,現行 scanner: 3-group median（未 flip）,60,all,10,top,0.058905502326975265,0.16177066385688657,5.780379691649956,0.6307563494278537,3583
combo_3group_median_raw,現行 scanner: 3-group median（未 flip）,60,all,10,bot,0.03314262678021793,0.13463908137799144,3.9076535887693447,0.5651688529165504,3583
combo_3group_median_raw,現行 scanner: 3-group median（未 flip）,60,all,20,top,0.05496153879817965,0.1343072522129215,6.4962045282356415,0.6569913480323751,3583
combo_3group_median_raw,現行 scanner: 3-group median（未 flip）,60,all,20,bot,0.02739677128700762,0.11501876758475969,3.781211279183013,0.5740999162712811,3583
combo_3group_median_raw,現行 scanner: 3-group median（未 flip）,60,all,50,top,0.05050036195648714,0.1133518109563843,7.072391577776738,0.690675600223339,3582
combo_3group_median_raw,現行 scanner: 3-group median（未 flip）,60,all,50,bot,0.023899833211509867,0.10371391943484341,3.6581212279786066,0.5971524288107203,3582
combo_3group_median_raw,現行 scanner: 3-group median（未 flip）,60,momentum,10,top,0.05556693072529197,0.1647574478741639,5.353916865617967,0.6204840406874781,2851
combo_3group_median_raw,現行 scanner: 3-group median（未 flip）,60,momentum,10,bot,0.006825375770768561,0.12582274500718593,0.8611279411995697,0.48789898281304805,2851
combo_3group_median_raw,現行 scanner: 3-group median（未 flip）,60,momentum,20,top,0.05070098848526563,0.14013662067654947,5.743347004211428,0.6502981410031567,2851
combo_3group_median_raw,現行 scanner: 3-group median（未 flip）,60,momentum,20,bot,0.009930683551554643,0.1151577525474945,1.3689457346151506,0.5149070501578393,2851
combo_3group_median_raw,現行 scanner: 3-group median（未 flip）,60,momentum,50,top,0.04769714480627873,0.12068548890505859,6.2739000960351605,0.6632760434935111,2851
combo_3group_median_raw,現行 scanner: 3-group median（未 flip）,60,momentum,50,bot,0.013383309883687725,0.10430406526127715,2.036866516129705,0.5485794458084883,2851
combo_3group_median_flip,現行 scanner: 3-group median（方向 flipped）,60,all,10,top,0.034047057889428196,0.12507476954810318,4.321257518569433,0.5805191180574937,3583
combo_3group_median_flip,現行 scanner: 3-group median（方向 flipped）,60,all,10,bot,0.0649922229801416,0.15661534192575888,6.587602097381635,0.6472229974881384,3583
combo_3group_median_flip,現行 scanner: 3-group median（方向 flipped）,60,all,20,top,0.03079482528558335,0.10911978768393772,4.479963777568652,0.6053586380128384,3583
combo_3group_median_flip,現行 scanner: 3-group median（方向 flipped）,60,all,20,bot,0.059324217410481724,0.13087357864810437,7.195820315131405,0.6795981021490372,3583
combo_3group_median_flip,現行 scanner: 3-group median（方向 flipped）,60,all,50,top,0.027193328503600084,0.09965280958134565,4.331846829579685,0.6211613623673925,3582
combo_3group_median_flip,現行 scanner: 3-group median（方向 flipped）,60,all,50,bot,0.05411334639501512,0.11211725807512352,7.661824395033264,0.7018425460636516,3582
combo_3group_median_flip,現行 scanner: 3-group median（方向 flipped）,60,momentum,10,top,0.011598098289119957,0.11638855698075677,1.5818917881782086,0.5271834444054717,2851
combo_3group_median_flip,現行 scanner: 3-group median（方向 flipped）,60,momentum,10,bot,0.061223297538899796,0.17509100885632994,5.550768852927961,0.6176780077165906,2851
combo_3group_median_flip,現行 scanner: 3-group median（方向 flipped）,60,momentum,20,top,0.014379892258465293,0.1082779271672435,2.1082201954441415,0.5489301999298491,2851
combo_3group_median_flip,現行 scanner: 3-group median（方向 flipped）,60,momentum,20,bot,0.05736321600717658,0.14904644545772228,6.10959101339664,0.6499473868817959,2851
combo_3group_median_flip,現行 scanner: 3-group median（方向 flipped）,60,momentum,50,top,0.01545067437180464,0.10022343605033755,2.447250478750465,0.5615573482988425,2851
combo_3group_median_flip,現行 scanner: 3-group median（方向 flipped）,60,momentum,50,bot,0.050418076089109615,0.12582325217774493,6.361003484110077,0.668186601192564,2851
combo_rvol_lowatr,低波動放量 (RVOL - ATR%),60,all,10,top,0.03338413851577778,0.0632301812045031,8.38138938377016,0.7242534189226905,3583
combo_rvol_lowatr,低波動放量 (RVOL - ATR%),60,all,10,bot,0.03190763412040991,0.16081233190295233,3.1497459358274726,0.5308400781468043,3583
combo_rvol_lowatr,低波動放量 (RVOL - ATR%),60,all,20,top,0.03199894709210206,0.053497010460814204,9.49525091129666,0.7585821936924365,3583
combo_rvol_lowatr,低波動放量 (RVOL - ATR%),60,all,20,bot,0.03236530807786391,0.13852829738603828,3.7088692157122347,0.5679598102149037,3583
combo_rvol_lowatr,低波動放量 (RVOL - ATR%),60,all,50,top,0.03106251324871081,0.05054721767955754,9.75527701727189,0.7721943048576214,3582
combo_rvol_lowatr,低波動放量 (RVOL - ATR%),60,all,50,bot,0.03065721051062329,0.12228624404075815,3.9797454998305555,0.6074818537130094,3582
combo_rvol_lowatr,低波動放量 (RVOL - ATR%),60,momentum,10,top,0.025158439523208138,0.05880545101068587,6.791510638097643,0.7092248333917923,2851
combo_rvol_lowatr,低波動放量 (RVOL - ATR%),60,momentum,10,bot,0.03014545486728536,0.17001942023849734,2.814644702089131,0.5184145913714486,2851
combo_rvol_lowatr,低波動放量 (RVOL - ATR%),60,momentum,20,top,0.025005389985033395,0.05691294003763234,6.97465742864502,0.7141353910908453,2851
combo_rvol_lowatr,低波動放量 (RVOL - ATR%),60,momentum,20,bot,0.03217491639952822,0.15256436957411246,3.347839111520438,0.5534900035075412,2851
combo_rvol_lowatr,低波動放量 (RVOL - ATR%),60,momentum,50,top,0.02556699590000516,0.059383436900358674,6.834624244055476,0.7236057523675903,2851
combo_rvol_lowatr,低波動放量 (RVOL - ATR%),60,momentum,50,bot,0.03126720708435594,0.1348231427545433,3.6815009254325557,0.5801473167309716,2851
combo_rvol_meanrev,RVOL + 均值回歸 composite,60,all,10,top,0.03734645408316826,0.11178350487548376,5.303614158326148,0.6207089031537818,3583
combo_rvol_meanrev,RVOL + 均值回歸 composite,60,all,10,bot,0.04241609009317821,0.12113988241600315,5.558322679671098,0.6031258721741557,3583
combo_rvol_meanrev,RVOL + 均值回歸 composite,60,all,20,top,0.03520819337683222,0.09650892287232152,5.791306400354732,0.6480602846776444,3583
combo_rvol_meanrev,RVOL + 均值回歸 composite,60,all,20,bot,0.041491792937749905,0.09521344163019077,6.917739576509354,0.6572704437622104,3583
combo_rvol_meanrev,RVOL + 均值回歸 composite,60,all,50,top,0.032522503242388194,0.08739047877058842,5.907722910080466,0.6750418760469011,3582
combo_rvol_meanrev,RVOL + 均值回歸 composite,60,all,50,bot,0.04096604195556804,0.08155278731808188,7.974169573652807,0.7138470128419877,3582
combo_rvol_meanrev,RVOL + 均值回歸 composite,60,momentum,10,top,0.018526511610425754,0.11196796772885853,2.6266374237372436,0.554191511750263,2851
combo_rvol_meanrev,RVOL + 均值回歸 composite,60,momentum,10,bot,0.05217356488056313,0.15857626148704154,5.222910783412946,0.6246930901438091,2851
combo_rvol_meanrev,RVOL + 均值回歸 composite,60,momentum,20,top,0.019802641688700006,0.10229413955407418,3.0730713668728633,0.5773412837600842,2851
combo_rvol_meanrev,RVOL + 均值回歸 composite,60,momentum,20,bot,0.04585291787110034,0.1303544493716442,5.583948295975401,0.6376709926341635,2851
combo_rvol_meanrev,RVOL + 均值回歸 composite,60,momentum,50,top,0.02098291084130554,0.09634475890025086,3.457306728587869,0.5990880392844616,2851
combo_rvol_meanrev,RVOL + 均值回歸 composite,60,momentum,50,bot,0.04105130242845595,0.11029542968756632,5.908397339508631,0.6481936162749913,2851
combo_meanrev_pure,純反向均值回歸 (6 個 flipped),60,all,10,top,0.02399364941582584,0.09892716295562293,3.8501799204100493,0.5910605219322599,3602
combo_meanrev_pure,純反向均值回歸 (6 個 flipped),60,all,10,bot,0.049696191513729324,0.17095814027067355,4.6145950222969745,0.5943920044419767,3602
combo_meanrev_pure,純反向均值回歸 (6 個 flipped),60,all,20,top,0.026069354977722604,0.0852102934791991,4.856668880814615,0.6399222654081066,3602
combo_meanrev_pure,純反向均值回歸 (6 個 flipped),60,all,20,bot,0.04796036285516177,0.14508889766536925,5.247452904184478,0.6318711826762909,3602
combo_meanrev_pure,純反向均值回歸 (6 個 flipped),60,all,50,top,0.027958082255578835,0.07863785285088168,5.643857005313951,0.6739794501527353,3601
combo_meanrev_pure,純反向均值回歸 (6 個 flipped),60,all,50,bot,0.04622535162904216,0.12266748302656554,5.98206378704977,0.6670369341849486,3601
combo_meanrev_pure,純反向均值回歸 (6 個 flipped),60,momentum,10,top,0.01238331884900848,0.08622112893422686,2.2799410644521854,0.5615573482988425,2851
combo_meanrev_pure,純反向均值回歸 (6 個 flipped),60,momentum,10,bot,0.054419183696810904,0.18090225447349725,4.775384155336629,0.6001403016485444,2851
combo_meanrev_pure,純反向均值回歸 (6 個 flipped),60,momentum,20,top,0.014071975205427485,0.08554820676237919,2.6112257585322705,0.5710277095755875,2851
combo_meanrev_pure,純反向均值回歸 (6 個 flipped),60,momentum,20,bot,0.05124050146849113,0.15265095768276515,5.328612122628319,0.6183795159593125,2851
combo_meanrev_pure,純反向均值回歸 (6 個 flipped),60,momentum,50,top,0.01542067543660168,0.08779090629859727,2.788393967488338,0.5885654156436338,2851
combo_meanrev_pure,純反向均值回歸 (6 個 flipped),60,momentum,50,bot,0.04641923276940272,0.12867066884496145,5.726887738785646,0.6531041739740442,2851
combo_rvol_only,只用 RVOL（baseline）,60,all,10,top,0.03973444576969794,0.12035732134786313,5.240767781085368,0.6195925202344404,3583
combo_rvol_only,只用 RVOL（baseline）,60,all,10,bot,0.046936810715746284,0.11808832946809454,6.309673227544223,0.6282444878593357,3583
combo_rvol_only,只用 RVOL（baseline）,60,all,20,top,0.038307723820193366,0.10319343021376233,5.892974599907815,0.6516885291655038,3583
combo_rvol_only,只用 RVOL（baseline）,60,all,20,bot,0.048096580626195526,0.0988699899835566,7.722358904090771,0.6843427295562378,3583
combo_rvol_only,只用 RVOL（baseline）,60,all,50,top,0.037567218592970006,0.0917694677271068,6.4984697181179145,0.679787828029034,3582
combo_rvol_only,只用 RVOL（baseline）,60,all,50,bot,0.03768915574854853,0.07674105828955821,7.796306341650313,0.7043551088777219,3582
combo_rvol_only,只用 RVOL（baseline）,60,momentum,10,top,0.032775329808218484,0.13730367802273274,3.789353922317129,0.592072956857243,2851
combo_rvol_only,只用 RVOL（baseline）,60,momentum,10,bot,0.02875036246304539,0.1388804331992865,3.2862646275461933,0.5489301999298491,2851
combo_rvol_only,只用 RVOL（baseline）,60,momentum,20,top,0.033171425992566214,0.11932353259259551,4.41304453042116,0.6092599088039284,2851
combo_rvol_only,只用 RVOL（baseline）,60,momentum,20,bot,0.02629730609576975,0.12207044494448097,3.419802333578469,0.5773412837600842,2851
combo_rvol_only,只用 RVOL（baseline）,60,momentum,50,top,0.0340950442976018,0.1058426593971495,5.113647483820574,0.6404770256050508,2851
combo_rvol_only,只用 RVOL（baseline）,60,momentum,50,bot,0.026392267953588764,0.11090987279649679,3.7775200230351915,0.5983865310417398,2851
combo_squeeze_rvol,Squeeze + RVOL,60,all,10,top,0.033283554362719674,0.10346433206267844,5.106687831631211,0.6232207647222997,3583
combo_squeeze_rvol,Squeeze + RVOL,60,all,10,bot,0.052261056222553566,0.12746219389695493,6.508742104198693,0.6394083170527491,3583
combo_squeeze_rvol,Squeeze + RVOL,60,all,20,top,0.031943182188886775,0.08805667947385083,5.75858980789204,0.6530840078146805,3583
combo_squeeze_rvol,Squeeze + RVOL,60,all,20,bot,0.04842951645328418,0.09984161311810784,7.700143416088014,0.6868545911247558,3583
combo_squeeze_rvol,Squeeze + RVOL,60,all,50,top,0.03188337388558851,0.07876863108492857,6.425563864478438,0.6917922948073701,3582
combo_squeeze_rvol,Squeeze + RVOL,60,all,50,bot,0.036791289932969914,0.07858787503556855,7.431726855970339,0.6937465103294249,3582
combo_squeeze_rvol,Squeeze + RVOL,60,momentum,10,top,0.02277970499499571,0.1183375073182354,3.055807193610906,0.5647141353910908,2851
combo_squeeze_rvol,Squeeze + RVOL,60,momentum,10,bot,0.02943089265507424,0.1389753594607795,3.361753758223832,0.5552437741143459,2851
combo_squeeze_rvol,Squeeze + RVOL,60,momentum,20,top,0.024602429714591763,0.10409941537740908,3.7517162091698775,0.6047001052262364,2851
combo_squeeze_rvol,Squeeze + RVOL,60,momentum,20,bot,0.02725792415027008,0.12209491683074916,3.544014301141503,0.5794458084882498,2851
combo_squeeze_rvol,Squeeze + RVOL,60,momentum,50,top,0.02713844210884953,0.09512857048312648,4.528706891636199,0.6285513854787794,2851
combo_squeeze_rvol,Squeeze + RVOL,60,momentum,50,bot,0.026889450140200374,0.1111341865609663,3.8409134127173394,0.5997895475271835,2851
combo_counter_trend_rvol,逆勢撈底 (-MA20dev + RVOL),60,all,10,top,0.043646686137308446,0.12939058974829137,5.354869034729016,0.6095450739603684,3583
combo_counter_trend_rvol,逆勢撈底 (-MA20dev + RVOL),60,all,10,bot,0.047698003045510785,0.13971408200982743,5.419513292179654,0.5972648618476137,3583
combo_counter_trend_rvol,逆勢撈底 (-MA20dev + RVOL),60,all,20,top,0.038986316144216764,0.11087436290859609,5.5818907642612325,0.6363382640245604,3583
combo_counter_trend_rvol,逆勢撈底 (-MA20dev + RVOL),60,all,20,bot,0.04421118144991089,0.10888229975085131,6.44577446761185,0.6488975718671505,3583
combo_counter_trend_rvol,逆勢撈底 (-MA20dev + RVOL),60,all,50,top,0.03412515954770787,0.09854478492016736,5.497197179137124,0.6619207146845337,3582
combo_counter_trend_rvol,逆勢撈底 (-MA20dev + RVOL),60,all,50,bot,0.040427344124253146,0.08860847486842846,7.242695388568029,0.692071468453378,3582
combo_counter_trend_rvol,逆勢撈底 (-MA20dev + RVOL),60,momentum,10,top,0.020109660081048215,0.12675748468731268,2.5184387173227942,0.5380568221676605,2851
combo_counter_trend_rvol,逆勢撈底 (-MA20dev + RVOL),60,momentum,10,bot,0.05057440249309996,0.16536304146428832,4.855037395934367,0.6011925640126271,2851
combo_counter_trend_rvol,逆勢撈底 (-MA20dev + RVOL),60,momentum,20,top,0.02143931394837903,0.11405082948436943,2.9840954201051053,0.573482988425114,2851
combo_counter_trend_rvol,逆勢撈底 (-MA20dev + RVOL),60,momentum,20,bot,0.04561811942867528,0.1361040127144377,5.320674837410535,0.6278498772360576,2851
combo_counter_trend_rvol,逆勢撈底 (-MA20dev + RVOL),60,momentum,50,top,0.021812902903726176,0.10468652668841745,3.3076758747050894,0.5903191862504384,2851
combo_counter_trend_rvol,逆勢撈底 (-MA20dev + RVOL),60,momentum,50,bot,0.04063416868889735,0.11180269269009806,5.769516055252834,0.6495966327604349,2851
combo_momflip_volpos,動能 flip + 量能正向,60,all,10,top,0.04024742361391555,0.11993495244732433,5.327121324715944,0.6131733184482278,3583
combo_momflip_volpos,動能 flip + 量能正向,60,all,10,bot,0.030246412991272488,0.10761218015988713,4.461826907015292,0.5874965113033771,3583
combo_momflip_volpos,動能 flip + 量能正向,60,all,20,top,0.03863919715036602,0.10390923133321031,5.903019695597954,0.6455484231091264,3583
combo_momflip_volpos,動能 flip + 量能正向,60,all,20,bot,0.02944659468589589,0.09586748856966737,4.876003387111592,0.6215461903432877,3583
combo_momflip_volpos,動能 flip + 量能正向,60,all,50,top,0.03786198732963636,0.09235542612531628,6.507905825542198,0.6862088218872139,3582
combo_momflip_volpos,動能 flip + 量能正向,60,all,50,bot,0.029605045495197383,0.08689579747801253,5.40838039626932,0.6510329424902289,3582
combo_momflip_volpos,動能 flip + 量能正向,60,momentum,10,top,0.03146573542364762,0.13083365997249163,3.817848286208504,0.5790950543668888,2851
combo_momflip_volpos,動能 flip + 量能正向,60,momentum,10,bot,0.02625057101446906,0.12375162945534028,3.367348760581281,0.5619081024202034,2851
combo_momflip_volpos,動能 flip + 量能正向,60,momentum,20,top,0.03263065213367384,0.11614079875396963,4.460065278857539,0.6075061381971238,2851
combo_momflip_volpos,動能 flip + 量能正向,60,momentum,20,bot,0.025431436321949833,0.10972489455091876,3.679306665990741,0.5899684321290776,2851
combo_momflip_volpos,動能 flip + 量能正向,60,momentum,50,top,0.0337357899272184,0.10545645672741762,5.0782956226443305,0.6338126972991933,2851
combo_momflip_volpos,動能 flip + 量能正向,60,momentum,50,bot,0.024924687886310602,0.10150693347540926,3.8979322926186613,0.6061031217116801,2851
sig_ma20_dev_rn,MA20 偏離,60,all,10,top,0.06131798727000158,0.1851100630119408,5.258454648172754,0.6034049679039911,3583
sig_ma20_dev_rn,MA20 偏離,60,all,10,bot,0.04848998473895152,0.17001159461546042,4.527659692390758,0.574937203460787,3583
sig_ma20_dev_rn,MA20 偏離,60,all,20,top,0.056619143638401676,0.15040673302296012,5.975803230422726,0.6477811889478091,3583
sig_ma20_dev_rn,MA20 偏離,60,all,20,bot,0.040328966412432624,0.14122786126129783,4.533117536722779,0.5930784259000837,3583
sig_ma20_dev_rn,MA20 偏離,60,all,50,top,0.05125766590211295,0.12215084655560349,6.661355557657654,0.6870463428252372,3582
sig_ma20_dev_rn,MA20 偏離,60,all,50,bot,0.03298992566787782,0.12141166711666633,4.313414410355115,0.6085985482970407,3582
sig_ma20_dev_rn,MA20 偏離,60,momentum,10,top,0.06934091441556388,0.19432979211907342,5.664354802983065,0.6187302700806735,2851
sig_ma20_dev_rn,MA20 偏離,60,momentum,10,bot,0.01134666774334351,0.15497796924220006,1.1622475583448633,0.4938618028761838,2851
sig_ma20_dev_rn,MA20 偏離,60,momentum,20,top,0.05748045605411858,0.15878862450655623,5.746469274044084,0.644335320940021,2851
sig_ma20_dev_rn,MA20 偏離,60,momentum,20,bot,0.014252938432009489,0.13845770922475142,1.6341335164717925,0.5135040336723956,2851
sig_ma20_dev_rn,MA20 偏離,60,momentum,50,top,0.04804095172501633,0.1281605350320246,5.950556197950889,0.6618730270080674,2851
sig_ma20_dev_rn,MA20 偏離,60,momentum,50,bot,0.01837490436279553,0.12236541849739288,2.3837826686101784,0.549631708172571,2851
sig_ma_align_rn,MA 排列,60,all,10,top,0.05713025612473596,0.20559010624021254,4.411275993997553,0.5735252610781824,3543
sig_ma_align_rn,MA 排列,60,all,10,bot,0.03611968278619734,0.15991111772729577,3.5856305469562724,0.532881738639571,3543
sig_ma_align_rn,MA 排列,60,all,20,top,0.055653801358724726,0.1654307092612752,5.340463759168889,0.6167090036692069,3543
sig_ma_align_rn,MA 排列,60,all,20,bot,0.02971195441773225,0.1318019939681111,3.5785699436698613,0.5458650860852385,3543
sig_ma_align_rn,MA 排列,60,all,50,top,0.05532997129950761,0.1343090335090965,6.5396648437764435,0.6564088085827217,3542
sig_ma_align_rn,MA 排列,60,all,50,bot,0.02528795566189849,0.11526514152079179,3.4826995029304286,0.564652738565782,3542
sig_ma_align_rn,MA 排列,60,momentum,10,top,0.06380063617161252,0.21718390751488126,4.663345974274803,0.573482988425114,2851
sig_ma_align_rn,MA 排列,60,momentum,10,bot,-0.006837015440680196,0.13134778613927064,-0.8263120269161588,0.45422658716239916,2851
sig_ma_align_rn,MA 排列,60,momentum,20,top,0.05880531840385153,0.1768235621608042,5.279304851569674,0.6218870571729218,2851
sig_ma_align_rn,MA 排列,60,momentum,20,bot,-0.0004486940720878007,0.12013336222513413,-0.059290753584427945,0.4952648193616275,2851
sig_ma_align_rn,MA 排列,60,momentum,50,top,0.05003760004082098,0.14088297475127018,5.638170807122347,0.648895124517713,2851
sig_ma_align_rn,MA 排列,60,momentum,50,bot,0.0061698164084598986,0.11132627846931027,0.8797814896620645,0.5338477727113293,2851
sig_supertrend_rn,Supertrend,60,all,10,top,0.018985300084851123,0.06711862209307926,4.490293247151947,0.6549139367018323,3602
sig_supertrend_rn,Supertrend,60,all,10,bot,0.020349962884621143,0.05817619322009976,5.552883886204524,0.6321488062187673,3602
sig_supertrend_rn,Supertrend,60,all,20,top,0.024371446751195663,0.0689204913653257,5.61349339656253,0.6996113270405331,3602
sig_supertrend_rn,Supertrend,60,all,20,bot,0.016431863005749437,0.0602769101959069,4.3274902063889265,0.6166018878400888,3602
sig_supertrend_rn,Supertrend,60,all,50,top,0.02051146683880487,0.07040075033008297,4.625084820219861,0.6798111635656762,3601
sig_supertrend_rn,Supertrend,60,all,50,bot,0.017204602749474107,0.06405538649959028,4.2637257631151195,0.6409330741460705,3601
sig_supertrend_rn,Supertrend,60,momentum,10,top,0.021070608326798433,0.101002531699601,3.311654985324036,0.6011925640126271,2851
sig_supertrend_rn,Supertrend,60,momentum,10,bot,0.008126960420004799,0.0703360617488261,1.8342155348119071,0.5447211504735181,2851
sig_supertrend_rn,Supertrend,60,momentum,20,top,0.023316287455255217,0.09304271798938503,3.978114533000097,0.5892669238863557,2851
sig_supertrend_rn,Supertrend,60,momentum,20,bot,0.011402428070698517,0.07355040515621479,2.461005261898644,0.5804980708523325,2851
sig_supertrend_rn,Supertrend,60,momentum,50,top,0.027239735661414778,0.09151835072256678,4.724925598214696,0.6331111890564715,2851
sig_supertrend_rn,Supertrend,60,momentum,50,bot,0.024818774460440778,0.07624749978682693,5.1671967147496325,0.6576639775517362,2851
sig_adx_dir_rn,ADX×方向,60,all,10,top,0.07145358970475894,0.15494016819089698,7.320829615031137,0.667129372570794,3602
sig_adx_dir_rn,ADX×方向,60,all,10,bot,0.04292442134749696,0.13134706122763523,5.187813552676635,0.6099389228206552,3602
sig_adx_dir_rn,ADX×方向,60,all,20,top,0.0657988833835766,0.1252926387272592,8.336682046786937,0.7093281510272071,3602
sig_adx_dir_rn,ADX×方向,60,all,20,bot,0.03722639472275607,0.0999898952181366,5.910104161769837,0.6288173237090505,3602
sig_adx_dir_rn,ADX×方向,60,all,50,top,0.059271140596627095,0.10165352690424094,9.255952216367861,0.7361843932241044,3601
sig_adx_dir_rn,ADX×方向,60,all,50,bot,0.029275787225941884,0.08232574614094935,5.645119982480649,0.6609275201332963,3601
sig_adx_dir_rn,ADX×方向,60,momentum,10,top,0.0716802948917259,0.18594849191150153,6.119379584241196,0.6411785338477727,2851
sig_adx_dir_rn,ADX×方向,60,momentum,10,bot,0.002941808211623725,0.09622956072332589,0.48529534215679265,0.49842160645387584,2851
sig_adx_dir_rn,ADX×方向,60,momentum,20,top,0.06241690046230654,0.14960111277745827,6.6231965724636765,0.6632760434935111,2851
sig_adx_dir_rn,ADX×方向,60,momentum,20,bot,0.00572553508319812,0.09116656535227072,0.9969669403065055,0.5184145913714486,2851
sig_adx_dir_rn,ADX×方向,60,momentum,50,top,0.05204827528498732,0.11947004988701092,6.9158818986420005,0.6836197825324447,2851
sig_adx_dir_rn,ADX×方向,60,momentum,50,bot,0.010239215848363962,0.0905890477456802,1.794284370742209,0.5524377411434584,2851
sig_vwap_dev_rn,VWAP 偏離,60,all,10,top,0.05901216648494077,0.18417990470909457,5.086272047742602,0.595032096008931,3583
sig_vwap_dev_rn,VWAP 偏離,60,all,10,bot,0.038726764867906695,0.17218612721447765,3.570370874127164,0.5487022048562658,3583
sig_vwap_dev_rn,VWAP 偏離,60,all,20,top,0.05799366903734657,0.1487632384427544,6.188497675709702,0.6433156572704437,3583
sig_vwap_dev_rn,VWAP 偏離,60,all,20,bot,0.032531100004612894,0.14190390470550746,3.6391895205222253,0.5718671504325984,3583
sig_vwap_dev_rn,VWAP 偏離,60,all,50,top,0.054158889368089956,0.1217577368730691,7.061117735826765,0.6892797319932998,3582
sig_vwap_dev_rn,VWAP 偏離,60,all,50,bot,0.026094401200573682,0.12409919740596446,3.3379408230344483,0.5829145728643216,3582
sig_vwap_dev_rn,VWAP 偏離,60,momentum,10,top,0.0722561063318043,0.19562776706031482,5.863329861578989,0.6229393195370045,2851
sig_vwap_dev_rn,VWAP 偏離,60,momentum,10,bot,0.008882914324841317,0.15312622332685644,0.9208866402010214,0.47702560505085934,2851
sig_vwap_dev_rn,VWAP 偏離,60,momentum,20,top,0.062024781545667804,0.15777307797943751,6.240690079495036,0.6495966327604349,2851
sig_vwap_dev_rn,VWAP 偏離,60,momentum,20,bot,0.012441125564382169,0.14111512765950496,1.3995434005845035,0.5064889512451771,2851
sig_vwap_dev_rn,VWAP 偏離,60,momentum,50,top,0.05168799956905553,0.12795345293748533,6.412656610038441,0.6685373553139249,2851
sig_vwap_dev_rn,VWAP 偏離,60,momentum,50,bot,0.016731100754700353,0.1251197475874638,2.122750370465298,0.5433181339880744,2851
sig_macd_hist_rn,MACD Hist,60,all,10,top,0.04285273812616911,0.16520867587737254,4.1176174608714255,0.5757915382460073,3569
sig_macd_hist_rn,MACD Hist,60,all,10,bot,0.04491242915430523,0.17251357615945936,4.132791898358071,0.5617820117680022,3569
sig_macd_hist_rn,MACD Hist,60,all,20,top,0.041614467064753524,0.13637450487979014,4.844081269862439,0.6133370692070608,3569
sig_macd_hist_rn,MACD Hist,60,all,20,bot,0.04072084595838865,0.1432203959943331,4.513486958365718,0.591762398430933,3569
sig_macd_hist_rn,MACD Hist,60,all,50,top,0.03905924842060398,0.11574809969048001,5.356859835851459,0.655829596412556,3568
sig_macd_hist_rn,MACD Hist,60,all,50,bot,0.03541130037981368,0.12194388921727957,4.609800212594082,0.6235986547085202,3568
sig_macd_hist_rn,MACD Hist,60,momentum,10,top,0.04887555963173068,0.17243168886977175,4.499610604834814,0.587863907400912,2851
sig_macd_hist_rn,MACD Hist,60,momentum,10,bot,0.026187796865770326,0.17501637660149574,2.375311358979862,0.5156085584005612,2851
sig_macd_hist_rn,MACD Hist,60,momentum,20,top,0.04074951937334937,0.14352582756594795,4.5070533771806005,0.6057523675903191,2851
sig_macd_hist_rn,MACD Hist,60,momentum,20,bot,0.027947298714993744,0.1533879771882027,2.892336292766317,0.5401613468958261,2851
sig_macd_hist_rn,MACD Hist,60,momentum,50,top,0.03656986512075258,0.12144067127691213,4.780347518076395,0.6345142055419151,2851
sig_macd_hist_rn,MACD Hist,60,momentum,50,bot,0.028178179609244396,0.12911073150267924,3.4645821355148065,0.5769905296387232,2851
sig_rsi_dev_rn,RSI 偏離,60,all,10,top,0.26105307772901326,0.6421581884963182,6.453377392348957,0.7149623850654778,3589
sig_rsi_dev_rn,RSI 偏離,60,all,10,bot,0.04283387897662043,0.13739663118363207,4.948933193663753,0.5918083031485093,3589
sig_rsi_dev_rn,RSI 偏離,60,all,20,top,0.17030381478127019,0.3350078520466808,8.069928005879605,0.775982167734745,3589
sig_rsi_dev_rn,RSI 偏離,60,all,20,bot,0.03587044553647799,0.10638759452626799,5.352369064976367,0.6319308999721371,3589
sig_rsi_dev_rn,RSI 偏離,60,all,50,top,0.12588177581941876,0.22191833492652835,9.004714464633071,0.7993311036789298,3588
sig_rsi_dev_rn,RSI 偏離,60,all,50,bot,0.028212567845994237,0.08888290468922676,5.038771311177814,0.6387959866220736,3588
sig_rsi_dev_rn,RSI 偏離,60,momentum,10,top,0.06626780859886416,0.1623546136103101,6.479451525879703,0.6590669940371799,2851
sig_rsi_dev_rn,RSI 偏離,60,momentum,10,bot,0.0030219878661468576,0.10186603498748037,0.4709378367300933,0.49631708172571026,2851
sig_rsi_dev_rn,RSI 偏離,60,momentum,20,top,0.059520266665920994,0.13373465676767451,7.065146494068928,0.6815152578042792,2851
sig_rsi_dev_rn,RSI 偏離,60,momentum,20,bot,0.006588523128217417,0.09751695834433609,1.072526912267443,0.5222728867064188,2851
sig_rsi_dev_rn,RSI 偏離,60,momentum,50,top,0.05210159591923975,0.11217567337512774,7.373142227597301,0.6962469309014381,2851
sig_rsi_dev_rn,RSI 偏離,60,momentum,50,bot,0.009762509708657519,0.09403759266404907,1.6480115321477824,0.5324447562258856,2851
sig_kd_diff_rn,KD 差,60,all,10,top,0.024325944986506587,0.10979358005099837,3.517167441541114,0.5684415946473376,3587
sig_kd_diff_rn,KD 差,60,all,10,bot,0.037917800825615765,0.09821166348146938,6.12886907873142,0.6484527460273208,3587
sig_kd_diff_rn,KD 差,60,all,20,top,0.026516642984210356,0.09500039365022038,4.430914878025464,0.6133258990800111,3587
sig_kd_diff_rn,KD 差,60,all,20,bot,0.03485764456969774,0.08544983185418814,6.475705579732943,0.6699191524951212,3587
sig_kd_diff_rn,KD 差,60,all,50,top,0.028552992198901755,0.08609465655590097,5.264725099124647,0.6536530953708868,3586
sig_kd_diff_rn,KD 差,60,all,50,bot,0.03280020760043779,0.08072347873883723,6.4502566255458476,0.6854433909648634,3586
sig_kd_diff_rn,KD 差,60,momentum,10,top,0.027583641390810272,0.12319003702647463,3.5544817000739037,0.5850578744300245,2851
sig_kd_diff_rn,KD 差,60,momentum,10,bot,0.02525029528070979,0.11882202605111944,3.3734150509248915,0.5815503332164152,2851
sig_kd_diff_rn,KD 差,60,momentum,20,top,0.02776241024198063,0.10955917420541039,4.022617028400673,0.6008418098912662,2851
sig_kd_diff_rn,KD 差,60,momentum,20,bot,0.02602492595660558,0.10868919723222395,3.8010483317637744,0.6032970887407927,2851
sig_kd_diff_rn,KD 差,60,momentum,50,top,0.02888024666126272,0.0997838162798304,4.594529653202866,0.6267976148719747,2851
sig_kd_diff_rn,KD 差,60,momentum,50,bot,0.026462638653435348,0.10012527035743683,4.195557864360152,0.6176780077165906,2851
sig_efi_rn,EFI,60,all,10,top,0.04949277394661617,0.1485438719168226,5.289167565154341,0.608428691041027,3583
sig_efi_rn,EFI,60,all,10,bot,0.05244697294381419,0.13413332518189997,6.207032319788793,0.6260117220206531,3583
sig_efi_rn,EFI,60,all,20,top,0.04623288595657124,0.12700248245189288,5.77881863121369,0.6366173597543957,3583
sig_efi_rn,EFI,60,all,20,bot,0.047072365545933026,0.11274282330312099,6.627921984349474,0.6558749651130338,3583
sig_efi_rn,EFI,60,all,50,top,0.0412071209823124,0.10988280908993266,5.953094679710306,0.6574539363484088,3582
sig_efi_rn,EFI,60,all,50,bot,0.03842766430388266,0.09795760872039501,6.227390268581327,0.6714126186487995,3582
sig_efi_rn,EFI,60,momentum,10,top,0.05322150657619623,0.16674610085173383,5.066776497257079,0.6096106629252894,2851
sig_efi_rn,EFI,60,momentum,10,bot,0.017149742658595927,0.13268969339190315,2.0517322617991343,0.5257804279200281,2851
sig_efi_rn,EFI,60,momentum,20,top,0.04761101100424232,0.14278972144864696,5.293107662412003,0.6282006313574184,2851
sig_efi_rn,EFI,60,momentum,20,bot,0.017324386109598196,0.1165631028533198,2.359375281243373,0.5461241669589618,2851
sig_efi_rn,EFI,60,momentum,50,top,0.04150466880312856,0.12267403478445293,5.370869170193587,0.6478428621536303,2851
sig_efi_rn,EFI,60,momentum,50,bot,0.019452288564895975,0.10581617773379512,2.918225874870737,0.5822518414591371,2851
sig_td_setup_rn,TD Setup,60,all,10,top,0.03406393552444106,0.09928642475471161,5.446345900547664,0.6379789006107718,3602
sig_td_setup_rn,TD Setup,60,all,10,bot,0.017539575164407722,0.09807647936203784,2.8389286170508465,0.5491393670183231,3602
sig_td_setup_rn,TD Setup,60,all,20,top,0.038876095120624725,0.0923700280346592,6.681159364542186,0.6760133259300388,3602
sig_td_setup_rn,TD Setup,60,all,20,bot,0.019443727636381577,0.09250047979109746,3.3368433116532072,0.5677401443642421,3602
sig_td_setup_rn,TD Setup,60,all,50,top,0.04268653865818301,0.08842106270294457,7.663646794143496,0.7031380172174396,3601
sig_td_setup_rn,TD Setup,60,all,50,bot,0.021484819094836752,0.08978028362998906,3.7988399672974045,0.6101083032490975,3601
sig_td_setup_rn,TD Setup,60,momentum,10,top,0.0374308734838818,0.12121966550444774,4.901817647268104,0.6152227288670642,2851
sig_td_setup_rn,TD Setup,60,momentum,10,bot,0.013951181229548868,0.11199582505105427,1.977467785722491,0.5201683619782532,2851
sig_td_setup_rn,TD Setup,60,momentum,20,top,0.041443541652081146,0.11071587630969675,5.942199528156578,0.6474921080322694,2851
sig_td_setup_rn,TD Setup,60,momentum,20,bot,0.015200054581315521,0.10678326278766413,2.259655490209352,0.5366538056822168,2851
sig_td_setup_rn,TD Setup,60,momentum,50,top,0.04226295906294147,0.1036149786822889,6.474968046450583,0.6615222728867064,2851
sig_td_setup_rn,TD Setup,60,momentum,50,bot,0.018417547915791033,0.10183796110543201,2.8709285427082194,0.5713784636969484,2851
sig_rvol_log_rn,log(RVOL),60,all,10,top,0.03973444576969794,0.12035732134786313,5.240767781085368,0.6195925202344404,3583
sig_rvol_log_rn,log(RVOL),60,all,10,bot,0.046936810715746284,0.11808832946809454,6.309673227544223,0.6282444878593357,3583
sig_rvol_log_rn,log(RVOL),60,all,20,top,0.038307723820193366,0.10319343021376233,5.892974599907815,0.6516885291655038,3583
sig_rvol_log_rn,log(RVOL),60,all,20,bot,0.048096580626195526,0.0988699899835566,7.722358904090771,0.6843427295562378,3583
sig_rvol_log_rn,log(RVOL),60,all,50,top,0.037567218592970006,0.0917694677271068,6.4984697181179145,0.679787828029034,3582
sig_rvol_log_rn,log(RVOL),60,all,50,bot,0.03768915574854853,0.07674105828955821,7.796306341650313,0.7043551088777219,3582
sig_rvol_log_rn,log(RVOL),60,momentum,10,top,0.032775329808218484,0.13730367802273274,3.789353922317129,0.592072956857243,2851
sig_rvol_log_rn,log(RVOL),60,momentum,10,bot,0.02875036246304539,0.1388804331992865,3.2862646275461933,0.5489301999298491,2851
sig_rvol_log_rn,log(RVOL),60,momentum,20,top,0.033171425992566214,0.11932353259259551,4.41304453042116,0.6092599088039284,2851
sig_rvol_log_rn,log(RVOL),60,momentum,20,bot,0.02629730609576975,0.12207044494448097,3.419802333578469,0.5773412837600842,2851
sig_rvol_log_rn,log(RVOL),60,momentum,50,top,0.0340950442976018,0.1058426593971495,5.113647483820574,0.6404770256050508,2851
sig_rvol_log_rn,log(RVOL),60,momentum,50,bot,0.026392267953588764,0.11090987279649679,3.7775200230351915,0.5983865310417398,2851
sig_obv_mom_rn,OBV 動能,60,all,10,top,0.04341477363357333,0.1475009385038512,4.672432409951072,0.5848687883863763,3582
sig_obv_mom_rn,OBV 動能,60,all,10,bot,0.028962689590454452,0.11870546780009893,3.8731867390444394,0.5455053042992741,3582
sig_obv_mom_rn,OBV 動能,60,all,20,top,0.042475556334817324,0.12680706024714705,5.317358133309576,0.6150195421552206,3582
sig_obv_mom_rn,OBV 動能,60,all,20,bot,0.030758071564039913,0.10733583428725914,4.5489863868903715,0.5745393634840871,3582
sig_obv_mom_rn,OBV 動能,60,all,50,top,0.04393000720014037,0.11645356257949048,5.988371926303854,0.6590337894442893,3581
sig_obv_mom_rn,OBV 動能,60,all,50,bot,0.028379759378874537,0.09885607741093662,4.5572788775886455,0.5981569394024016,3581
sig_obv_mom_rn,OBV 動能,60,momentum,10,top,0.05174976656285,0.19654749558120377,4.179661887608622,0.5713784636969484,2851
sig_obv_mom_rn,OBV 動能,60,momentum,10,bot,0.01382740430630428,0.14795219106757257,1.4836092446369855,0.5001753770606805,2851
sig_obv_mom_rn,OBV 動能,60,momentum,20,top,0.04747447772785228,0.16332049255714215,4.6144483055594,0.5966327604349351,2851
sig_obv_mom_rn,OBV 動能,60,momentum,20,bot,0.016787517702989273,0.1271518270718339,2.0958690721972,0.5334970185899685,2851
sig_obv_mom_rn,OBV 動能,60,momentum,50,top,0.04334493220744595,0.13110601393137616,5.248267769434984,0.6264468607506138,2851
sig_obv_mom_rn,OBV 動能,60,momentum,50,bot,0.019240790869209434,0.1096699612989032,2.785066050824233,0.5724307260610312,2851
sig_bb_pos_rn,BB %B,60,all,10,top,0.050238768201460705,0.12757053650357736,6.251566724337985,0.6399665085124198,3583
sig_bb_pos_rn,BB %B,60,all,10,bot,0.0256827781314215,0.1006698872092271,4.049884973354454,0.5914038515210718,3583
sig_bb_pos_rn,BB %B,60,all,20,top,0.04769554899925821,0.10814183823785628,7.00139169185447,0.6737370918224951,3583
sig_bb_pos_rn,BB %B,60,all,20,bot,0.023679624182417116,0.08795602907829375,4.2737534231140994,0.6114987440692158,3583
sig_bb_pos_rn,BB %B,60,all,50,top,0.04421686521175076,0.09459570763065885,7.4202201369593626,0.7004466778336125,3582
sig_bb_pos_rn,BB %B,60,all,50,bot,0.023862164738461457,0.08184274695313319,4.628389636856394,0.6482412060301508,3582
sig_bb_pos_rn,BB %B,60,momentum,10,top,0.04377211747868294,0.14544944312547003,4.777335741632091,0.6050508593475973,2851
sig_bb_pos_rn,BB %B,60,momentum,10,bot,0.01396223863444014,0.10986916481801268,2.017341875693064,0.5387583304103823,2851
sig_bb_pos_rn,BB %B,60,momentum,20,top,0.0429293219829453,0.12633324530214002,5.3943192695407225,0.6390740091196071,2851
sig_bb_pos_rn,BB %B,60,momentum,20,bot,0.015322747895419327,0.10189900249702073,2.3870801091268685,0.5591020694493161,2851
sig_bb_pos_rn,BB %B,60,momentum,50,top,0.04091735724488808,0.10643237914192133,6.1028693964422045,0.6608207646439845,2851
sig_bb_pos_rn,BB %B,60,momentum,50,bot,0.016732818182474917,0.09900357928344487,2.682986370664962,0.56436338126973,2851
sig_atr_pct_rn,ATR%,60,all,10,top,0.024503868254958466,0.18662456899846513,2.0843281860356844,0.5024986118822876,3602
sig_atr_pct_rn,ATR%,60,all,10,bot,0.28073816218498293,0.6453682809457503,6.905483730111171,0.6724042198778456,3602
sig_atr_pct_rn,ATR%,60,all,20,top,0.02640427861649923,0.16544609678447741,2.5334833323383164,0.5180455302609661,3602
sig_atr_pct_rn,ATR%,60,all,20,bot,0.17316621055141615,0.34363071249277416,7.999658562675133,0.7720710716268739,3602
sig_atr_pct_rn,ATR%,60,all,50,top,0.030329041075231634,0.1438794133044697,3.346264695352345,0.5684532074423772,3601
sig_atr_pct_rn,ATR%,60,all,50,bot,0.1143813062135504,0.22330713271094174,8.131164120068966,0.8231046931407943,3601
sig_atr_pct_rn,ATR%,60,momentum,10,top,0.027237123503228308,0.2118344392765502,2.0411031029062245,0.4903542616625745,2851
sig_atr_pct_rn,ATR%,60,momentum,10,bot,0.023132445876718224,0.04561258302420347,8.050765154954963,0.7302700806734479,2851
sig_atr_pct_rn,ATR%,60,momentum,20,top,0.0341437692186463,0.18473134317411175,2.934074552463275,0.5370045598035776,2851
sig_atr_pct_rn,ATR%,60,momentum,20,bot,0.023799618005620374,0.04768338074028319,7.923247416223271,0.7278148018239214,2851
sig_atr_pct_rn,ATR%,60,momentum,50,top,0.0379397858569283,0.1579268523118266,3.813635364843936,0.5748860049105577,2851
sig_atr_pct_rn,ATR%,60,momentum,50,bot,0.02365181982181952,0.0516894226565239,7.26378784129187,0.7362329007365837,2851
sig_squeeze_rn,Squeeze,60,all,10,top,0.01967185888917592,0.06210379230807389,5.028373744610929,0.676846196557468,3602
sig_squeeze_rn,Squeeze,60,all,10,bot,0.019341117996110106,0.06547887536830692,4.689004324631216,0.6390893947806774,3602
sig_squeeze_rn,Squeeze,60,all,20,top,0.020563899415645157,0.06186114615471445,5.277008321521102,0.6799000555247084,3602
sig_squeeze_rn,Squeeze,60,all,20,bot,0.021455136792099625,0.06088632775942486,5.593862371308556,0.6785119378123264,3602
sig_squeeze_rn,Squeeze,60,all,50,top,0.023177930373114088,0.06408889291393523,5.741060912515457,0.6875867814495973,3601
sig_squeeze_rn,Squeeze,60,all,50,bot,0.01754231785396004,0.06711573524451232,4.149185906298012,0.6714801444043321,3601
sig_squeeze_rn,Squeeze,60,momentum,10,top,0.01758931543483382,0.0988258496762252,2.8253916070484792,0.5773412837600842,2851
sig_squeeze_rn,Squeeze,60,momentum,10,bot,0.011814705645945762,0.07170228648852357,2.615713485589311,0.5854086285513854,2851
sig_squeeze_rn,Squeeze,60,momentum,20,top,0.01899895277467394,0.0902964016113095,3.3401001578440757,0.5889161697649947,2851
sig_squeeze_rn,Squeeze,60,momentum,20,bot,0.013066399748499328,0.08079825575153185,2.567167615978941,0.5892669238863557,2851
sig_squeeze_rn,Squeeze,60,momentum,50,top,0.02516196019623685,0.08968577794868465,4.453702071887422,0.6239915819010874,2851
sig_squeeze_rn,Squeeze,60,momentum,50,bot,0.020004161538386137,0.07976361675303734,3.9812164070344216,0.630305156085584,2851
