score,label,horizon,universe,decile,mean_ret,median_ret,std_ret,win_rate,n_days
combo_all_equal,全 15 指標等權（方向 flipped）,60,all,1,0.04763202941163546,0.05559070727322006,0.10173305989073672,0.7007218212104387,3602
combo_all_equal,全 15 指標等權（方向 flipped）,60,all,2,0.03906278640460477,0.047249398725352096,0.08858016282711698,0.6990560799555803,3602
combo_all_equal,全 15 指標等權（方向 flipped）,60,all,3,0.03964974981246269,0.043998537758392596,0.08953908706458805,0.7079400333148251,3602
combo_all_equal,全 15 指標等權（方向 flipped）,60,all,4,0.039203345347040945,0.04236277429956453,0.088684581004265,0.7159911160466408,3602
combo_all_equal,全 15 指標等權（方向 flipped）,60,all,5,0.0386637429776338,0.039348698065316386,0.08990198171084553,0.7071071626873959,3602
combo_all_equal,全 15 指標等權（方向 flipped）,60,all,6,0.035912902155473166,0.039365308304371745,0.08686655355642191,0.689894503053859,3602
combo_all_equal,全 15 指標等權（方向 flipped）,60,all,7,0.029625642334101046,0.03355658806696832,0.08308593843821313,0.6832315380344253,3602
combo_all_equal,全 15 指標等權（方向 flipped）,60,all,8,0.028174122887912774,0.03138444865033569,0.08463098307571493,0.6690727373681288,3602
combo_all_equal,全 15 指標等權（方向 flipped）,60,all,9,0.0267320458986754,0.029028225318650958,0.08518565757119151,0.6590782898389783,3602
combo_all_equal,全 15 指標等權（方向 flipped）,60,all,10,0.027637441240861822,0.026091346157727555,0.08594700731931429,0.6574125485841199,3602
combo_all_equal,全 15 指標等權（方向 flipped）,60,momentum,1,0.052073552191761144,0.052198862084504194,0.12982868909829542,0.668186601192564,2851
combo_all_equal,全 15 指標等權（方向 flipped）,60,momentum,2,0.03985416934364184,0.04428034627098836,0.1081467486015639,0.6415292879691337,2851
combo_all_equal,全 15 指標等權（方向 flipped）,60,momentum,3,0.03663935794652651,0.040046831646120544,0.10059981438062665,0.6418800420904945,2851
combo_all_equal,全 15 指標等權（方向 flipped）,60,momentum,4,0.03444095173150753,0.037423477436698646,0.09698665434468975,0.6506488951245177,2851
combo_all_equal,全 15 指標等權（方向 flipped）,60,momentum,5,0.031527529492895674,0.035801136395901996,0.0964917427427366,0.649245878639074,2851
combo_all_equal,全 15 指標等權（方向 flipped）,60,momentum,6,0.028020678422665948,0.03291067338960194,0.09503911820661527,0.6345142055419151,2851
combo_all_equal,全 15 指標等權（方向 flipped）,60,momentum,7,0.025540337219504758,0.029240304295956556,0.09537524428651442,0.6296036478428622,2851
combo_all_equal,全 15 指標等權（方向 flipped）,60,momentum,8,0.022371963208213,0.02504429592400789,0.09592180724088478,0.6071553840757629,2851
combo_all_equal,全 15 指標等權（方向 flipped）,60,momentum,9,0.018857618984301314,0.01953472733113044,0.09617076691820209,0.5962820063135742,2851
combo_all_equal,全 15 指標等權（方向 flipped）,60,momentum,10,0.015252433731824111,0.01400127723598205,0.09205272613480003,0.5741844966678359,2851
combo_3group_median_raw,現行 scanner: 3-group median（未 flip）,60,all,1,0.023873447307929025,0.023322528051205896,0.09558134372721923,0.6229416689924644,3583
combo_3group_median_raw,現行 scanner: 3-group median（未 flip）,60,all,2,0.025983204214897835,0.028681023601908644,0.0902336149629362,0.6455484231091264,3583
combo_3group_median_raw,現行 scanner: 3-group median（未 flip）,60,all,3,0.02839881072022717,0.03340274886257097,0.08649488186991992,0.6662015071169411,3583
combo_3group_median_raw,現行 scanner: 3-group median（未 flip）,60,all,4,0.03003683951530741,0.03424449155919003,0.0824893442456134,0.6890873569634385,3583
combo_3group_median_raw,現行 scanner: 3-group median（未 flip）,60,all,5,0.03166839616274195,0.03761772957045628,0.08087860408967404,0.6999720904270165,3583
combo_3group_median_raw,現行 scanner: 3-group median（未 flip）,60,all,6,0.03358311708006941,0.03935637922518402,0.07905472097381014,0.7114150153502652,3583
combo_3group_median_raw,現行 scanner: 3-group median（未 flip）,60,all,7,0.03499469089591494,0.04005436307342056,0.0784675180494137,0.7133686854591125,3583
combo_3group_median_raw,現行 scanner: 3-group median（未 flip）,60,all,8,0.035896654673267435,0.043713937905862366,0.07967482625462143,0.7142059726486185,3583
combo_3group_median_raw,現行 scanner: 3-group median（未 flip）,60,all,9,0.038502931770290356,0.046517907040648475,0.08401548904596912,0.7022048562656992,3583
combo_3group_median_raw,現行 scanner: 3-group median（未 flip）,60,all,10,0.045321482972186744,0.054470276839480455,0.09649477524277622,0.7066703879430645,3583
combo_3group_median_raw,現行 scanner: 3-group median（未 flip）,60,momentum,1,0.014298374184607865,0.011334915276475665,0.10430139894142049,0.5524377411434584,2851
combo_3group_median_raw,現行 scanner: 3-group median（未 flip）,60,momentum,2,0.019646904376853912,0.020065501374392655,0.0988849094330482,0.5927744650999649,2851
combo_3group_median_raw,現行 scanner: 3-group median（未 flip）,60,momentum,3,0.02318285636476147,0.025367373295514244,0.0971696739137873,0.6124166958961768,2851
combo_3group_median_raw,現行 scanner: 3-group median（未 flip）,60,momentum,4,0.026831237025409616,0.030829710785284084,0.09449772984099508,0.6225885654156437,2851
combo_3group_median_raw,現行 scanner: 3-group median（未 flip）,60,momentum,5,0.02876531461341307,0.03357182109100922,0.09444003424563638,0.6366187302700806,2851
combo_3group_median_raw,現行 scanner: 3-group median（未 flip）,60,momentum,6,0.03217848544295117,0.03538199623135287,0.09482068017519296,0.649245878639074,2851
combo_3group_median_raw,現行 scanner: 3-group median（未 flip）,60,momentum,7,0.03501049528789002,0.038005092339733565,0.09843497952129551,0.6524026657313223,2851
combo_3group_median_raw,現行 scanner: 3-group median（未 flip）,60,momentum,8,0.03753139068018728,0.0376116728014977,0.1016320794938834,0.644335320940021,2851
combo_3group_median_raw,現行 scanner: 3-group median（未 flip）,60,momentum,9,0.038860283430487766,0.04441136399865073,0.10289398653796411,0.653805682216766,2851
combo_3group_median_raw,現行 scanner: 3-group median（未 flip）,60,momentum,10,0.04845353031557871,0.051408716249151276,0.1194224120832697,0.6667835847071203,2851
combo_3group_median_flip,現行 scanner: 3-group median（方向 flipped）,60,all,1,0.04656020519626445,0.053974457473626426,0.09629408670413252,0.7075076751325705,3583
combo_3group_median_flip,現行 scanner: 3-group median（方向 flipped）,60,all,2,0.03823327003106467,0.04583103258090641,0.08502306068026738,0.7066703879430645,3583
combo_3group_median_flip,現行 scanner: 3-group median（方向 flipped）,60,all,3,0.035731932536962295,0.04309204089124284,0.08107730423846607,0.7072285794027351,3583
combo_3group_median_flip,現行 scanner: 3-group median（方向 flipped）,60,all,4,0.033428782344028476,0.0396080348932943,0.08003334020312083,0.7049958135640525,3583
combo_3group_median_flip,現行 scanner: 3-group median（方向 flipped）,60,all,5,0.03181533521462111,0.03877328273606122,0.07981902979514764,0.7033212391850404,3583
combo_3group_median_flip,現行 scanner: 3-group median（方向 flipped）,60,all,6,0.031046207666359817,0.037022789185132694,0.08059358644640763,0.6929946971811332,3583
combo_3group_median_flip,現行 scanner: 3-group median（方向 flipped）,60,all,7,0.029535989798547782,0.03484535253115709,0.08245231134772008,0.6899246441529444,3583
combo_3group_median_flip,現行 scanner: 3-group median（方向 flipped）,60,all,8,0.029047672414864202,0.03309299958898805,0.08548530527080926,0.6776444320401898,3583
combo_3group_median_flip,現行 scanner: 3-group median（方向 flipped）,60,all,9,0.026833460522910375,0.030915114341086705,0.08855990201273196,0.6530840078146805,3583
combo_3group_median_flip,現行 scanner: 3-group median（方向 flipped）,60,all,10,0.025990071108101025,0.024873461637774683,0.09339188238207796,0.6394083170527491,3583
combo_3group_median_flip,現行 scanner: 3-group median（方向 flipped）,60,momentum,1,0.05076478643119196,0.05112850155401125,0.12406400584635144,0.6688881094352859,2851
combo_3group_median_flip,現行 scanner: 3-group median（方向 flipped）,60,momentum,2,0.039807619017999916,0.041554782034778845,0.10521448494356522,0.6502981410031567,2851
combo_3group_median_flip,現行 scanner: 3-group median（方向 flipped）,60,momentum,3,0.03693844160822393,0.04163252809170869,0.10108289663201653,0.6432830585759383,2851
combo_3group_median_flip,現行 scanner: 3-group median（方向 flipped）,60,momentum,4,0.03389615148711981,0.03722991533555155,0.09758858704598436,0.6478428621536303,2851
combo_3group_median_flip,現行 scanner: 3-group median（方向 flipped）,60,momentum,5,0.03126968159060592,0.03534857420225061,0.0952765371242415,0.6481936162749913,2851
combo_3group_median_flip,現行 scanner: 3-group median（方向 flipped）,60,momentum,6,0.028194770834841724,0.03341018830887889,0.0945090871934103,0.6376709926341635,2851
combo_3group_median_flip,現行 scanner: 3-group median（方向 flipped）,60,momentum,7,0.02584105927881372,0.02915443685428157,0.09398388024048908,0.6324096808137496,2851
combo_3group_median_flip,現行 scanner: 3-group median（方向 flipped）,60,momentum,8,0.022337630485504294,0.025107238188269872,0.09450057709972524,0.6124166958961768,2851
combo_3group_median_flip,現行 scanner: 3-group median（方向 flipped）,60,momentum,9,0.019214036197264445,0.02192612284136549,0.09706223205017184,0.5962820063135742,2851
combo_3group_median_flip,現行 scanner: 3-group median（方向 flipped）,60,momentum,10,0.01632421489576807,0.012400051753823846,0.10081029487586925,0.564012627148369,2851
combo_rvol_lowatr,低波動放量 (RVOL - ATR%),60,all,1,0.030970721105418226,0.034753413927160005,0.11130422924815414,0.6396874127825845,3583
combo_rvol_lowatr,低波動放量 (RVOL - ATR%),60,all,2,0.03240318825653572,0.038698604214756786,0.10208844498688252,0.6595032096008931,3583
combo_rvol_lowatr,低波動放量 (RVOL - ATR%),60,all,3,0.03199339862961042,0.03999354630574854,0.09635521700175723,0.6650851241975998,3583
combo_rvol_lowatr,低波動放量 (RVOL - ATR%),60,all,4,0.032739157333441196,0.039568754630776165,0.09092805497590299,0.6770862405805191,3583
combo_rvol_lowatr,低波動放量 (RVOL - ATR%),60,all,5,0.032919876742685164,0.039813911268663155,0.08539556642991242,0.6876918783142618,3583
combo_rvol_lowatr,低波動放量 (RVOL - ATR%),60,all,6,0.03238046560786381,0.04035958808698999,0.08257319405476908,0.6949483672899804,3583
combo_rvol_lowatr,低波動放量 (RVOL - ATR%),60,all,7,0.03244674434204657,0.0392295253865926,0.07878004356743301,0.7058331007535584,3583
combo_rvol_lowatr,低波動放量 (RVOL - ATR%),60,all,8,0.032715863428646894,0.03932313316224498,0.07345600814105362,0.7284398548702204,3583
combo_rvol_lowatr,低波動放量 (RVOL - ATR%),60,all,9,0.03222410948148323,0.038102247396005665,0.06670075403801651,0.7465810773095172,3583
combo_rvol_lowatr,低波動放量 (RVOL - ATR%),60,all,10,0.031056941575874214,0.03503976441073798,0.05493289352334833,0.7694669271560145,3583
combo_rvol_lowatr,低波動放量 (RVOL - ATR%),60,momentum,1,0.03098955434015614,0.02688926909417929,0.1339420830830784,0.5861101367941073,2851
combo_rvol_lowatr,低波動放量 (RVOL - ATR%),60,momentum,2,0.0317572593776169,0.03108495002792325,0.11977801635687617,0.6089091546825676,2851
combo_rvol_lowatr,低波動放量 (RVOL - ATR%),60,momentum,3,0.03144012173400612,0.034612697352074936,0.11417286956172396,0.6218870571729218,2851
combo_rvol_lowatr,低波動放量 (RVOL - ATR%),60,momentum,4,0.030832234976912846,0.03505980367476989,0.10912423178869349,0.6222378112942827,2851
combo_rvol_lowatr,低波動放量 (RVOL - ATR%),60,momentum,5,0.03336173646673613,0.03425390385961691,0.10534516473617372,0.6422307962118555,2851
combo_rvol_lowatr,低波動放量 (RVOL - ATR%),60,momentum,6,0.032126467312017265,0.038208253686337526,0.10270783888374187,0.6411785338477727,2851
combo_rvol_lowatr,低波動放量 (RVOL - ATR%),60,momentum,7,0.03232187316066574,0.03882528512981535,0.09637904297467413,0.644686075061382,2851
combo_rvol_lowatr,低波動放量 (RVOL - ATR%),60,momentum,8,0.02881808020500428,0.033670434048873064,0.08528046621260692,0.6509996492458786,2851
combo_rvol_lowatr,低波動放量 (RVOL - ATR%),60,momentum,9,0.027931623801710364,0.03227099026784022,0.07420491870430998,0.687478077867415,2851
combo_rvol_lowatr,低波動放量 (RVOL - ATR%),60,momentum,10,0.025280373541847655,0.02945912813163126,0.059359111766402906,0.7236057523675903,2851
combo_rvol_meanrev,RVOL + 均值回歸 composite,60,all,1,0.03797632236704272,0.04381115742144294,0.07854693563874322,0.7181133128663132,3583
combo_rvol_meanrev,RVOL + 均值回歸 composite,60,all,2,0.034023210390258914,0.0402996570124775,0.08360403492947521,0.7002511861568518,3583
combo_rvol_meanrev,RVOL + 均值回歸 composite,60,all,3,0.03278542428400643,0.04010094868217603,0.08482083396250423,0.6902037398827798,3583
combo_rvol_meanrev,RVOL + 均值回歸 composite,60,all,4,0.03199321819172569,0.03919671926496283,0.08525678132457797,0.6860173039352498,3583
combo_rvol_meanrev,RVOL + 均值回歸 composite,60,all,5,0.03210552375624048,0.03948330876875719,0.08561939699457966,0.6843427295562378,3583
combo_rvol_meanrev,RVOL + 均值回歸 composite,60,all,6,0.03376673972770306,0.04192733338394623,0.08664133329469285,0.6854591124755791,3583
combo_rvol_meanrev,RVOL + 均值回歸 composite,60,all,7,0.031585155069561,0.038447648901185356,0.08521971342504596,0.6801562936087078,3583
combo_rvol_meanrev,RVOL + 均值回歸 composite,60,all,8,0.029271156901476095,0.03649224536617134,0.0843059697527609,0.6770862405805191,3583
combo_rvol_meanrev,RVOL + 均值回歸 composite,60,all,9,0.02847577152296876,0.0334259279817652,0.08363136918366389,0.6801562936087078,3583
combo_rvol_meanrev,RVOL + 均值回歸 composite,60,all,10,0.02975475023563773,0.0323669615192442,0.0832641277471435,0.6748534747418364,3583
combo_rvol_meanrev,RVOL + 均值回歸 composite,60,momentum,1,0.04006276152809667,0.04091722251363606,0.10922912923176215,0.6471413539109084,2851
combo_rvol_meanrev,RVOL + 均值回歸 composite,60,momentum,2,0.03417302609343651,0.03695887129017639,0.10179387394699256,0.6457383374254647,2851
combo_rvol_meanrev,RVOL + 均值回歸 composite,60,momentum,3,0.03168010276095857,0.034230325922101214,0.09921975515716508,0.6387232549982462,2851
combo_rvol_meanrev,RVOL + 均值回歸 composite,60,momentum,4,0.030858708652742647,0.03593703495263557,0.09935033261170581,0.6352157137846369,2851
combo_rvol_meanrev,RVOL + 均值回歸 composite,60,momentum,5,0.031192561558193298,0.035588625356647,0.09789037198964526,0.6355664679059979,2851
combo_rvol_meanrev,RVOL + 均值回歸 composite,60,momentum,6,0.032740722420650084,0.03678955091786863,0.09886674328602334,0.64012627148369,2851
combo_rvol_meanrev,RVOL + 均值回歸 composite,60,momentum,7,0.03079629358596444,0.03653789851351085,0.09745816790645884,0.6415292879691337,2851
combo_rvol_meanrev,RVOL + 均值回歸 composite,60,momentum,8,0.027595678059860185,0.032972988940333924,0.09694164162114098,0.6366187302700806,2851
combo_rvol_meanrev,RVOL + 均值回歸 composite,60,momentum,9,0.024086936368619336,0.027614384634028134,0.0960779749825697,0.6201332865661171,2851
combo_rvol_meanrev,RVOL + 均值回歸 composite,60,momentum,10,0.02150189068724665,0.020238417352496086,0.0964783582340985,0.5987372851631007,2851
combo_meanrev_pure,純反向均值回歸 (6 個 flipped),60,all,1,0.04251401331269332,0.05292425875200733,0.10287710610889303,0.6862853970016657,3602
combo_meanrev_pure,純反向均值回歸 (6 個 flipped),60,all,2,0.03915016878809676,0.04792040568889046,0.08770668872893961,0.6960022209883399,3602
combo_meanrev_pure,純反向均值回歸 (6 個 flipped),60,all,3,0.03997480960301827,0.0442287117345022,0.09191833035950119,0.7107162687395892,3602
combo_meanrev_pure,純反向均值回歸 (6 個 flipped),60,all,4,0.040656804336091486,0.04263564529643018,0.08879416828999498,0.7193225985563576,3602
combo_meanrev_pure,純反向均值回歸 (6 個 flipped),60,all,5,0.03798294971153326,0.03944461482074059,0.08553339137414959,0.7079400333148251,3602
combo_meanrev_pure,純反向均值回歸 (6 個 flipped),60,all,6,0.037431229565512425,0.04010099035338881,0.0903986972021331,0.7034980566352027,3602
combo_meanrev_pure,純反向均值回歸 (6 個 flipped),60,all,7,0.03124274558950934,0.03419869538815665,0.08704006736672389,0.676846196557468,3602
combo_meanrev_pure,純反向均值回歸 (6 個 flipped),60,all,8,0.02814546799895327,0.03221387135637162,0.08462707408707378,0.6710161021654636,3602
combo_meanrev_pure,純反向均值回歸 (6 個 flipped),60,all,9,0.02775548836212508,0.030946540325965652,0.08497614007069657,0.6651860077734592,3602
combo_meanrev_pure,純反向均值回歸 (6 個 flipped),60,all,10,0.02746640841113456,0.027334938875549632,0.07911370109254998,0.6687951138256524,3602
combo_meanrev_pure,純反向均值回歸 (6 個 flipped),60,momentum,1,0.04696068345407471,0.04795172124386364,0.12671914219652253,0.6517011574886005,2851
combo_meanrev_pure,純反向均值回歸 (6 個 flipped),60,momentum,2,0.03911606176044193,0.04485568165139806,0.11001619851888393,0.6436338126972992,2851
combo_meanrev_pure,純反向均值回歸 (6 個 flipped),60,momentum,3,0.0377218637011677,0.04169394649785199,0.10236795865013197,0.6548579445808488,2851
combo_meanrev_pure,純反向均值回歸 (6 個 flipped),60,momentum,4,0.0345913563240694,0.036960946410022406,0.09711178773946291,0.6432830585759383,2851
combo_meanrev_pure,純反向均值回歸 (6 個 flipped),60,momentum,5,0.03202821062566581,0.035881269008864944,0.09531158737214475,0.6499473868817959,2851
combo_meanrev_pure,純反向均值回歸 (6 個 flipped),60,momentum,6,0.028897862059851075,0.03401106369772786,0.09555469527676635,0.644335320940021,2851
combo_meanrev_pure,純反向均值回歸 (6 個 flipped),60,momentum,7,0.026739203974747282,0.02931800650145654,0.09660063104887781,0.6338126972991933,2851
combo_meanrev_pure,純反向均值回歸 (6 個 flipped),60,momentum,8,0.023175710161910886,0.026301279926638294,0.09726874097960425,0.6117151876534549,2851
combo_meanrev_pure,純反向均值回歸 (6 個 flipped),60,momentum,9,0.019370217868282517,0.018955544124923982,0.09571315310012747,0.5906699403717993,2851
combo_meanrev_pure,純反向均值回歸 (6 個 flipped),60,momentum,10,0.016056783963824314,0.015945791070613016,0.0879398087168216,0.5896176780077166,2851
combo_rvol_only,只用 RVOL（baseline）,60,all,1,0.03204194435390154,0.03411647211953117,0.07766154025442792,0.7005302818866871,3583
combo_rvol_only,只用 RVOL（baseline）,60,all,2,0.02849558876020118,0.03466278026600987,0.08760004715435903,0.6645269327379291,3583
combo_rvol_only,只用 RVOL（baseline）,60,all,3,0.029577903325463843,0.035307906007309486,0.08757430998732618,0.6737370918224951,3583
combo_rvol_only,只用 RVOL（baseline）,60,all,4,0.030089252206472163,0.03653742697719505,0.08647832399915026,0.6793190064192017,3583
combo_rvol_only,只用 RVOL（baseline）,60,all,5,0.030397988360668697,0.03782178672669221,0.08469626633006422,0.6823890594473905,3583
combo_rvol_only,只用 RVOL（baseline）,60,all,6,0.03113112376483497,0.0389038735098389,0.08309762710508066,0.6899246441529444,3583
combo_rvol_only,只用 RVOL（baseline）,60,all,7,0.032435611986267876,0.039660534518284954,0.08282858527862168,0.6938319843706391,3583
combo_rvol_only,只用 RVOL（baseline）,60,all,8,0.03423642141914155,0.041088033393374405,0.08266560551957482,0.6985766117778398,3583
combo_rvol_only,只用 RVOL（baseline）,60,all,9,0.0358853899313575,0.04329442338427845,0.0831143154572704,0.7016466648060284,3583
combo_rvol_only,只用 RVOL（baseline）,60,all,10,0.03744799741218179,0.04507167628929042,0.08516223007246826,0.7049958135640525,3583
combo_rvol_only,只用 RVOL（baseline）,60,momentum,1,0.026288643243589593,0.024009290004562645,0.11000117989021829,0.6011925640126271,2851
combo_rvol_only,只用 RVOL（baseline）,60,momentum,2,0.027954681357024194,0.029915182625432926,0.10460058228711626,0.611013679410733,2851
combo_rvol_only,只用 RVOL（baseline）,60,momentum,3,0.029147680526604977,0.03256793834151072,0.09975860579394716,0.6296036478428622,2851
combo_rvol_only,只用 RVOL（baseline）,60,momentum,4,0.029621903746460197,0.03392791695004621,0.09756420982476459,0.6345142055419151,2851
combo_rvol_only,只用 RVOL（baseline）,60,momentum,5,0.02908882927320035,0.03392490248854823,0.09421331508688288,0.6380217467555244,2851
combo_rvol_only,只用 RVOL（baseline）,60,momentum,6,0.031178782715919166,0.03338128851942927,0.09561739177350953,0.6390740091196071,2851
combo_rvol_only,只用 RVOL（baseline）,60,momentum,7,0.030765355303788502,0.03473524480712617,0.09388539053136118,0.648895124517713,2851
combo_rvol_only,只用 RVOL（baseline）,60,momentum,8,0.03236184290870393,0.03585559132872913,0.09470919325190615,0.6453875833041038,2851
combo_rvol_only,只用 RVOL（baseline）,60,momentum,9,0.034133261777704586,0.03983798396387298,0.09851956591251218,0.6517011574886005,2851
combo_rvol_only,只用 RVOL（baseline）,60,momentum,10,0.03419278021151088,0.04067102583463606,0.10500864557556179,0.6387232549982462,2851
combo_squeeze_rvol,Squeeze + RVOL,60,all,1,0.03148112330911191,0.03517333305885474,0.08104285514854859,0.6879709740440971,3583
combo_squeeze_rvol,Squeeze + RVOL,60,all,2,0.029067011479898812,0.03571556091567008,0.08980488895262179,0.6642478370080938,3583
combo_squeeze_rvol,Squeeze + RVOL,60,all,3,0.0301945334343531,0.035753749157773525,0.08836335081599213,0.6770862405805191,3583
combo_squeeze_rvol,Squeeze + RVOL,60,all,4,0.031119967597478124,0.037997901839643654,0.0867243812600418,0.6857382082054144,3583
combo_squeeze_rvol,Squeeze + RVOL,60,all,5,0.03144029281032368,0.038466346206132845,0.08285243519542734,0.6865754953949205,3583
combo_squeeze_rvol,Squeeze + RVOL,60,all,6,0.031907361993814894,0.03908381291000508,0.08334665383512213,0.6932737929109685,3583
combo_squeeze_rvol,Squeeze + RVOL,60,all,7,0.03339811614377401,0.0415322291334879,0.08350133003960128,0.6935528886408038,3583
combo_squeeze_rvol,Squeeze + RVOL,60,all,8,0.03510049172817073,0.0426249726567333,0.08448249464537311,0.6999720904270165,3583
combo_squeeze_rvol,Squeeze + RVOL,60,all,9,0.03506866780463592,0.042420107436896,0.08317172656249389,0.7033212391850404,3583
combo_squeeze_rvol,Squeeze + RVOL,60,all,10,0.03297195969639319,0.03853604204990867,0.07630387692035902,0.7077867708624058,3583
combo_squeeze_rvol,Squeeze + RVOL,60,momentum,1,0.027101936109410037,0.0250188671740172,0.11027578281326172,0.606804629954402,2851
combo_squeeze_rvol,Squeeze + RVOL,60,momentum,2,0.028981431229787406,0.030718986258777326,0.10386359860979817,0.6176780077165906,2851
combo_squeeze_rvol,Squeeze + RVOL,60,momentum,3,0.030468956118723536,0.035274321471848245,0.09954615754821375,0.6394247632409681,2851
combo_squeeze_rvol,Squeeze + RVOL,60,momentum,4,0.030003117978261527,0.03477715782102621,0.09611656176316506,0.6509996492458786,2851
combo_squeeze_rvol,Squeeze + RVOL,60,momentum,5,0.030416872019055213,0.0349691716607206,0.0952444902726019,0.6425815503332164,2851
combo_squeeze_rvol,Squeeze + RVOL,60,momentum,6,0.03167195254516451,0.0360835945175806,0.09720905687835152,0.6415292879691337,2851
combo_squeeze_rvol,Squeeze + RVOL,60,momentum,7,0.03139157822179546,0.035855326952807576,0.09612725234707212,0.6387232549982462,2851
combo_squeeze_rvol,Squeeze + RVOL,60,momentum,8,0.0331140438301,0.03973875097166992,0.09797031187080346,0.6457383374254647,2851
combo_squeeze_rvol,Squeeze + RVOL,60,momentum,9,0.0337468931459746,0.039431391111855556,0.10109943527130659,0.6464398456681866,2851
combo_squeeze_rvol,Squeeze + RVOL,60,momentum,10,0.0278828975906323,0.03170774725474083,0.09539254749735823,0.634864959663276,2851
combo_counter_trend_rvol,逆勢撈底 (-MA20dev + RVOL),60,all,1,0.037952552677195245,0.042544192148441594,0.08126792222288584,0.7091822495115825,3583
combo_counter_trend_rvol,逆勢撈底 (-MA20dev + RVOL),60,all,2,0.03472551394452911,0.042311013906877734,0.08129202880632225,0.7033212391850404,3583
combo_counter_trend_rvol,逆勢撈底 (-MA20dev + RVOL),60,all,3,0.033410791265273555,0.04083278024745207,0.08167199715247503,0.6982975160480045,3583
combo_counter_trend_rvol,逆勢撈底 (-MA20dev + RVOL),60,all,4,0.03336069414921649,0.041397164764257637,0.08312319023192653,0.6980184203181692,3583
combo_counter_trend_rvol,逆勢撈底 (-MA20dev + RVOL),60,all,5,0.03357016932614638,0.041603675148910606,0.08564901252525764,0.6915992185319565,3583
combo_counter_trend_rvol,逆勢撈底 (-MA20dev + RVOL),60,all,6,0.03249513497366881,0.03981503668071437,0.08565446317072598,0.6826681551772258,3583
combo_counter_trend_rvol,逆勢撈底 (-MA20dev + RVOL),60,all,7,0.029880819851606337,0.03631112328238351,0.08433300082119383,0.6821099637175552,3583
combo_counter_trend_rvol,逆勢撈底 (-MA20dev + RVOL),60,all,8,0.02817034706283158,0.03321190287138639,0.08446144262534151,0.6745743790120011,3583
combo_counter_trend_rvol,逆勢撈底 (-MA20dev + RVOL),60,all,9,0.027974521130951037,0.03189403819287641,0.08639458370029059,0.6692715601451298,3583
combo_counter_trend_rvol,逆勢撈底 (-MA20dev + RVOL),60,all,10,0.030141775087546535,0.03043024035728387,0.09107025169950503,0.6734579960926598,3583
combo_counter_trend_rvol,逆勢撈底 (-MA20dev + RVOL),60,momentum,1,0.04079454891094231,0.042593168699095095,0.1110289997269226,0.653805682216766,2851
combo_counter_trend_rvol,逆勢撈底 (-MA20dev + RVOL),60,momentum,2,0.0363292474690373,0.03987153042000623,0.09970529858956402,0.6453875833041038,2851
combo_counter_trend_rvol,逆勢撈底 (-MA20dev + RVOL),60,momentum,3,0.03340977203936495,0.03928996707871716,0.09700902636721638,0.6506488951245177,2851
combo_counter_trend_rvol,逆勢撈底 (-MA20dev + RVOL),60,momentum,4,0.03315550536239529,0.039959323785311474,0.09691520825274849,0.648895124517713,2851
combo_counter_trend_rvol,逆勢撈底 (-MA20dev + RVOL),60,momentum,5,0.03309362605774093,0.04090529259638423,0.09731468715448026,0.6509996492458786,2851
combo_counter_trend_rvol,逆勢撈底 (-MA20dev + RVOL),60,momentum,6,0.030539298085526526,0.03437080690812658,0.09797298300763038,0.6345142055419151,2851
combo_counter_trend_rvol,逆勢撈底 (-MA20dev + RVOL),60,momentum,7,0.02754126447281626,0.031194324646870598,0.09760495892015152,0.6317081725710277,2851
combo_counter_trend_rvol,逆勢撈底 (-MA20dev + RVOL),60,momentum,8,0.02437059436744491,0.027472848822979585,0.09662799733526395,0.6197825324447562,2851
combo_counter_trend_rvol,逆勢撈底 (-MA20dev + RVOL),60,momentum,9,0.022815415977217045,0.02410702822583968,0.09954282996105651,0.6106629252893722,2851
combo_counter_trend_rvol,逆勢撈底 (-MA20dev + RVOL),60,momentum,10,0.022597615555379313,0.019426447626429023,0.10475945294171041,0.5934759733426868,2851
combo_momflip_volpos,動能 flip + 量能正向,60,all,1,0.029289876734587137,0.03303076555207546,0.08358963936772883,0.6712252302539771,3583
combo_momflip_volpos,動能 flip + 量能正向,60,all,2,0.0293495339645161,0.034535482515208556,0.08276163444376904,0.6793190064192017,3583
combo_momflip_volpos,動能 flip + 量能正向,60,all,3,0.030601220936018768,0.0364482537471315,0.0833897346770114,0.6843427295562378,3583
combo_momflip_volpos,動能 flip + 量能正向,60,all,4,0.03136783262938736,0.03823672108560377,0.08366427268086266,0.6843427295562378,3583
combo_momflip_volpos,動能 flip + 量能正向,60,all,5,0.03237345488398203,0.03892756435625498,0.08380309753867483,0.6885291655037677,3583
combo_momflip_volpos,動能 flip + 量能正向,60,all,6,0.03287886138770052,0.03992896636117075,0.08360566483855139,0.6927156014512978,3583
combo_momflip_volpos,動能 flip + 量能正向,60,all,7,0.03390982064207195,0.04159115878489157,0.08359066992905045,0.6991348032375104,3583
combo_momflip_volpos,動能 flip + 量能正向,60,all,8,0.035091448982586385,0.04293163050035342,0.08485533802677131,0.6996929946971812,3583
combo_momflip_volpos,動能 flip + 量能正向,60,all,9,0.036234308492088745,0.043893868415056846,0.08544022839508096,0.6985766117778398,3583
combo_momflip_volpos,動能 flip + 量能正向,60,all,10,0.037161347226970294,0.04301163815889148,0.0861999193469343,0.7027630477253698,3583
combo_momflip_volpos,動能 flip + 量能正向,60,momentum,1,0.02458160029361361,0.02378053654993447,0.10100574327760779,0.6082076464398457,2851
combo_momflip_volpos,動能 flip + 量能正向,60,momentum,2,0.026889598722434346,0.030174088325214978,0.09815811219458706,0.629954401964223,2851
combo_momflip_volpos,動能 flip + 量能正向,60,momentum,3,0.027313925942402877,0.0313637644430403,0.09554152257377847,0.6324096808137496,2851
combo_momflip_volpos,動能 flip + 量能正向,60,momentum,4,0.02819699520658351,0.03191474529632518,0.09594077743634184,0.6331111890564715,2851
combo_momflip_volpos,動能 flip + 量能正向,60,momentum,5,0.028833691650526624,0.03381227426576275,0.09532529353381824,0.6327604349351105,2851
combo_momflip_volpos,動能 flip + 量能正向,60,momentum,6,0.03133748662755613,0.03664336008217266,0.09730052250172246,0.644335320940021,2851
combo_momflip_volpos,動能 flip + 量能正向,60,momentum,7,0.0327230305145185,0.038999325735960676,0.0982743219472044,0.6390740091196071,2851
combo_momflip_volpos,動能 flip + 量能正向,60,momentum,8,0.035217037030745885,0.03918899978727824,0.1011909204485521,0.644686075061382,2851
combo_momflip_volpos,動能 flip + 量能正向,60,momentum,9,0.035653150346501294,0.03955947032216957,0.10178165208294258,0.6436338126972992,2851
combo_momflip_volpos,動能 flip + 量能正向,60,momentum,10,0.03403145344227952,0.03719375903221437,0.10461212190258563,0.6390740091196071,2851
sig_ma20_dev_rn,MA20 偏離,60,all,1,0.028305771283642495,0.025601592170076258,0.10702899304406033,0.6260117220206531,3583
sig_ma20_dev_rn,MA20 偏離,60,all,2,0.026774480404002467,0.02907498181078777,0.09427888005875724,0.6480602846776444,3583
sig_ma20_dev_rn,MA20 偏離,60,all,3,0.030370974796281706,0.03346669580043853,0.08994422484702254,0.6776444320401898,3583
sig_ma20_dev_rn,MA20 偏離,60,all,4,0.03405574760377087,0.036357045473255786,0.08835449336793516,0.7036003349148758,3583
sig_ma20_dev_rn,MA20 偏離,60,all,5,0.035953134889558695,0.03825366192119317,0.0816750429789319,0.7183924085961485,3583
sig_ma20_dev_rn,MA20 偏離,60,all,6,0.03628232247991603,0.038113723307321906,0.07831196688385338,0.7220206530840079,3583
sig_ma20_dev_rn,MA20 偏離,60,all,7,0.03717483214806581,0.04167552230027625,0.07657975094876894,0.7317890036282445,3583
sig_ma20_dev_rn,MA20 偏離,60,all,8,0.03995745396760346,0.04361607022772626,0.08303048500843613,0.7301144292492325,3583
sig_ma20_dev_rn,MA20 偏離,60,all,9,0.04167097937797257,0.04869019954152243,0.08970848670342185,0.7142059726486185,3583
sig_ma20_dev_rn,MA20 偏離,60,all,10,0.04570839393885116,0.0532091449863568,0.10465285962540552,0.6943901758303098,3583
sig_ma20_dev_rn,MA20 偏離,60,momentum,1,0.018819529981367246,0.012303197747105084,0.12144426738907568,0.5552437741143459,2851
sig_ma20_dev_rn,MA20 偏離,60,momentum,2,0.022332590734339856,0.02133111893940268,0.10578134569708592,0.5808488249736934,2851
sig_ma20_dev_rn,MA20 偏離,60,momentum,3,0.024070813125148832,0.026657513464300415,0.09735333253696248,0.6106629252893722,2851
sig_ma20_dev_rn,MA20 偏離,60,momentum,4,0.025895973541991416,0.029560015811916456,0.09261855015893841,0.634864959663276,2851
sig_ma20_dev_rn,MA20 偏離,60,momentum,5,0.02777483295261491,0.033176428371758986,0.08939257007611556,0.6541564363381269,2851
sig_ma20_dev_rn,MA20 偏離,60,momentum,6,0.030994706116117536,0.034187827098040136,0.08916401346725267,0.6590669940371799,2851
sig_ma20_dev_rn,MA20 偏離,60,momentum,7,0.03407206978661345,0.03938287081019493,0.09028004483517041,0.6650298141003157,2851
sig_ma20_dev_rn,MA20 偏離,60,momentum,8,0.03527124729656804,0.03760106408481071,0.09585180884947214,0.6513504033672396,2851
sig_ma20_dev_rn,MA20 偏離,60,momentum,9,0.0375577518774058,0.042517899384363664,0.10439819538528408,0.6383725008768854,2851
sig_ma20_dev_rn,MA20 偏離,60,momentum,10,0.04789423646124801,0.049590522681195154,0.12604290409993707,0.6604700105226237,2851
sig_ma_align_rn,MA 排列,60,all,1,0.02467261140451462,0.01993882082400423,0.10344429612699033,0.6051368896415467,3543
sig_ma_align_rn,MA 排列,60,all,2,0.026549092699179985,0.024770176516354662,0.09356365077741327,0.6395709850409258,3543
sig_ma_align_rn,MA 排列,60,all,3,0.029852721422026975,0.03166407190177197,0.08566182306271518,0.6745695738075078,3543
sig_ma_align_rn,MA 排列,60,all,4,0.03204467834419062,0.03694332392881793,0.0790683892980327,0.707874682472481,3543
sig_ma_align_rn,MA 排列,60,all,5,0.033539809081729974,0.03855677885800197,0.07401519097460392,0.7293254304261925,3543
sig_ma_align_rn,MA 排列,60,all,6,0.03935095557063663,0.04192646825087154,0.08189973857749067,0.7363815975162292,3543
sig_ma_align_rn,MA 排列,60,all,7,0.04203169541057033,0.04545982613132037,0.08060674355589029,0.7445667513406717,3543
sig_ma_align_rn,MA 排列,60,all,8,0.045854733358320174,0.0473528032338734,0.08342126285705859,0.7451312447078747,3543
sig_ma_align_rn,MA 排列,60,all,9,0.049996902540622015,0.05162425205193888,0.09398102678466812,0.7307366638441999,3543
sig_ma_align_rn,MA 排列,60,all,10,0.05084119565712148,0.05948339171404393,0.10327434241620867,0.7067456957380751,3543
sig_ma_align_rn,MA 排列,60,momentum,1,0.00784351188326933,0.010278311889894124,0.11149730838773399,0.5380568221676605,2851
sig_ma_align_rn,MA 排列,60,momentum,2,0.018825369664822563,0.024192119319029266,0.10080301079793506,0.6050508593475973,2851
sig_ma_align_rn,MA 排列,60,momentum,3,0.025270766534430996,0.02894928254359308,0.09502372692958404,0.6341634514205542,2851
sig_ma_align_rn,MA 排列,60,momentum,4,0.028027657939383385,0.032667362542855176,0.08959526299244996,0.6527534198526833,2851
sig_ma_align_rn,MA 排列,60,momentum,5,0.030930451414409577,0.03532785407822708,0.08793668245268373,0.663626797614872,2851
sig_ma_align_rn,MA 排列,60,momentum,6,0.032678137921682816,0.03877458416893098,0.0872300769535963,0.6541564363381269,2851
sig_ma_align_rn,MA 排列,60,momentum,7,0.03377658242986243,0.035026851514876875,0.09257308345797857,0.6569624693090144,2851
sig_ma_align_rn,MA 排列,60,momentum,8,0.03636109073002054,0.038605054147960706,0.09921107788643187,0.6467905997895476,2851
sig_ma_align_rn,MA 排列,60,momentum,9,0.038744037406737625,0.0380908376535876,0.10808735110414817,0.6408277797264118,2851
sig_ma_align_rn,MA 排列,60,momentum,10,0.05230922452670089,0.047853408780198115,0.1393634133784929,0.6597685022799018,2851
sig_supertrend_rn,Supertrend,60,all,1,0.023435313964487503,0.029286803317006185,0.06980991546675464,0.6871182676290949,3602
sig_supertrend_rn,Supertrend,60,all,2,0.029671289746054208,0.036254831900869096,0.07594108873827177,0.6957245974458635,3602
sig_supertrend_rn,Supertrend,60,all,3,0.03649859753314522,0.03700049028626255,0.08199364012255614,0.7123820099944476,3602
sig_supertrend_rn,Supertrend,60,all,4,0.03683442151854734,0.038052523331813984,0.09474460586881614,0.6951693503609107,3602
sig_supertrend_rn,Supertrend,60,all,5,0.039332546445077804,0.0406649825830465,0.08523595042005522,0.7093281510272071,3602
sig_supertrend_rn,Supertrend,60,all,6,0.04158717536746071,0.04651519221354192,0.11071336851071865,0.6737923375902276,3602
sig_supertrend_rn,Supertrend,60,all,7,0.031555607767138436,0.03901800513366124,0.08819865769985552,0.6826762909494725,3602
sig_supertrend_rn,Supertrend,60,all,8,0.038490207221135046,0.042223471104085364,0.09234564961949282,0.6921154913936702,3602
sig_supertrend_rn,Supertrend,60,all,9,0.03899596318010637,0.04102886740280025,0.09742448058152824,0.6787895613548028,3602
sig_supertrend_rn,Supertrend,60,all,10,0.03593565854688201,0.041370922948895834,0.0863979964651921,0.711271515824542,3602
sig_supertrend_rn,Supertrend,60,momentum,1,0.025126191605400423,0.027274156593422035,0.07551450353698612,0.6667835847071203,2851
sig_supertrend_rn,Supertrend,60,momentum,2,0.024100332337131675,0.028318965556121102,0.07864645533680197,0.6513504033672396,2851
sig_supertrend_rn,Supertrend,60,momentum,3,0.025883818659879224,0.029402394576843873,0.086591025459251,0.6317081725710277,2851
sig_supertrend_rn,Supertrend,60,momentum,4,0.03143322480200766,0.028816789404817567,0.10340378794733746,0.6229393195370045,2851
sig_supertrend_rn,Supertrend,60,momentum,5,0.03996456088145136,0.04348442709145816,0.10923568053484689,0.6545071904594879,2851
sig_supertrend_rn,Supertrend,60,momentum,6,0.0357857011972894,0.033147428246094124,0.109462742038998,0.6296036478428622,2851
sig_supertrend_rn,Supertrend,60,momentum,7,0.02251636008331206,0.031945648339747695,0.10753452317183314,0.6155734829884251,2851
sig_supertrend_rn,Supertrend,60,momentum,8,0.03180000392532272,0.023881346515319486,0.11504368385513312,0.5899684321290776,2851
sig_supertrend_rn,Supertrend,60,momentum,9,0.03530725717031458,0.03849876415298281,0.11955903185357282,0.6555594528235706,2851
sig_supertrend_rn,Supertrend,60,momentum,10,0.032792521957756594,0.036983337703516576,0.11052525998914631,0.6173272535952298,2851
sig_adx_dir_rn,ADX×方向,60,all,1,0.025223527963091037,0.02564733761543423,0.08067720792169002,0.6579677956690727,3602
sig_adx_dir_rn,ADX×方向,60,all,2,0.024043312767581634,0.027832781208731013,0.0844722435151591,0.6549139367018323,3602
sig_adx_dir_rn,ADX×方向,60,all,3,0.025428733174518377,0.030450082738323867,0.08629193389293822,0.6557468073292615,3602
sig_adx_dir_rn,ADX×方向,60,all,4,0.027888714341006628,0.03386249913881381,0.08467703060886707,0.6737923375902276,3602
sig_adx_dir_rn,ADX×方向,60,all,5,0.028878865675608007,0.03612192882623344,0.08459933012407012,0.6746252082176568,3602
sig_adx_dir_rn,ADX×方向,60,all,6,0.030738056843534867,0.03885244447857203,0.08393892913376755,0.6815657967795669,3602
sig_adx_dir_rn,ADX×方向,60,all,7,0.033698030351706904,0.040794330152289615,0.0845043590199389,0.6901721265963354,3602
sig_adx_dir_rn,ADX×方向,60,all,8,0.03642741095292504,0.044452675453863846,0.08427180803204996,0.6971127151582455,3602
sig_adx_dir_rn,ADX×方向,60,all,9,0.03955001818000713,0.046668687593254196,0.08488140972450153,0.7090505274847307,3602
sig_adx_dir_rn,ADX×方向,60,all,10,0.05065207479064611,0.0548551403165127,0.08845973165938893,0.7415324819544697,3602
sig_adx_dir_rn,ADX×方向,60,momentum,1,0.010975039454875851,0.011179932887583297,0.09080815064993772,0.5626096106629253,2851
sig_adx_dir_rn,ADX×方向,60,momentum,2,0.019120954944391203,0.022542675496155146,0.09662769011992464,0.6008418098912662,2851
sig_adx_dir_rn,ADX×方向,60,momentum,3,0.022466844524255854,0.026989899147326274,0.09637492517119217,0.6141704665029815,2851
sig_adx_dir_rn,ADX×方向,60,momentum,4,0.02586471708323847,0.03141462129672932,0.09627668748247763,0.6246930901438091,2851
sig_adx_dir_rn,ADX×方向,60,momentum,5,0.0286604683023368,0.03456755383007587,0.09539322983278303,0.6380217467555244,2851
sig_adx_dir_rn,ADX×方向,60,momentum,6,0.03130753325206754,0.03596543172700499,0.09802221341408222,0.6359172220273588,2851
sig_adx_dir_rn,ADX×方向,60,momentum,7,0.0346194146288563,0.035638192774536136,0.10106436671027208,0.6327604349351105,2851
sig_adx_dir_rn,ADX×方向,60,momentum,8,0.036654492800968344,0.03724531853584693,0.10378967836617868,0.6411785338477727,2851
sig_adx_dir_rn,ADX×方向,60,momentum,9,0.04115396326409314,0.0416400423373782,0.10381618343210122,0.6580147316730972,2851
sig_adx_dir_rn,ADX×方向,60,momentum,10,0.053320986405256066,0.05038641377422449,0.1193442028005085,0.6850227990178884,2851
sig_vwap_dev_rn,VWAP 偏離,60,all,1,0.025473742519233414,0.02471965586056369,0.10962462769515322,0.6120569355288864,3583
sig_vwap_dev_rn,VWAP 偏離,60,all,2,0.025884728967873256,0.029906308502494778,0.09607941453495722,0.6413619871615964,3583
sig_vwap_dev_rn,VWAP 偏離,60,all,3,0.027352945739022316,0.03163054841051125,0.08807608675359259,0.6664806028467765,3583
sig_vwap_dev_rn,VWAP 偏離,60,all,4,0.029068975687436487,0.03403512772481229,0.08206116593103419,0.6868545911247558,3583
sig_vwap_dev_rn,VWAP 偏離,60,all,5,0.030273726491918583,0.03593330996861708,0.07783086716555529,0.7055540050237231,3583
sig_vwap_dev_rn,VWAP 偏離,60,all,6,0.03164925744572717,0.03664989593786594,0.07459993337894526,0.7153223555679598,3583
sig_vwap_dev_rn,VWAP 偏離,60,all,7,0.033381644177717884,0.03958524524379641,0.07263494529950897,0.7295562377895618,3583
sig_vwap_dev_rn,VWAP 偏離,60,all,8,0.03584318808090134,0.04257683444105445,0.07506737049381497,0.7287189506000559,3583
sig_vwap_dev_rn,VWAP 偏離,60,all,9,0.037726208686033914,0.045603435367874194,0.08111127760482009,0.7128104939994419,3583
sig_vwap_dev_rn,VWAP 偏離,60,all,10,0.04504291959912271,0.05222579986078421,0.09782102451416001,0.6960647502093218,3583
sig_vwap_dev_rn,VWAP 偏離,60,momentum,1,0.017689025274248028,0.010865210258047035,0.12443627056509662,0.5489301999298491,2851
sig_vwap_dev_rn,VWAP 偏離,60,momentum,2,0.022831737871703246,0.021726569844506032,0.10862939848553811,0.5955804980708523,2851
sig_vwap_dev_rn,VWAP 偏離,60,momentum,3,0.023328512193253013,0.023867949969125064,0.10054571613919881,0.60224482637671,2851
sig_vwap_dev_rn,VWAP 偏離,60,momentum,4,0.025431398634228868,0.027753016890552346,0.09476780338001314,0.6310066643283059,2851
sig_vwap_dev_rn,VWAP 偏離,60,momentum,5,0.027786396117394488,0.03253920816512667,0.0900037340642316,0.644686075061382,2851
sig_vwap_dev_rn,VWAP 偏離,60,momentum,6,0.029879200597980802,0.035198725689624726,0.08827296497001669,0.6622237811294283,2851
sig_vwap_dev_rn,VWAP 偏離,60,momentum,7,0.03318072692102958,0.03691959766937121,0.08811531587674806,0.6709926341634515,2851
sig_vwap_dev_rn,VWAP 偏離,60,momentum,8,0.03473067238727146,0.03836302249488857,0.09109968331407069,0.6509996492458786,2851
sig_vwap_dev_rn,VWAP 偏離,60,momentum,9,0.038575599012015155,0.04379882565859193,0.10002088360439801,0.6569624693090144,2851
sig_vwap_dev_rn,VWAP 偏離,60,momentum,10,0.05123621329071966,0.05344511122993463,0.12482110543148651,0.6664328305857594,2851
sig_macd_hist_rn,MACD Hist,60,all,1,0.03463980568728391,0.036932134440859125,0.10512474523171866,0.650042028579434,3569
sig_macd_hist_rn,MACD Hist,60,all,2,0.03630208150848313,0.0378234689338238,0.09626328443319904,0.6783412720650042,3569
sig_macd_hist_rn,MACD Hist,60,all,3,0.03709591338418848,0.03902454470303959,0.08776484910358438,0.7060801344914542,3569
sig_macd_hist_rn,MACD Hist,60,all,4,0.03610785821612499,0.03959109653063768,0.08018969281123413,0.7122443261417765,3569
sig_macd_hist_rn,MACD Hist,60,all,5,0.036077660561887555,0.03910718209062738,0.07818915923794582,0.7265340431493416,3569
sig_macd_hist_rn,MACD Hist,60,all,6,0.037122259972539304,0.039620916121758144,0.08092424041609714,0.727934995797142,3569
sig_macd_hist_rn,MACD Hist,60,all,7,0.03534338219006191,0.03917537896691353,0.08018408865270037,0.7273746147380219,3569
sig_macd_hist_rn,MACD Hist,60,all,8,0.035732190313265015,0.040297385628553874,0.08366994804324575,0.7041188007845335,3569
sig_macd_hist_rn,MACD Hist,60,all,9,0.03529553208136684,0.040000437869985334,0.08916866321135021,0.6926309890725694,3569
sig_macd_hist_rn,MACD Hist,60,all,10,0.03848637480089194,0.04477726565381184,0.10393691737713995,0.6847856542448866,3569
sig_macd_hist_rn,MACD Hist,60,momentum,1,0.028780181736385246,0.02197634938355132,0.1271604072821663,0.5794458084882498,2851
sig_macd_hist_rn,MACD Hist,60,momentum,2,0.02817739229176559,0.028065458119358937,0.10599029263452077,0.611013679410733,2851
sig_macd_hist_rn,MACD Hist,60,momentum,3,0.02786637001321989,0.027548224945649003,0.09969505503182376,0.6236408277797264,2851
sig_macd_hist_rn,MACD Hist,60,momentum,4,0.028048529722684405,0.029177096984430776,0.09284222728919708,0.6334619431778323,2851
sig_macd_hist_rn,MACD Hist,60,momentum,5,0.029318370665128622,0.03459074841368048,0.08818252211615747,0.6524026657313223,2851
sig_macd_hist_rn,MACD Hist,60,momentum,6,0.03107966050233716,0.03570592043989216,0.08893011085899409,0.6548579445808488,2851
sig_macd_hist_rn,MACD Hist,60,momentum,7,0.032088504780735216,0.03668990519865882,0.09025303998454784,0.6594177481585408,2851
sig_macd_hist_rn,MACD Hist,60,momentum,8,0.030119705125011352,0.03326176389675808,0.09461978939006448,0.6474921080322694,2851
sig_macd_hist_rn,MACD Hist,60,momentum,9,0.03239704719573315,0.035674544101095815,0.10136750875444178,0.6387232549982462,2851
sig_macd_hist_rn,MACD Hist,60,momentum,10,0.036813106450277286,0.04294134197170794,0.11980980484748445,0.6352157137846369,2851
sig_rsi_dev_rn,RSI 偏離,60,all,1,0.02416653784621775,0.0243009990422329,0.08639919547868027,0.6324881582613542,3589
sig_rsi_dev_rn,RSI 偏離,60,all,2,0.023797645418486422,0.027135235248916957,0.08854989869853636,0.6405684034550014,3589
sig_rsi_dev_rn,RSI 偏離,60,all,3,0.026764711388642174,0.03014482637437959,0.0882269074281209,0.6628587350236835,3589
sig_rsi_dev_rn,RSI 偏離,60,all,4,0.02833877281617485,0.03382904986063285,0.08657915860951881,0.6698244636388966,3589
sig_rsi_dev_rn,RSI 偏離,60,all,5,0.030409667973747792,0.03746851225754898,0.08506747876302427,0.6818055168570633,3589
sig_rsi_dev_rn,RSI 偏離,60,all,6,0.03315836177427697,0.03989440762199173,0.08313660236934249,0.6951797157982725,3589
sig_rsi_dev_rn,RSI 偏離,60,all,7,0.0352757549254678,0.04238319673510949,0.08197609858407262,0.7038172192811368,3589
sig_rsi_dev_rn,RSI 偏離,60,all,8,0.03738943136589052,0.044875716838236164,0.08167508851045183,0.711340206185567,3589
sig_rsi_dev_rn,RSI 偏離,60,all,9,0.04091212704073572,0.048995230347127806,0.08139195657271546,0.7233212594037336,3589
sig_rsi_dev_rn,RSI 偏離,60,all,10,0.07492710271359918,0.07022614321247003,0.10978205154127287,0.7885204792421288,3589
sig_rsi_dev_rn,RSI 偏離,60,momentum,1,0.010362568902040178,0.007586494109311178,0.09429055640322932,0.5359522974394949,2851
sig_rsi_dev_rn,RSI 偏離,60,momentum,2,0.01753550801875207,0.019880831718915207,0.09833098553957197,0.5889161697649947,2851
sig_rsi_dev_rn,RSI 偏離,60,momentum,3,0.021691161605118577,0.02515606033096825,0.09862355123074369,0.6029463346194318,2851
sig_rsi_dev_rn,RSI 偏離,60,momentum,4,0.02549070504873714,0.029124404799979752,0.10005834079592545,0.6229393195370045,2851
sig_rsi_dev_rn,RSI 偏離,60,momentum,5,0.029950744427569172,0.0363092125926141,0.09862406414659936,0.6411785338477727,2851
sig_rsi_dev_rn,RSI 偏離,60,momentum,6,0.03282772054151879,0.034974062824713374,0.1012020844160093,0.6345142055419151,2851
sig_rsi_dev_rn,RSI 偏離,60,momentum,7,0.03404158886765499,0.03643080532537126,0.09967008335685956,0.644686075061382,2851
sig_rsi_dev_rn,RSI 偏離,60,momentum,8,0.03845456040718809,0.0411032860070014,0.10078292802863086,0.6576639775517362,2851
sig_rsi_dev_rn,RSI 偏離,60,momentum,9,0.042300589948269636,0.04478000050079121,0.10303362014633724,0.6590669940371799,2851
sig_rsi_dev_rn,RSI 偏離,60,momentum,10,0.05208730987099337,0.053483444048527284,0.11141696013574859,0.6923886355664679,2851
sig_kd_diff_rn,KD 差,60,all,1,0.03156576897579696,0.037074892265852435,0.08022957082478709,0.6950097574574854,3587
sig_kd_diff_rn,KD 差,60,all,2,0.03182603734297055,0.03748356128004068,0.08494698685037619,0.6852522999721216,3587
sig_kd_diff_rn,KD 差,60,all,3,0.031144270432103695,0.03847261518544013,0.08511388873541073,0.6796766099804851,3587
sig_kd_diff_rn,KD 差,60,all,4,0.032360429038346544,0.03942438976500648,0.08593137656506473,0.6841371619737943,3587
sig_kd_diff_rn,KD 差,60,all,5,0.032954981453857994,0.03945902387986629,0.08580028454734695,0.6952885419570672,3587
sig_kd_diff_rn,KD 差,60,all,6,0.03328879542507622,0.0397423492864884,0.08561022440089476,0.6922219124616671,3587
sig_kd_diff_rn,KD 差,60,all,7,0.033511645940979086,0.04032976224172141,0.08501838595581315,0.6966824644549763,3587
sig_kd_diff_rn,KD 差,60,all,8,0.03385892612369885,0.040223533905874076,0.08385529535705434,0.6936158349595762,3587
sig_kd_diff_rn,KD 差,60,all,9,0.03255855730541999,0.03940938563545882,0.08232006469893362,0.6930582659604126,3587
sig_kd_diff_rn,KD 差,60,all,10,0.03050007682904069,0.03532822443565084,0.08151463070756719,0.6844159464733761,3587
sig_kd_diff_rn,KD 差,60,momentum,1,0.026869600177602333,0.028189492269419532,0.09948353915867288,0.6292528937215013,2851
sig_kd_diff_rn,KD 差,60,momentum,2,0.03016554081089066,0.03116669982171069,0.10031774518311308,0.6289021396001403,2851
sig_kd_diff_rn,KD 差,60,momentum,3,0.030131107395855283,0.03471598848092995,0.09977933761052776,0.6267976148719747,2851
sig_kd_diff_rn,KD 差,60,momentum,4,0.030235516642863603,0.03574801092647839,0.10005091278997309,0.6341634514205542,2851
sig_kd_diff_rn,KD 差,60,momentum,5,0.03160048970752404,0.0345975335490421,0.10019778674500424,0.6394247632409681,2851
sig_kd_diff_rn,KD 差,60,momentum,6,0.0319762373250732,0.036374250042996506,0.0992863281483396,0.6422307962118555,2851
sig_kd_diff_rn,KD 差,60,momentum,7,0.03187120833712994,0.03624128876813218,0.10014128791055296,0.6390740091196071,2851
sig_kd_diff_rn,KD 差,60,momentum,8,0.03239184205407741,0.03599961145413959,0.0994149859820625,0.6418800420904945,2851
sig_kd_diff_rn,KD 差,60,momentum,9,0.03097478522448242,0.0353758951089385,0.09826825973230134,0.644335320940021,2851
sig_kd_diff_rn,KD 差,60,momentum,10,0.028557793921135544,0.029714882024739195,0.09894108167770355,0.6292528937215013,2851
sig_efi_rn,EFI,60,all,1,0.0309951326355568,0.029649164905544454,0.09104064961459855,0.6662015071169411,3583
sig_efi_rn,EFI,60,all,2,0.0271207305145877,0.029032429997728707,0.08754323911825093,0.6617359754395757,3583
sig_efi_rn,EFI,60,all,3,0.02778647194477137,0.033474452191343165,0.08147942383238277,0.6857382082054144,3583
sig_efi_rn,EFI,60,all,4,0.029682645503653758,0.03604961169519922,0.07795324018329657,0.7049958135640525,3583
sig_efi_rn,EFI,60,all,5,0.031329038690219,0.03651558225337466,0.07693924144426019,0.7102986324309238,3583
sig_efi_rn,EFI,60,all,6,0.032405295226811806,0.038594705575401546,0.07803435547271394,0.7044376221043818,3583
sig_efi_rn,EFI,60,all,7,0.03375126493996028,0.039743385042215466,0.08111964482163903,0.7041585263745465,3583
sig_efi_rn,EFI,60,all,8,0.03468507867625549,0.04267377251461645,0.08555643927951781,0.6882500697739324,3583
sig_efi_rn,EFI,60,all,9,0.03555201749501554,0.04407897237328029,0.09066457364677981,0.6840636338264025,3583
sig_efi_rn,EFI,60,all,10,0.03838285292797906,0.04824734241782549,0.09750350961992567,0.6801562936087078,3583
sig_efi_rn,EFI,60,momentum,1,0.0199426202035026,0.01755172585144648,0.10593979877921515,0.5840056120659418,2851
sig_efi_rn,EFI,60,momentum,2,0.023666044108984857,0.025422582307420484,0.09724908651671653,0.6169764994738688,2851
sig_efi_rn,EFI,60,momentum,3,0.025738105394499534,0.029379948475213635,0.0917215253486856,0.6310066643283059,2851
sig_efi_rn,EFI,60,momentum,4,0.02788189964597942,0.02955511444769767,0.09028373699486703,0.6432830585759383,2851
sig_efi_rn,EFI,60,momentum,5,0.028142312037115286,0.032231827423988765,0.09083935998545051,0.6418800420904945,2851
sig_efi_rn,EFI,60,momentum,6,0.031637262372390014,0.034433959234341484,0.09240937991708689,0.6513504033672396,2851
sig_efi_rn,EFI,60,momentum,7,0.034031756751476565,0.03659499737811212,0.09837208783661117,0.6471413539109084,2851
sig_efi_rn,EFI,60,momentum,8,0.035680945852640845,0.039740296627670035,0.10435532904241585,0.6310066643283059,2851
sig_efi_rn,EFI,60,momentum,9,0.035878711861848496,0.04161826640364676,0.11104906372140848,0.6296036478428622,2851
sig_efi_rn,EFI,60,momentum,10,0.042135166390290746,0.04735884659978807,0.12125201320106069,0.6506488951245177,2851
sig_td_setup_rn,TD Setup,60,all,1,0.023494966973826706,0.0263972794354585,0.0877061949247717,0.6377012770682954,3602
sig_td_setup_rn,TD Setup,60,all,2,0.028346723728791698,0.032362198532635236,0.08753106599777312,0.6660188784008884,3602
sig_td_setup_rn,TD Setup,60,all,3,0.03333638986102819,0.03668185919396896,0.08877898595250441,0.6823986674069961,3602
sig_td_setup_rn,TD Setup,60,all,4,0.034739973172491154,0.039186711793000734,0.08768947809695958,0.6954469739033871,3602
sig_td_setup_rn,TD Setup,60,all,5,0.03748739906541683,0.040146035500074284,0.09050323268545629,0.6982232093281511,3602
sig_td_setup_rn,TD Setup,60,all,6,0.03687317696438887,0.0397886702417243,0.08795221135526683,0.6996113270405331,3602
sig_td_setup_rn,TD Setup,60,all,7,0.037856338587041155,0.04152571212718806,0.08932034391746314,0.6962798445308163,3602
sig_td_setup_rn,TD Setup,60,all,8,0.037268187509191114,0.041544130386105646,0.08723952650211984,0.7032204330927263,3602
sig_td_setup_rn,TD Setup,60,all,9,0.03874102250470241,0.044090274318426576,0.09042116489712435,0.7059966685174903,3602
sig_td_setup_rn,TD Setup,60,all,10,0.04418550555335611,0.05122979759554576,0.08870398291089958,0.7146029983342588,3602
sig_td_setup_rn,TD Setup,60,momentum,1,0.0187642044484874,0.015001807890579434,0.10155932617436884,0.5769905296387232,2851
sig_td_setup_rn,TD Setup,60,momentum,2,0.02220511367258227,0.026119971536967726,0.09698437800695511,0.6039985969835145,2851
sig_td_setup_rn,TD Setup,60,momentum,3,0.02653058313705484,0.029135746531206003,0.09728098835975392,0.6176780077165906,2851
sig_td_setup_rn,TD Setup,60,momentum,4,0.028604425780328197,0.028917895092669132,0.1005095964387707,0.6176780077165906,2851
sig_td_setup_rn,TD Setup,60,momentum,5,0.030697467882455802,0.03265371852370643,0.10295928526741209,0.630305156085584,2851
sig_td_setup_rn,TD Setup,60,momentum,6,0.03090460651899842,0.03319738873027122,0.10019887100807962,0.6313574184496668,2851
sig_td_setup_rn,TD Setup,60,momentum,7,0.032207465514714005,0.03643936818869686,0.1001750796431065,0.6415292879691337,2851
sig_td_setup_rn,TD Setup,60,momentum,8,0.03509582494806246,0.039083833480617766,0.10430027092891704,0.644335320940021,2851
sig_td_setup_rn,TD Setup,60,momentum,9,0.03678223538196716,0.04049259483522172,0.10388638179115663,0.6453875833041038,2851
sig_td_setup_rn,TD Setup,60,momentum,10,0.04293246565350869,0.04891855788293497,0.10407913104333535,0.6657313223430376,2851
sig_rvol_log_rn,log(RVOL),60,all,1,0.03204194435390154,0.03411647211953117,0.07766154025442792,0.7005302818866871,3583
sig_rvol_log_rn,log(RVOL),60,all,2,0.02849558876020118,0.03466278026600987,0.08760004715435903,0.6645269327379291,3583
sig_rvol_log_rn,log(RVOL),60,all,3,0.029577903325463843,0.035307906007309486,0.08757430998732618,0.6737370918224951,3583
sig_rvol_log_rn,log(RVOL),60,all,4,0.030089252206472163,0.03653742697719505,0.08647832399915026,0.6793190064192017,3583
sig_rvol_log_rn,log(RVOL),60,all,5,0.030397988360668697,0.03782178672669221,0.08469626633006422,0.6823890594473905,3583
sig_rvol_log_rn,log(RVOL),60,all,6,0.03113112376483497,0.0389038735098389,0.08309762710508066,0.6899246441529444,3583
sig_rvol_log_rn,log(RVOL),60,all,7,0.032435611986267876,0.039660534518284954,0.08282858527862168,0.6938319843706391,3583
sig_rvol_log_rn,log(RVOL),60,all,8,0.03423642141914155,0.041088033393374405,0.08266560551957482,0.6985766117778398,3583
sig_rvol_log_rn,log(RVOL),60,all,9,0.0358853899313575,0.04329442338427845,0.0831143154572704,0.7016466648060284,3583
sig_rvol_log_rn,log(RVOL),60,all,10,0.03744799741218179,0.04507167628929042,0.08516223007246826,0.7049958135640525,3583
sig_rvol_log_rn,log(RVOL),60,momentum,1,0.026288643243589593,0.024009290004562645,0.11000117989021829,0.6011925640126271,2851
sig_rvol_log_rn,log(RVOL),60,momentum,2,0.027954681357024194,0.029915182625432926,0.10460058228711626,0.611013679410733,2851
sig_rvol_log_rn,log(RVOL),60,momentum,3,0.029147680526604977,0.03256793834151072,0.09975860579394716,0.6296036478428622,2851
sig_rvol_log_rn,log(RVOL),60,momentum,4,0.029621903746460197,0.03392791695004621,0.09756420982476459,0.6345142055419151,2851
sig_rvol_log_rn,log(RVOL),60,momentum,5,0.02908882927320035,0.03392490248854823,0.09421331508688288,0.6380217467555244,2851
sig_rvol_log_rn,log(RVOL),60,momentum,6,0.031178782715919166,0.03338128851942927,0.09561739177350953,0.6390740091196071,2851
sig_rvol_log_rn,log(RVOL),60,momentum,7,0.030765355303788502,0.03473524480712617,0.09388539053136118,0.648895124517713,2851
sig_rvol_log_rn,log(RVOL),60,momentum,8,0.03236184290870393,0.03585559132872913,0.09470919325190615,0.6453875833041038,2851
sig_rvol_log_rn,log(RVOL),60,momentum,9,0.034133261777704586,0.03983798396387298,0.09851956591251218,0.6517011574886005,2851
sig_rvol_log_rn,log(RVOL),60,momentum,10,0.03419278021151088,0.04067102583463606,0.10500864557556179,0.6387232549982462,2851
sig_obv_mom_rn,OBV 動能,60,all,1,0.027015507228629446,0.030064293043649715,0.09210807343541638,0.6393076493579006,3582
sig_obv_mom_rn,OBV 動能,60,all,2,0.026741651385052814,0.030858500355848834,0.08799297775018385,0.6621998883305416,3582
sig_obv_mom_rn,OBV 動能,60,all,3,0.029642534675406257,0.034249654344301175,0.08427881939904157,0.6786711334450027,3582
sig_obv_mom_rn,OBV 動能,60,all,4,0.03112508688969862,0.03602349260040359,0.0790149187589781,0.7026800670016751,3582
sig_obv_mom_rn,OBV 動能,60,all,5,0.032019767031378966,0.036682961795015706,0.0784200829419855,0.7166387493020658,3582
sig_obv_mom_rn,OBV 動能,60,all,6,0.03244868619631917,0.037517994913750304,0.07715095723108123,0.7191513121161363,3582
sig_obv_mom_rn,OBV 動能,60,all,7,0.03384423582165952,0.04013775316918134,0.07814765304556669,0.7107761027359017,3582
sig_obv_mom_rn,OBV 動能,60,all,8,0.03573835608890118,0.04470599259793864,0.08105257581812222,0.7127303182579564,3582
sig_obv_mom_rn,OBV 動能,60,all,9,0.03796690537463536,0.04595836789772291,0.08852021149237405,0.6987716359575656,3582
sig_obv_mom_rn,OBV 動能,60,all,10,0.04210693969833543,0.0504404927895567,0.10284117214980382,0.6767169179229481,3582
sig_obv_mom_rn,OBV 動能,60,momentum,1,0.019778435796649178,0.018444755895106708,0.10856853682450955,0.5790950543668888,2851
sig_obv_mom_rn,OBV 動能,60,momentum,2,0.022164406376978314,0.024840805320643797,0.0928592784408149,0.6082076464398457,2851
sig_obv_mom_rn,OBV 動能,60,momentum,3,0.02366364998336423,0.026028508990372724,0.09092525559966516,0.6313574184496668,2851
sig_obv_mom_rn,OBV 動能,60,momentum,4,0.02469877323487496,0.02981962295314807,0.08937121717980318,0.6387232549982462,2851
sig_obv_mom_rn,OBV 動能,60,momentum,5,0.028814983728339683,0.032545508284669664,0.09108605881379726,0.6502981410031567,2851
sig_obv_mom_rn,OBV 動能,60,momentum,6,0.032196408435758016,0.037341230246615974,0.09107070205219132,0.6548579445808488,2851
sig_obv_mom_rn,OBV 動能,60,momentum,7,0.03548691845609159,0.040781532940989046,0.09453823093630621,0.6625745352507892,2851
sig_obv_mom_rn,OBV 動能,60,momentum,8,0.03822280595451683,0.042574612057735,0.10270823844348194,0.6580147316730972,2851
sig_obv_mom_rn,OBV 動能,60,momentum,9,0.03643219027434709,0.03952615203411989,0.10946236079595739,0.6362679761487198,2851
sig_obv_mom_rn,OBV 動能,60,momentum,10,0.04327628452392593,0.04401584554250295,0.1303205976101943,0.6250438442651701,2851
sig_bb_pos_rn,BB %B,60,all,1,0.023601182782276357,0.026197084225680924,0.08212513020266636,0.655316773653363,3583
sig_bb_pos_rn,BB %B,60,all,2,0.02517261274550237,0.029295279454409386,0.08697519554772981,0.6463857102986325,3583
sig_bb_pos_rn,BB %B,60,all,3,0.027183590640015607,0.03229924302702266,0.08714874607522886,0.6653642199274351,3583
sig_bb_pos_rn,BB %B,60,all,4,0.029163682937874955,0.034392678622949126,0.08692417559820215,0.6740161875523305,3583
sig_bb_pos_rn,BB %B,60,all,5,0.030694274822532626,0.03715721234207652,0.08594521032268164,0.6826681551772258,3583
sig_bb_pos_rn,BB %B,60,all,6,0.03300242608860958,0.0389005766908289,0.08483491365842853,0.6963438459391571,3583
sig_bb_pos_rn,BB %B,60,all,7,0.035574708007686126,0.04233405880982153,0.0833958753211587,0.7030421434552051,3583
sig_bb_pos_rn,BB %B,60,all,8,0.038120713538485715,0.044860612164591016,0.08209003292941529,0.7116941110801005,3583
sig_bb_pos_rn,BB %B,60,all,9,0.039993522435538935,0.04880476140991746,0.08180355779821863,0.7144850683784538,3583
sig_bb_pos_rn,BB %B,60,all,10,0.04225891770240217,0.04942723281836834,0.08432935596666377,0.7206251744348311,3583
sig_bb_pos_rn,BB %B,60,momentum,1,0.017039963357099817,0.013489700266431077,0.0992821775575464,0.564012627148369,2851
sig_bb_pos_rn,BB %B,60,momentum,2,0.020853541074958872,0.02144889581669805,0.09981639192253636,0.5941774815854086,2851
sig_bb_pos_rn,BB %B,60,momentum,3,0.023069562165139494,0.025655984851302816,0.0992971312270041,0.6039985969835145,2851
sig_bb_pos_rn,BB %B,60,momentum,4,0.02592882415979832,0.029948155245421583,0.09865531300106554,0.6180287618379516,2851
sig_bb_pos_rn,BB %B,60,momentum,5,0.028735067921934376,0.032098815816335675,0.09961447343624459,0.6334619431778323,2851
sig_bb_pos_rn,BB %B,60,momentum,6,0.031878003496345696,0.0356622605567024,0.10036737033651197,0.6345142055419151,2851
sig_bb_pos_rn,BB %B,60,momentum,7,0.03590688764191173,0.03942372978337671,0.10000432361440892,0.6527534198526833,2851
sig_bb_pos_rn,BB %B,60,momentum,8,0.039526687982707115,0.04491454970027907,0.09955419642444323,0.6667835847071203,2851
sig_bb_pos_rn,BB %B,60,momentum,9,0.04085248771931537,0.04564556630804817,0.10072164488217113,0.6653805682216766,2851
sig_bb_pos_rn,BB %B,60,momentum,10,0.04100629578447351,0.04382204751421097,0.1061451435613713,0.6639775517362329,2851
sig_atr_pct_rn,ATR%,60,all,1,0.05867005903595577,0.03967448380142186,0.0930566291222124,0.8137146029983343,3602
sig_atr_pct_rn,ATR%,60,all,2,0.02879108847441083,0.03230208402845894,0.056585113879450574,0.7568017767906718,3602
sig_atr_pct_rn,ATR%,60,all,3,0.02958653085165315,0.033708497572670075,0.0661511308783595,0.7343142698500833,3602
sig_atr_pct_rn,ATR%,60,all,4,0.03232784735753618,0.037753681842889596,0.0731231773405488,0.7279289283731261,3602
sig_atr_pct_rn,ATR%,60,all,5,0.03360264906855094,0.040759512594813446,0.08257513776637637,0.714047751249306,3602
sig_atr_pct_rn,ATR%,60,all,6,0.03390718150497341,0.039888145629554214,0.0893028403066925,0.6843420322043309,3602
sig_atr_pct_rn,ATR%,60,all,7,0.03326611865894147,0.04074392477742379,0.09501248745377185,0.6693503609106052,3602
sig_atr_pct_rn,ATR%,60,all,8,0.03332436172801337,0.04331891782049213,0.10089214907180546,0.6610216546363131,3602
sig_atr_pct_rn,ATR%,60,all,9,0.035232415504649096,0.04647544011522883,0.11204551366280688,0.6574125485841199,3602
sig_atr_pct_rn,ATR%,60,all,10,0.03360100134192381,0.03636137964047168,0.12735665965262238,0.6265963353692393,3602
sig_atr_pct_rn,ATR%,60,momentum,1,0.023546261141821758,0.026408061888608586,0.05207119257678802,0.7341283760084181,2851
sig_atr_pct_rn,ATR%,60,momentum,2,0.02285303012440088,0.027536785298359318,0.0664936741512643,0.6962469309014381,2851
sig_atr_pct_rn,ATR%,60,momentum,3,0.027450164657336833,0.02973682797365814,0.08070013235886445,0.668186601192564,2851
sig_atr_pct_rn,ATR%,60,momentum,4,0.030213779696229296,0.035644625399471455,0.08913457924896201,0.6576639775517362,2851
sig_atr_pct_rn,ATR%,60,momentum,5,0.028235498886186948,0.03212386330718293,0.09538876108495015,0.6394247632409681,2851
sig_atr_pct_rn,ATR%,60,momentum,6,0.02963789123775121,0.03565067387108224,0.10270639960375672,0.6236408277797264,2851
sig_atr_pct_rn,ATR%,60,momentum,7,0.03158057987513434,0.03533193277284949,0.11094493124463772,0.6211855489302,2851
sig_atr_pct_rn,ATR%,60,momentum,8,0.03410766944291608,0.036866601405580283,0.12234122773078372,0.6194317783233954,2851
sig_atr_pct_rn,ATR%,60,momentum,9,0.037888390098243914,0.038390919131325404,0.13593054163595722,0.6134689582602596,2851
sig_atr_pct_rn,ATR%,60,momentum,10,0.03931880592699312,0.03261850206126655,0.15511465738413804,0.5738337425464749,2851
sig_squeeze_rn,Squeeze,60,all,1,0.022661989430659002,0.02604896690683311,0.07203403130835125,0.6576901721265963,3602
sig_squeeze_rn,Squeeze,60,all,2,0.03481854780358324,0.04406512016188799,0.08780380812580126,0.6868406440866185,3602
sig_squeeze_rn,Squeeze,60,all,3,0.03590934718925896,0.039317727638062516,0.08598612332058346,0.6843420322043309,3602
sig_squeeze_rn,Squeeze,60,all,4,0.039398250596261945,0.044863995772036945,0.09880243224577583,0.6929483620210994,3602
sig_squeeze_rn,Squeeze,60,all,5,0.037914493860640684,0.039988912559580335,0.09489207020729282,0.6846196557468073,3602
sig_squeeze_rn,Squeeze,60,all,6,0.04273205288219297,0.04413015297350022,0.09832924049085559,0.6910049972237646,3602
sig_squeeze_rn,Squeeze,60,all,7,0.03695218756197026,0.040516409689369884,0.09049425995625425,0.6901721265963354,3602
sig_squeeze_rn,Squeeze,60,all,8,0.032972195579670904,0.03424296068196432,0.0860632895621304,0.7071071626873959,3602
sig_squeeze_rn,Squeeze,60,all,9,0.03508599037099339,0.037664619275885165,0.08126381171861959,0.6996113270405331,3602
sig_squeeze_rn,Squeeze,60,all,10,0.03392099042316296,0.03540716687747457,0.07852191593288965,0.6976679622431983,3602
sig_squeeze_rn,Squeeze,60,momentum,1,0.020488329655874837,0.024115272053436127,0.08018113488310331,0.6331111890564715,2851
sig_squeeze_rn,Squeeze,60,momentum,2,0.04163534879710826,0.045987674045719004,0.10237749929938246,0.6664328305857594,2851
sig_squeeze_rn,Squeeze,60,momentum,3,0.03302731220603054,0.033825183280409295,0.10087498793036702,0.6541564363381269,2851
sig_squeeze_rn,Squeeze,60,momentum,4,0.03176188861855961,0.030675571559291046,0.0967103512804131,0.6289021396001403,2851
sig_squeeze_rn,Squeeze,60,momentum,5,0.029479194172708778,0.0350140993841011,0.11429871451632964,0.6236408277797264,2851
sig_squeeze_rn,Squeeze,60,momentum,6,0.02734090072947402,0.026270400295114696,0.10959152569128201,0.5973342686776569,2851
sig_squeeze_rn,Squeeze,60,momentum,7,0.03552080180069404,0.03804967007629912,0.1145028954592828,0.6506488951245177,2851
sig_squeeze_rn,Squeeze,60,momentum,8,0.029747085408095984,0.03279148146765499,0.10279633971781162,0.6383725008768854,2851
sig_squeeze_rn,Squeeze,60,momentum,9,0.033118206455919785,0.032656886831667856,0.09610369533248357,0.6506488951245177,2851
sig_squeeze_rn,Squeeze,60,momentum,10,0.02276453075763771,0.024731789927938827,0.0993449178641823,0.5945282357067696,2851
