me_date,n,ic,p,factor,horizon_m
2017-02-28,1420,0.06717856634973053,0.011337718887999665,yoy,1
2017-03-31,1420,0.04028378106410332,0.12919392289082182,yoy,1
2017-04-30,1420,0.0011722003189726363,0.9647983816036789,yoy,1
2017-05-31,1443,0.02746654866506551,0.29710583170538446,yoy,1
2017-06-30,1443,0.09107919555197107,0.000532178234459013,yoy,1
2017-07-31,1443,0.08359057554028634,0.0014821626511229398,yoy,1
2017-08-31,1469,-0.03182916506076581,0.22276681458901562,yoy,1
2017-09-30,1469,0.07287211648724573,0.005200467372920187,yoy,1
2017-10-31,1469,-0.0042011202550288436,0.8721861588431201,yoy,1
2017-11-30,1482,-0.039340866655027305,0.13007562029048614,yoy,1
2017-12-31,1482,0.06015837338875087,0.020555772248592105,yoy,1
2018-01-31,1482,-0.019749378710009924,0.4474222509834187,yoy,1
2018-02-28,1496,0.1006736855689518,9.598189369114473e-05,yoy,1
2018-03-31,1496,0.06332950641442317,0.014290356596221057,yoy,1
2018-04-30,1495,0.03492811573528957,0.17708468484635487,yoy,1
2018-05-31,1515,-0.05250775582673582,0.041004724465203986,yoy,1
2018-06-30,1515,0.004836448988328603,0.8508023151154469,yoy,1
2018-07-31,1515,-0.013629364658397794,0.5960547154519469,yoy,1
2018-08-31,1539,-0.01983778933525651,0.4367562338771198,yoy,1
2018-09-30,1539,-0.004131450346931771,0.8713482433019368,yoy,1
2018-10-31,1538,0.024256434770398443,0.3417874813890629,yoy,1
2018-11-30,1551,-0.052923566702959814,0.03715515538936684,yoy,1
2018-12-31,1551,0.026242000312071644,0.3016851289368439,yoy,1
2019-01-31,1551,0.05806564303292086,0.022203417478092454,yoy,1
2019-02-28,1584,0.09385457813244669,0.00018352630879439616,yoy,1
2019-03-31,1585,-0.009558972829572271,0.7037443821040464,yoy,1
2019-04-30,1586,0.03248339500691556,0.19602490555276336,yoy,1
2019-05-31,1598,0.04943560648456478,0.04817180183156732,yoy,1
2019-06-30,1598,0.07479970614268165,0.002771835395750909,yoy,1
2019-07-31,1598,0.03451375073292803,0.16788916311211258,yoy,1
2019-08-31,1609,-0.017317640631400087,0.4875797885997001,yoy,1
2019-09-30,1609,0.006221206339200894,0.8030857009551048,yoy,1
2019-10-31,1609,0.053589662923820836,0.03159629551618482,yoy,1
2019-11-30,1613,-0.10625123450348255,1.902118039900788e-05,yoy,1
2019-12-31,1613,0.022109240678881304,0.3748769290275543,yoy,1
2020-01-31,1613,0.02120748037002513,0.3946727654871319,yoy,1
2020-02-29,1626,0.13762341733817476,2.5219682983570736e-08,yoy,1
2020-03-31,1626,-0.02066851549481612,0.40491305929890564,yoy,1
2020-04-30,1626,0.06720381761227957,0.006710349851272294,yoy,1
2020-05-31,1633,-0.015995580008703887,0.5183220578636107,yoy,1
2020-06-30,1633,0.05343682802589444,0.030827472752405254,yoy,1
2020-07-31,1633,-0.0048308246780377935,0.8453403498294693,yoy,1
2020-08-31,1638,-0.06882810919079105,0.005323056972332549,yoy,1
2020-09-30,1639,0.05385397481993189,0.029244599669035417,yoy,1
2020-10-31,1639,-0.03983908043362498,0.1069015891050588,yoy,1
2020-11-30,1641,-0.03892990382326064,0.11492963788787428,yoy,1
2020-12-31,1641,0.00938463772273791,0.7040319754652036,yoy,1
2021-01-31,1641,0.0552576303119867,0.02519170768367758,yoy,1
2021-02-28,1655,0.10347639396680249,2.4676267373592473e-05,yoy,1
2021-03-31,1655,0.01693405211624869,0.49117905485318436,yoy,1
2021-04-30,1655,-0.0019031612738849139,0.9383328715824217,yoy,1
2021-05-31,1666,0.016140987466266108,0.5103006308487121,yoy,1
2021-06-30,1666,-0.04648340236850926,0.057841308273959585,yoy,1
2021-07-31,1666,-0.043127842045454376,0.07843626464583407,yoy,1
2021-08-31,1675,-0.0937749643360265,0.00012128574853054975,yoy,1
2021-09-30,1676,-0.04274368751505141,0.08022589513219569,yoy,1
2021-10-31,1677,0.013979874354313077,0.5672585767829861,yoy,1
2021-11-30,1684,0.03931973547441479,0.1067504456038524,yoy,1
2021-12-31,1684,-0.14944649483242833,7.144406131951416e-10,yoy,1
2022-01-31,1687,0.07003945034782674,0.0040002706302345,yoy,1
2022-02-28,1698,0.06477426137642082,0.007585613815220343,yoy,1
2022-03-31,1698,-0.1290324761371437,9.532516284815773e-08,yoy,1
2022-04-30,1698,0.07336965698737678,0.0024848529854039755,yoy,1
2022-05-31,1700,-0.2217653007727888,2.1964939420389627e-20,yoy,1
2022-06-30,1700,-0.02038459832891938,0.40093777645303263,yoy,1
2022-07-31,1700,-0.037248020660274335,0.1247400295502667,yoy,1
2022-08-31,1714,-0.09738098217002074,5.384469784507398e-05,yoy,1
2022-09-30,1714,0.017417609989489276,0.47113961230958157,yoy,1
2022-10-31,1714,0.1175513656381501,1.0605316167492866e-06,yoy,1
2022-11-30,1716,-0.04948195692346181,0.0404099606371898,yoy,1
2022-12-31,1716,0.06015025931532315,0.012697480860301792,yoy,1
2023-01-31,1717,0.10090700599026034,2.8030540323427332e-05,yoy,1
2023-02-28,1730,0.13008830903324317,5.636178158940712e-08,yoy,1
2023-03-31,1730,0.048692287498672944,0.04286646618340782,yoy,1
2023-04-30,1730,0.05218084536976899,0.029985505153686087,yoy,1
2023-05-31,1737,0.07981222956708225,0.0008707136957913216,yoy,1
2023-06-30,1739,-0.0005596707234106662,0.9813932416049937,yoy,1
2023-07-31,1739,0.02730848437002363,0.25503980470520526,yoy,1
2023-08-31,1749,-0.0715903396804313,0.002738275334224344,yoy,1
2023-09-30,1749,-0.06195093475902991,0.009556129437169903,yoy,1
2023-10-31,1753,-0.005926186430623566,0.8041748261427979,yoy,1
2023-11-30,1757,0.03757659804917669,0.11536780377784144,yoy,1
2023-12-31,1759,0.06837645002767265,0.004116967993530613,yoy,1
2024-01-31,1759,0.07700691423928185,0.001228376652012425,yoy,1
2024-02-29,1760,0.13514702113804608,1.2567865367765234e-08,yoy,1
2024-03-31,1762,0.01748780578680474,0.4631885927402185,yoy,1
2024-04-30,1763,-0.04607954700644997,0.05305811520738593,yoy,1
2024-05-31,1779,-0.003380251323545005,0.8867063327744122,yoy,1
2024-06-30,1780,-0.031376270127973706,0.18578146427239361,yoy,1
2024-07-31,1780,0.05661207834096986,0.016907911499044297,yoy,1
2024-08-31,1795,-0.03307814280752704,0.1612609292869264,yoy,1
2024-09-30,1795,-0.009489995703276305,0.6878343183976312,yoy,1
2024-10-31,1795,0.021406646363515393,0.36471523542561946,yoy,1
2024-11-30,1801,0.017391830184517242,0.4607446979082045,yoy,1
2024-12-31,1802,0.009716066127098875,0.6802146378852542,yoy,1
2025-01-31,1802,0.028553305608923135,0.22570654606860624,yoy,1
2025-02-28,1816,-0.0047104131153522626,0.8410152350691692,yoy,1
2025-03-31,1817,0.02351871287738497,0.3163609816207583,yoy,1
2025-04-30,1818,0.03773176196506893,0.1077753012185634,yoy,1
2025-05-31,1837,-0.01582501578518903,0.49787015826867764,yoy,1
2025-06-30,1838,-0.001260591594245929,0.9569294159556709,yoy,1
2025-07-31,1839,0.023579725915792812,0.3121908495409032,yoy,1
2025-08-31,1856,-0.029463191872851076,0.20453615220840216,yoy,1
2025-09-30,1858,-0.007037597745822356,0.7617740979010119,yoy,1
2025-10-31,1858,0.005318806961615124,0.8187818869602158,yoy,1
2025-11-30,1866,0.028126787990527764,0.22458539509625766,yoy,1
2025-12-31,1867,-0.05595419626773517,0.015606564755936757,yoy,1
2017-02-28,1420,0.05718957269032211,0.03116698482483876,yoy,3
2017-03-31,1420,0.03777053486465662,0.15486461771033921,yoy,3
2017-04-30,1420,0.05612344478889532,0.03445570663009866,yoy,3
2017-05-31,1443,0.1095608098569285,3.0350113807045845e-05,yoy,3
2017-06-30,1443,0.10585440208025594,5.6035234624944244e-05,yoy,3
2017-07-31,1443,0.06440981745410528,0.014399234010191102,yoy,3
2017-08-31,1469,0.02449860834872579,0.3480836789485934,yoy,3
2017-09-30,1469,0.025070851660502613,0.33693599055444345,yoy,3
2017-10-31,1469,0.0025724104386824335,0.9215270239345988,yoy,3
2017-11-30,1482,0.005153651243415763,0.8428629647281185,yoy,3
2017-12-31,1482,0.08474737717167902,0.0010922386719407263,yoy,3
2018-01-31,1482,0.018052898399920265,0.4874012049840404,yoy,3
2018-02-28,1495,0.11335044843128743,1.116836607687793e-05,yoy,3
2018-03-31,1495,0.04514130921662568,0.0810147043441648,yoy,3
2018-04-30,1495,0.008217338161681045,0.7508908918384818,yoy,3
2018-05-31,1515,-0.026898923154340705,0.2954170310539111,yoy,3
2018-06-30,1515,-0.031006098673603853,0.2277618696863814,yoy,3
2018-07-31,1515,-0.045631886494757454,0.0758007048826764,yoy,3
2018-08-31,1539,-0.016568492698254618,0.5160152955259316,yoy,3
2018-09-30,1539,-0.038305298003329366,0.13308404875942403,yoy,3
2018-10-31,1538,-0.009224917684585431,0.7177329464671011,yoy,3
2018-11-30,1551,0.0005612439299001689,0.98237975007973,yoy,3
2018-12-31,1551,0.06397414182207975,0.011734576915632705,yoy,3
2019-01-31,1551,0.027923378834163473,0.27175638714836153,yoy,3
2019-02-28,1584,0.09416594258415771,0.00017463280185638284,yoy,3
2019-03-31,1585,0.033462055511882825,0.18301955596758715,yoy,3
2019-04-30,1586,0.07523828269556823,0.00271558348529971,yoy,3
2019-05-31,1598,0.08057247740200715,0.0012658750545293553,yoy,3
2019-06-30,1598,0.08007908654943653,0.0013562569012558455,yoy,3
2019-07-31,1598,0.03601912728239906,0.15009255590940462,yoy,3
2019-08-31,1609,0.05135150924878365,0.039438002880550854,yoy,3
2019-09-30,1609,-0.007451053276274483,0.765206295856226,yoy,3
2019-10-31,1609,-0.035301899740609065,0.15695636304025753,yoy,3
2019-11-30,1613,-0.02803466077347501,0.2604699132336747,yoy,3
2019-12-31,1613,0.09110113101837346,0.00024869202989389325,yoy,3
2020-01-31,1613,0.07023171830286139,0.0047731627266111715,yoy,3
2020-02-29,1626,0.1395582870450836,1.596549518189265e-08,yoy,3
2020-03-31,1626,0.01183529809714456,0.6334386139152913,yoy,3
2020-04-30,1626,0.03605532619718914,0.14615762139452879,yoy,3
2020-05-31,1633,0.024145345556088278,0.32950175265725723,yoy,3
2020-06-30,1633,0.010973676784595442,0.657675766363359,yoy,3
2020-07-31,1633,-0.03266212802972826,0.18709197267558605,yoy,3
2020-08-31,1638,-0.030369699051649893,0.21926909812420958,yoy,3
2020-09-30,1639,-0.015029117890791173,0.5431759097414266,yoy,3
2020-10-31,1639,-0.014053949920295836,0.5696533888179693,yoy,3
2020-11-30,1641,0.0037012236172711574,0.8809065610417752,yoy,3
2020-12-31,1641,0.07178645582257731,0.0036194431983980276,yoy,3
2021-01-31,1641,0.03698927260778196,0.13419074113124382,yoy,3
2021-02-28,1655,0.05969169298084762,0.01515348064124613,yoy,3
2021-03-31,1655,0.012187295733858157,0.6202870251260375,yoy,3
2021-04-30,1655,-0.028277380787247862,0.2502541010589825,yoy,3
2021-05-31,1666,-0.030061868381319495,0.22005519500609536,yoy,3
2021-06-30,1666,-0.07519767672422017,0.0021308331903759675,yoy,3
2021-07-31,1666,-0.06128594306011373,0.012350710923976264,yoy,3
2021-08-31,1675,-0.07837394712524716,0.0013267212348501737,yoy,3
2021-09-30,1676,-0.018177215852565435,0.4570804423488112,yoy,3
2021-10-31,1677,-0.05956566865220507,0.014702206918076095,yoy,3
2021-11-30,1684,-0.028227921352053736,0.24696705173516065,yoy,3
2021-12-31,1684,-0.02461239770109622,0.3127774238070158,yoy,3
2022-01-31,1687,-0.039755429383204276,0.10261336988429327,yoy,3
2022-02-28,1698,-0.007183948952930106,0.7673726385260828,yoy,3
2022-03-31,1698,-0.18898436571204297,4.076059668269093e-15,yoy,3
2022-04-30,1698,-0.1821223372920069,3.954519404444889e-14,yoy,3
2022-05-31,1700,-0.19073709156708707,2.166381747794192e-15,yoy,3
2022-06-30,1700,-0.12109519294526949,5.509907418363392e-07,yoy,3
2022-07-31,1700,-0.08842522969798468,0.00026189734833572575,yoy,3
2022-08-31,1714,0.0014090594216532686,0.9535150744857055,yoy,3
2022-09-30,1714,0.04442426471825818,0.06595166509335039,yoy,3
2022-10-31,1714,0.09862052706807398,4.3149902863109196e-05,yoy,3
2022-11-30,1716,0.06701900053991897,0.005480628617712702,yoy,3
2022-12-31,1716,0.13426770026281637,2.3608519780712728e-08,yoy,3
2023-01-31,1717,0.0709468429230388,0.0032676506465871688,yoy,3
2023-02-28,1730,0.12069456391447422,4.78177335835076e-07,yoy,3
2023-03-31,1730,0.10470352933300185,1.2781466253563905e-05,yoy,3
2023-04-30,1730,0.05655659347731835,0.018644860490538866,yoy,3
2023-05-31,1737,0.06835729324858256,0.004368720929468626,yoy,3
2023-06-30,1739,-0.012276523001163133,0.6089321282773765,yoy,3
2023-07-31,1739,-0.042219364251849176,0.07838712075984611,yoy,3
2023-08-31,1749,-0.07330083878753949,0.002158912209771544,yoy,3
2023-09-30,1749,-0.03511719646145978,0.142093153885692,yoy,3
2023-10-31,1753,0.026909476675542374,0.26013635464703017,yoy,3
2023-11-30,1757,0.10808114838245164,5.61277990006974e-06,yoy,3
2023-12-31,1759,0.13854500082312488,5.389865351014843e-09,yoy,3
2024-01-31,1759,0.10916422857489322,4.456728823198739e-06,yoy,3
2024-02-29,1760,0.055035167649957334,0.020945551140615918,yoy,3
2024-03-31,1762,-0.016238710008130566,0.4957447831199,yoy,3
2024-04-30,1763,-0.022143432617138793,0.352777667493981,yoy,3
2024-05-31,1779,0.012637616591682542,0.594256182230527,yoy,3
2024-06-30,1780,-0.0030057395340424863,0.8991592504291483,yoy,3
2024-07-31,1780,0.04462116915395822,0.05981100994918582,yoy,3
2024-08-31,1795,-0.0036392963677550493,0.8775460470067624,yoy,3
2024-09-30,1793,0.007177979350707606,0.7613297210946719,yoy,3
2024-10-31,1793,0.03681285366616973,0.11917676183232967,yoy,3
2024-11-30,1801,0.018191251943532046,0.44039186179447565,yoy,3
2024-12-31,1802,0.008197137395451989,0.7280409895120923,yoy,3
2025-01-31,1802,0.00914858287724295,0.6979452022747223,yoy,3
2025-02-28,1816,0.026726454724920207,0.25497227297953484,yoy,3
2025-03-31,1817,0.013802817309377128,0.5565417475931693,yoy,3
2025-04-30,1818,-0.011926681589964452,0.6113142849248103,yoy,3
2025-05-31,1837,-0.010173789325133626,0.6630068761986407,yoy,3
2025-06-30,1838,0.0066659666870355445,0.7751910704943353,yoy,3
2025-07-31,1839,0.03195125128998782,0.17081131595341184,yoy,3
2025-08-31,1856,0.009415776440384141,0.6851983814929584,yoy,3
2025-09-30,1858,0.03534522935752163,0.12776124605524244,yoy,3
2025-10-31,1858,-0.0025510785197926135,0.9124972461868948,yoy,3
2025-11-30,1866,0.011973273545713413,0.6052370636129751,yoy,3
2025-12-31,1867,-0.024701571721367943,0.28607430701861375,yoy,3
2017-02-28,1420,0.06968949513302637,0.008614562865831996,yoy,6
2017-03-31,1420,0.05644984161076657,0.03341876282306778,yoy,6
2017-04-30,1420,0.05020562402320509,0.05856835030141156,yoy,6
2017-05-31,1443,0.07613816447360348,0.003804368951861079,yoy,6
2017-06-30,1443,0.06270135132713649,0.01721393124742668,yoy,6
2017-07-31,1443,0.02378000589383839,0.3666999502127587,yoy,6
2017-08-31,1469,0.03495024269198552,0.1806275210383374,yoy,6
2017-09-30,1469,0.06669542678138618,0.01055966148405374,yoy,6
2017-10-31,1469,0.024235729981898747,0.35328235319348833,yoy,6
2017-11-30,1481,0.0261414204028378,0.31473191515552823,yoy,6
2017-12-31,1481,0.03803061834969472,0.14350713353974157,yoy,6
2018-01-31,1481,0.014332934736641642,0.5815323343613198,yoy,6
2018-02-28,1495,0.05858715085374914,0.023492016443068354,yoy,6
2018-03-31,1495,0.003903367677708166,0.8801343199325764,yoy,6
2018-04-30,1495,-0.0636206984485646,0.013880387760902928,yoy,6
2018-05-31,1515,-0.03434712801158477,0.18148911699544215,yoy,6
2018-06-30,1515,-0.03136921119627144,0.22236013581257194,yoy,6
2018-07-31,1515,-0.04381430026226161,0.08823264449558842,yoy,6
2018-08-31,1539,-0.03600116018308722,0.15805633426888763,yoy,6
2018-09-30,1539,-0.036939207843970805,0.14749254013094634,yoy,6
2018-10-31,1538,-0.01904360890994223,0.4554860894419698,yoy,6
2018-11-30,1551,0.012061597289715065,0.6350343171126522,yoy,6
2018-12-31,1551,0.05851304637590952,0.02119343308841875,yoy,6
2019-01-31,1551,0.05386080143707494,0.033920516918183395,yoy,6
2019-02-28,1584,0.0868915718094182,0.0005360567991407795,yoy,6
2019-03-31,1585,0.04586364050638545,0.06793375381823262,yoy,6
2019-04-30,1586,0.06675466550190483,0.007829169737745393,yoy,6
2019-05-31,1598,0.07687745808599827,0.00210274701175719,yoy,6
2019-06-30,1598,0.05059545451037665,0.043148934219578106,yoy,6
2019-07-31,1598,0.02226951899657176,0.37366053094251994,yoy,6
2019-08-31,1609,-0.010099992486941553,0.6856026025970374,yoy,6
2019-09-30,1609,0.043639012800169505,0.08012931202401086,yoy,6
2019-10-31,1609,0.02673396518339348,0.28384576677504836,yoy,6
2019-11-30,1613,0.04009033596888688,0.10750404360254412,yoy,6
2019-12-31,1613,0.07491461467118003,0.0026070430779746192,yoy,6
2020-01-31,1613,0.0548936942722271,0.027481952425426236,yoy,6
2020-02-29,1626,0.08498114875247173,0.0006028588364225401,yoy,6
2020-03-31,1626,-0.023924416865674886,0.33498733702690553,yoy,6
2020-04-30,1626,-0.005394512804686062,0.8279270527495005,yoy,6
2020-05-31,1633,-0.014191858807617393,0.5665848889946351,yoy,6
2020-06-30,1633,-0.03174610704505433,0.19976774444107784,yoy,6
2020-07-31,1633,-0.02551162526574148,0.3028630467895735,yoy,6
2020-08-31,1638,-0.022996709143812702,0.352298502773022,yoy,6
2020-09-30,1639,0.025041418876971304,0.3109759248529965,yoy,6
2020-10-31,1639,-0.028246819624600662,0.25307355478068455,yoy,6
2020-11-30,1641,0.01822602671571177,0.4606229235201411,yoy,6
2020-12-31,1641,0.015025836859546289,0.5430176823138179,yoy,6
2021-01-31,1641,0.0054250204461582805,0.8261844746441394,yoy,6
2021-02-28,1655,0.017222550955727743,0.48382423104451644,yoy,6
2021-03-31,1655,-0.028521692164892042,0.24618322426840408,yoy,6
2021-04-30,1655,-0.04825484714337724,0.049675347044530076,yoy,6
2021-05-31,1666,-0.06122271427462472,0.012441220537807371,yoy,6
2021-06-30,1666,-0.05097802952185439,0.037475651540315805,yoy,6
2021-07-31,1666,-0.052490964097003816,0.03216332504735973,yoy,6
2021-08-31,1675,-0.08482518053686355,0.0005102948578303983,yoy,6
2021-09-30,1676,-0.018311004973060964,0.4537744157455841,yoy,6
2021-10-31,1677,-0.06700574745461467,0.006051007923055588,yoy,6
2021-11-30,1684,-0.07459135971957567,0.002191533152048239,yoy,6
2021-12-31,1684,-0.1814690946853208,6.203033354246532e-14,yoy,6
2022-01-31,1687,-0.1743560018454438,5.540500668401662e-13,yoy,6
2022-02-28,1698,-0.15780689935670875,6.195657064285009e-11,yoy,6
2022-03-31,1698,-0.20469562030257582,1.6094190610332315e-17,yoy,6
2022-04-30,1698,-0.18844458025727898,4.889288131447015e-15,yoy,6
2022-05-31,1700,-0.1617099663603708,1.9899932668985978e-11,yoy,6
2022-06-30,1700,-0.08285122329873941,0.0006275688836786471,yoy,6
2022-07-31,1700,-0.033643535279363285,0.1655849190279603,yoy,6
2022-08-31,1714,0.036302825468366495,0.13300590120408487,yoy,6
2022-09-30,1714,0.11043587878371283,4.588194220329777e-06,yoy,6
2022-10-31,1714,0.06347374443389535,0.008574283796113876,yoy,6
2022-11-30,1716,0.06759459131999923,0.005090589262583552,yoy,6
2022-12-31,1716,0.11012358870633293,4.821290236682436e-06,yoy,6
2023-01-31,1717,0.08085512434311298,0.0007981918497768171,yoy,6
2023-02-28,1730,0.10614471189184775,9.679229549521315e-06,yoy,6
2023-03-31,1730,0.06367449907901628,0.008068140377503528,yoy,6
2023-04-30,1730,0.010590756193425165,0.6597936188307008,yoy,6
2023-05-31,1737,-0.01524423846556411,0.5254814294564878,yoy,6
2023-06-30,1739,-0.042552970419199775,0.07605610533441051,yoy,6
2023-07-31,1739,-0.02396436782808406,0.31790583049564275,yoy,6
2023-08-31,1749,-0.005302167092050702,0.8246367982512137,yoy,6
2023-09-30,1749,0.07231902529307964,0.0024760075858423795,yoy,6
2023-10-31,1753,0.08519773114611862,0.0003555117608636695,yoy,6
2023-11-30,1757,0.08942087773716705,0.00017468161955330811,yoy,6
2023-12-31,1759,0.08005155248487904,0.0007782853654913129,yoy,6
2024-01-31,1759,0.06346173112092904,0.007758460054427914,yoy,6
2024-02-29,1760,0.059926707889422844,0.011918766162438916,yoy,6
2024-03-31,1762,-0.016401118067652824,0.4914439308429871,yoy,6
2024-04-30,1763,-0.012220739504836944,0.6081046852566532,yoy,6
2024-05-31,1779,0.018012134183326655,0.4477048831641087,yoy,6
2024-06-30,1778,0.028745112278065994,0.2257137872805031,yoy,6
2024-07-31,1778,0.05929755063415793,0.012391215523913517,yoy,6
2024-08-31,1793,0.01932646699764283,0.4134358055520594,yoy,6
2024-09-30,1793,0.018944156582358016,0.422737693289969,yoy,6
2024-10-31,1793,0.027563476754111773,0.2433917890043349,yoy,6
2024-11-30,1801,0.02675119886972727,0.2565063490736737,yoy,6
2024-12-31,1802,0.020925461959544058,0.3746665995197753,yoy,6
2025-01-31,1802,0.00417819738548042,0.8593182616469949,yoy,6
2025-02-28,1816,0.0022567843030812575,0.9234365808466904,yoy,6
2025-03-31,1817,-0.0003715870890775492,0.9873712300395208,yoy,6
2025-04-30,1818,0.001950245722495329,0.9337740252930934,yoy,6
2025-05-31,1837,0.003018089101893459,0.8971453833600636,yoy,6
2025-06-30,1838,0.022150852997967985,0.34255978518617036,yoy,6
2025-07-31,1839,0.03316470038311412,0.15512945719999274,yoy,6
2025-08-31,1856,0.004118778506585089,0.8592542005828478,yoy,6
2025-09-30,1858,-0.0027480925790493342,0.9057699559981125,yoy,6
2025-10-31,1858,-0.00920710322921538,0.6916557210158929,yoy,6
2017-02-28,1420,0.06997312717471683,0.008347016022825221,yoy,12
2017-03-31,1420,0.054865130545193284,0.03871409088618902,yoy,12
2017-04-30,1420,0.03890362665574009,0.14284872473479948,yoy,12
2017-05-31,1442,0.05281105450465838,0.04495342699168424,yoy,12
2017-06-30,1442,0.07236191003839842,0.005976477549168187,yoy,12
2017-07-31,1442,0.04525159947297099,0.08584052551324496,yoy,12
2017-08-31,1468,0.01958275825269902,0.45341365123599076,yoy,12
2017-09-30,1468,0.0035584301341758788,0.8916444225087689,yoy,12
2017-10-31,1468,-0.04102210468422203,0.11616792376585741,yoy,12
2017-11-30,1481,-0.05323031814852145,0.04053791311748225,yoy,12
2017-12-31,1481,-0.06271918686289897,0.01577806477451695,yoy,12
2018-01-31,1481,-0.0676358542043179,0.009223252046615654,yoy,12
2018-02-28,1495,-0.007399993275913364,0.7749646478026384,yoy,12
2018-03-31,1495,-0.03541242217040539,0.17115143511131933,yoy,12
2018-04-30,1495,-0.04524038963900277,0.08034941683144173,yoy,12
2018-05-31,1515,-0.05044680123198916,0.0496264011017393,yoy,12
2018-06-30,1515,-0.034871067438772475,0.1749150635029902,yoy,12
2018-07-31,1515,-0.031013980223534673,0.22764363902458365,yoy,12
2018-08-31,1539,-0.01903718004023858,0.4554915811110728,yoy,12
2018-09-30,1539,-0.01200684323673852,0.6378808457152871,yoy,12
2018-10-31,1538,0.0033354400160863704,0.8960117569037311,yoy,12
2018-11-30,1551,0.006949101355380321,0.7845017191347115,yoy,12
2018-12-31,1551,0.03837405502439348,0.13088700790708033,yoy,12
2019-01-31,1551,0.03883826844297403,0.12628899169956204,yoy,12
2019-02-28,1584,0.08073443654307157,0.001300343000317018,yoy,12
2019-03-31,1585,0.05839266472188891,0.020078270705993932,yoy,12
2019-04-30,1586,0.056780192068242884,0.023741250408753814,yoy,12
2019-05-31,1598,0.05668514473751038,0.023449107202698254,yoy,12
2019-06-30,1598,0.06252817519242283,0.012417439000172678,yoy,12
2019-07-31,1598,0.038353153780958694,0.12539141656281938,yoy,12
2019-08-31,1609,0.013537512630926672,0.5873885802840723,yoy,12
2019-09-30,1609,0.003943570477991927,0.87440673982042,yoy,12
2019-10-31,1609,-0.008845885985661094,0.7229189590044018,yoy,12
2019-11-30,1613,-0.032482269081020816,0.19227068870214434,yoy,12
2019-12-31,1613,-0.03840725961363414,0.12309983460516538,yoy,12
2020-01-31,1613,-0.02145564019662684,0.3891630338137846,yoy,12
2020-02-29,1626,0.018121630217400365,0.4652502126376975,yoy,12
2020-03-31,1626,-0.03013820196114302,0.2245092124064101,yoy,12
2020-04-30,1626,-0.05123987735085629,0.0388332811613549,yoy,12
2020-05-31,1633,-0.026499822494950535,0.2845129915301,yoy,12
2020-06-30,1633,-0.029246449807902343,0.23752000237545484,yoy,12
2020-07-31,1633,-0.043530209041750145,0.07865235395627156,yoy,12
2020-08-31,1638,-0.031140109921812393,0.20779474223706648,yoy,12
2020-09-30,1639,-0.02721647325779636,0.27080508297603506,yoy,12
2020-10-31,1639,-0.03562641755574225,0.14939343549591208,yoy,12
2020-11-30,1641,-0.0012261245284621702,0.9604159917514705,yoy,12
2020-12-31,1641,0.018212271838864556,0.4609614608868884,yoy,12
2021-01-31,1641,0.018232946688369424,0.4604526605106328,yoy,12
2021-02-28,1655,0.016395819367332996,0.5050592940841194,yoy,12
2021-03-31,1655,-0.013472631158898091,0.5838977967682831,yoy,12
2021-04-30,1655,-0.060174046859870794,0.014351169516394743,yoy,12
2021-05-31,1666,-0.09772003238328363,6.464598095757784e-05,yoy,12
2021-06-30,1666,-0.12971901726817808,1.0772464928837553e-07,yoy,12
2021-07-31,1666,-0.13552125701884785,2.8079255625275753e-08,yoy,12
2021-08-31,1675,-0.18199438711438626,6.112654065390924e-14,yoy,12
2021-09-30,1676,-0.18161651188858854,6.78133746357459e-14,yoy,12
2021-10-31,1677,-0.16652829864719482,6.770517319758437e-12,yoy,12
2021-11-30,1684,-0.1837219185148424,2.99618863936604e-14,yoy,12
2021-12-31,1684,-0.2057946682204935,1.4596845302828892e-17,yoy,12
2022-01-31,1687,-0.1723483570511618,1.025583803040884e-12,yoy,12
2022-02-28,1698,-0.14860854560113942,7.585399862416098e-10,yoy,12
2022-03-31,1698,-0.17228713274575097,8.825496983279068e-13,yoy,12
2022-04-30,1698,-0.16812544162939635,3.1136815564082985e-12,yoy,12
2022-05-31,1700,-0.14793579273557592,8.853710035406055e-10,yoy,12
2022-06-30,1700,-0.07042223817226509,0.0036718891394353593,yoy,12
2022-07-31,1700,-0.053863594082984065,0.026362368961843127,yoy,12
2022-08-31,1714,0.01769041877834591,0.46422054122592715,yoy,12
2022-09-30,1714,0.08224746904455658,0.0006535062559419256,yoy,12
2022-10-31,1714,0.0912103707785902,0.00015602245556271122,yoy,12
2022-11-30,1716,0.0841851717299526,0.00048122185254122316,yoy,12
2022-12-31,1716,0.08761625153829003,0.00027926008805592787,yoy,12
2023-01-31,1717,0.06354497541921139,0.008442562611015902,yoy,12
2023-02-28,1730,0.07136435183197956,0.0029787885633004627,yoy,12
2023-03-31,1730,0.07151365552291966,0.002918941384254242,yoy,12
2023-04-30,1730,0.047449975390854195,0.048463147994214736,yoy,12
2023-05-31,1737,0.026021845612386053,0.2783985328412133,yoy,12
2023-06-30,1739,0.011015424492551664,0.6462044663121087,yoy,12
2023-07-31,1739,0.03441323710719836,0.15143808075395146,yoy,12
2023-08-31,1749,0.04299665755072668,0.0722228109152023,yoy,12
2023-09-30,1749,0.04596213969517843,0.05462762522802683,yoy,12
2023-10-31,1753,0.08367825965716924,0.0004529080993627933,yoy,12
2023-11-30,1757,0.10457736917395115,1.1207784847304273e-05,yoy,12
2023-12-31,1757,0.10829764052396151,5.374211429215062e-06,yoy,12
2024-01-31,1757,0.11138715498603144,2.8657172092934224e-06,yoy,12
2024-02-29,1758,0.06927567008406979,0.00366021342453199,yoy,12
2024-03-31,1760,0.03556301159921933,0.13586600248553082,yoy,12
2024-04-30,1761,0.048099956703063745,0.043568922087711716,yoy,12
2024-05-31,1777,0.040881955550279424,0.08491292545528534,yoy,12
2024-06-30,1778,0.054041134566935524,0.022680180501604405,yoy,12
2024-07-31,1778,0.06497774288637059,0.00612817247387129,yoy,12
2024-08-31,1793,0.016586957338418532,0.4827329280719732,yoy,12
2024-09-30,1793,0.021362768844045834,0.3659668770479967,yoy,12
2024-10-31,1793,0.009793825747451098,0.678560079231131,yoy,12
2024-11-30,1801,-0.0018462725633816048,0.9375909012742727,yoy,12
2024-12-31,1802,-0.021956572329070532,0.3515839250917442,yoy,12
2025-01-31,1802,-0.03412339471416701,0.14763001873800094,yoy,12
2025-02-28,1816,0.014136291126413078,0.5471561657550236,yoy,12
2025-03-31,1817,0.007173646328233625,0.7599249232233677,yoy,12
2025-04-30,1818,0.0035503689128396883,0.8797571891784663,yoy,12
2016-02-29,1408,0.07714141683426913,0.0037753305084224486,qoq,1
2016-03-31,1408,0.049201051439697226,0.06494082764483948,qoq,1
2016-04-30,1408,0.04664194847550972,0.08019446884915016,qoq,1
2016-05-31,1436,0.023501157508210076,0.3735120010806029,qoq,1
2016-06-30,1435,0.0015306392175165019,0.9538025919953796,qoq,1
2016-07-31,1436,0.03866991375308615,0.14301580978387873,qoq,1
2016-08-31,1466,0.08512984198418418,0.0011038455004532572,qoq,1
2016-09-30,1466,0.04932137168163591,0.05902949218949018,qoq,1
2016-10-31,1466,0.05768872424747972,0.027191113288402083,qoq,1
2016-11-30,1478,0.04302713916025867,0.09822212868768257,qoq,1
2016-12-31,1478,0.0014994460278647934,0.9540695508067973,qoq,1
2017-01-31,1478,0.055896911123471525,0.03164981422182417,qoq,1
2017-02-28,1538,0.06278495379536927,0.013790023497634066,qoq,1
2017-03-31,1539,0.030733380635430605,0.22821167833676834,qoq,1
2017-04-30,1539,0.005084455493390189,0.8420258349127681,qoq,1
2017-05-31,1554,0.01002829336814899,0.6928316407095516,qoq,1
2017-06-30,1555,0.032485407623039086,0.20043236673646536,qoq,1
2017-07-31,1555,0.030398454749784535,0.23090533471175484,qoq,1
2017-08-31,1576,0.029528535937392464,0.24136782550800137,qoq,1
2017-09-30,1576,0.06748229617449616,0.007364409787100743,qoq,1
2017-10-31,1576,0.053767907956399,0.03281206475895523,qoq,1
2017-11-30,1576,0.02948912897688565,0.24199671509981174,qoq,1
2017-12-31,1576,0.018282571682102934,0.4682789763097652,qoq,1
2018-01-31,1577,-0.046458061869905476,0.06511751932077914,qoq,1
2018-02-28,1588,0.06133551040631491,0.014502094724494258,qoq,1
2018-03-31,1588,0.09881591113701911,8.001932920309823e-05,qoq,1
2018-04-30,1587,0.03721928498975734,0.13832535548883304,qoq,1
2018-05-31,1598,0.00823254941851892,0.742273490264149,qoq,1
2018-06-30,1598,0.000686180587025176,0.9781338369886777,qoq,1
2018-07-31,1598,-0.03210444264396605,0.19959677022860794,qoq,1
2018-08-31,1609,-0.016637677085224047,0.5048336483178363,qoq,1
2018-09-30,1610,0.014759099795921557,0.5539990663356166,qoq,1
2018-10-31,1610,0.04209298980570832,0.09133263808803337,qoq,1
2018-11-30,1610,0.03870311444603541,0.12058318860593399,qoq,1
2018-12-31,1610,0.044538823881280956,0.07400050901870563,qoq,1
2019-01-31,1610,0.054907711813622445,0.027586843557154503,qoq,1
2019-02-28,1616,0.07286683026204908,0.003380464595862576,qoq,1
2019-03-31,1618,0.07462223954567113,0.0026689256153009846,qoq,1
2019-04-30,1619,0.07996113232978624,0.0012816733315303538,qoq,1
2019-05-31,1625,-0.05562175902824136,0.024948753326995383,qoq,1
2019-06-30,1626,-0.0011185919025524787,0.9640506528901271,qoq,1
2019-07-31,1626,0.031052743295698935,0.21075209472265108,qoq,1
2019-08-31,1642,0.018009587111479642,0.46582999778331435,qoq,1
2019-09-30,1642,0.038880748688493234,0.11527818864672315,qoq,1
2019-10-31,1642,0.04552801890174104,0.06512201160079423,qoq,1
2019-11-30,1643,0.010032004917519037,0.6844947127120034,qoq,1
2019-12-31,1643,-0.05533825876848239,0.02489106218794008,qoq,1
2020-01-31,1643,-0.003754206912774096,0.8791415797539401,qoq,1
2020-02-29,1651,0.08883778282004295,0.0003013754420103922,qoq,1
2020-03-31,1652,0.011299491351518757,0.6462825528107986,qoq,1
2020-04-30,1652,0.10120789210331475,3.771554293692116e-05,qoq,1
2020-05-31,1663,-0.023011400165086956,0.34833635252437867,qoq,1
2020-06-30,1663,0.010308656409345406,0.674426271954512,qoq,1
2020-07-31,1663,-0.00814772105266893,0.739874985527977,qoq,1
2020-08-31,1672,-0.04471012012244066,0.06758739915728958,qoq,1
2020-09-30,1674,0.017396881717194636,0.47689361499195104,qoq,1
2020-10-31,1675,0.08310347950401382,0.000662834428298984,qoq,1
2020-11-30,1677,0.02524388559562204,0.30152856536206113,qoq,1
2020-12-31,1677,-0.06797084324028853,0.005358846047104373,qoq,1
2021-01-31,1677,0.020642950811212424,0.39821519830924945,qoq,1
2021-02-28,1687,0.15289114610162471,2.7508898399880696e-10,qoq,1
2021-03-31,1687,0.0921811628833977,0.0001497793306165453,qoq,1
2021-04-30,1687,0.07535514731173307,0.0019537114309863476,qoq,1
2021-05-31,1692,0.06720849651840444,0.005681230621562803,qoq,1
2021-06-30,1692,0.03039179799802535,0.211482705809753,qoq,1
2021-07-31,1692,0.011711420421357616,0.630234216371834,qoq,1
2021-08-31,1705,-0.05261603164451937,0.029816907941769086,qoq,1
2021-09-30,1706,0.041729940244695854,0.0848721831197214,qoq,1
2021-10-31,1707,0.17245821549955945,7.291579338083481e-13,qoq,1
2021-11-30,1706,0.05660292332990723,0.01938340198398548,qoq,1
2021-12-31,1706,-0.07292392999817468,0.002579658966138222,qoq,1
2022-01-31,1710,0.06648150354228444,0.005956154475406818,qoq,1
2022-02-28,1719,0.05672578325014283,0.018668710048543997,qoq,1
2022-03-31,1719,0.10952808760493456,5.3259530353352e-06,qoq,1
2022-04-30,1719,0.006554151856437991,0.785971285383384,qoq,1
2022-05-31,1723,0.06276970321638217,0.009155588740837863,qoq,1
2022-06-30,1723,-0.00903388930341351,0.7078660849302878,qoq,1
2022-07-31,1723,0.02616500263804276,0.27770838720126867,qoq,1
2022-08-31,1740,0.005481799859321347,0.8192564725395121,qoq,1
2022-09-30,1741,-0.011567115795622914,0.6295851910160924,qoq,1
2022-10-31,1741,0.020573893784910063,0.3909333392291303,qoq,1
2022-11-30,1745,0.056618089432609243,0.01801443557758333,qoq,1
2022-12-31,1745,-0.07314451745230306,0.0022327593435045134,qoq,1
2023-01-31,1746,0.06908089610554087,0.0038777407054018036,qoq,1
2023-02-28,1745,0.14812089301024028,5.055439484445621e-10,qoq,1
2023-03-31,1745,0.13893279034173206,5.616554442878447e-09,qoq,1
2023-04-30,1745,0.012087966677466193,0.6138330541404995,qoq,1
2023-05-31,1755,0.036365785959792445,0.1277887402481858,qoq,1
2023-06-30,1757,-0.02585041338951936,0.2788213641676718,qoq,1
2023-07-31,1757,0.03905319874854952,0.10174838078451617,qoq,1
2023-08-31,1776,-0.017656128148044667,0.4571127537840671,qoq,1
2023-09-30,1777,0.010403887883832067,0.6611878762338586,qoq,1
2023-10-31,1781,0.0011903760647889964,0.9599623146487546,qoq,1
2023-11-30,1784,0.01934038736981646,0.41427600273361975,qoq,1
2023-12-31,1786,0.016192817863298004,0.4940434197013386,qoq,1
2024-01-31,1787,0.08654655195430526,0.00024938552200132094,qoq,1
2024-02-29,1802,0.10976813644264874,3.0040875559103533e-06,qoq,1
2024-03-31,1808,0.05694251705364061,0.015455776069242073,qoq,1
2024-04-30,1810,-0.02394718254314457,0.308557549825017,qoq,1
2024-05-31,1819,0.00624727675058987,0.7900357829249758,qoq,1
2024-06-30,1820,0.027080240172009662,0.2482130673028807,qoq,1
2024-07-31,1820,-0.08440151547612712,0.00031257249968241323,qoq,1
2024-08-31,1839,0.046477713248404516,0.0462776858300084,qoq,1
2024-09-30,1841,0.018327269213254678,0.4319273774680341,qoq,1
2024-10-31,1843,-0.023143741463519406,0.3206983540945721,qoq,1
2024-11-30,1848,0.02820068846133246,0.22561867649800565,qoq,1
2024-12-31,1848,-0.016591300462040402,0.47596986897529436,qoq,1
2025-01-31,1848,-0.06506590603021713,0.005139622736388969,qoq,1
2025-02-28,1855,0.09671209931563222,3.014901584207529e-05,qoq,1
2025-03-31,1859,0.00025985324704356957,0.9910668088326118,qoq,1
2025-04-30,1860,0.005561915511141394,0.8105525087511821,qoq,1
2025-05-31,1867,0.0026941081830134475,0.9073898869183853,qoq,1
2025-06-30,1869,-0.0005280170946140436,0.9818002922390865,qoq,1
2025-07-31,1870,-0.03623990747946838,0.11720657383083785,qoq,1
2025-08-31,1874,-0.011920515390737466,0.6060571075760022,qoq,1
2025-09-30,1877,0.015892842378227346,0.4913696806834684,qoq,1
2025-10-31,1878,0.023602571224989946,0.30663893423706473,qoq,1
2025-11-30,1885,0.04177816973968823,0.06976181519014009,qoq,1
2025-12-31,1887,-0.01433529086697061,0.5337190901408466,qoq,1
2016-02-29,1408,0.11281662660028413,2.2050471610327922e-05,qoq,3
2016-03-31,1408,0.065732206547374,0.013626226410528559,qoq,3
2016-04-30,1408,0.05308743262107765,0.04640921681554733,qoq,3
2016-05-31,1436,0.025348984594953716,0.33710195656269115,qoq,3
2016-06-30,1435,0.014622673412662268,0.5799387889896552,qoq,3
2016-07-31,1436,0.021142783347582232,0.4233696754782509,qoq,3
2016-08-31,1466,0.11579256858545019,8.802029818900348e-06,qoq,3
2016-09-30,1466,0.06598915175292265,0.011497031526287012,qoq,3
2016-10-31,1466,0.08884462398974537,0.0006603061498365816,qoq,3
2016-11-30,1478,0.07285640496065533,0.005073930447213571,qoq,3
2016-12-31,1478,0.09361412764562929,0.0003135445518075548,qoq,3
2017-01-31,1478,0.1428306092592246,3.492954627943749e-08,qoq,3
2017-02-28,1538,0.0693157543133599,0.0065392395381431235,qoq,3
2017-03-31,1539,0.03626835519066959,0.15499064490359402,qoq,3
2017-04-30,1539,0.06517851256122198,0.01053968817332084,qoq,3
2017-05-31,1554,0.0684178387929399,0.006974108924224409,qoq,3
2017-06-30,1555,0.06000541030308687,0.01795948448709238,qoq,3
2017-07-31,1555,0.03350429131648019,0.18666835124506523,qoq,3
2017-08-31,1576,0.094553169678839,0.00017052587667791362,qoq,3
2017-09-30,1576,0.049151296640777845,0.05107111744743264,qoq,3
2017-10-31,1576,0.03333792276746197,0.18590345006316855,qoq,3
2017-11-30,1576,0.03278508438700654,0.1933105938639176,qoq,3
2017-12-31,1576,-0.008716275430617164,0.7295243870846657,qoq,3
2018-01-31,1577,-0.019038358474685164,0.4499430471975252,qoq,3
2018-02-28,1587,0.12443134548135089,6.612138554691604e-07,qoq,3
2018-03-31,1587,0.09790640884335215,9.359244199166695e-05,qoq,3
2018-04-30,1587,0.04364737945206757,0.08216741605480188,qoq,3
2018-05-31,1598,-0.015682386283961295,0.5310190141510598,qoq,3
2018-06-30,1598,-0.026945392583966776,0.2817061887838269,qoq,3
2018-07-31,1598,-0.013517239692563979,0.5892291781782064,qoq,3
2018-08-31,1609,0.040871407084515636,0.10124272298266138,qoq,3
2018-09-30,1610,0.019254494252923176,0.44008223465071605,qoq,3
2018-10-31,1610,-0.007330535887580335,0.7688252814799548,qoq,3
2018-11-30,1610,0.08958167109434369,0.00031957474671166856,qoq,3
2018-12-31,1610,0.12414479083026182,5.8302337066653e-07,qoq,3
2019-01-31,1610,0.11871160612247639,1.7839099546212985e-06,qoq,3
2019-02-28,1616,0.1305977765007776,1.3755672722633147e-07,qoq,3
2019-03-31,1618,0.09533292818169058,0.0001227874221132865,qoq,3
2019-04-30,1619,0.0768473515192081,0.0019729138943812533,qoq,3
2019-05-31,1625,-0.0029953019877823816,0.9039668058078899,qoq,3
2019-06-30,1626,0.022599751314217938,0.36244246868490104,qoq,3
2019-07-31,1626,0.022609223458436935,0.3622412812484782,qoq,3
2019-08-31,1642,0.059099238258624696,0.01661739682959206,qoq,3
2019-09-30,1642,0.06652460993465248,0.007004752748376186,qoq,3
2019-10-31,1642,0.032811441644106536,0.1838752296146725,qoq,3
2019-11-30,1643,-0.014631753005242415,0.5534067798037408,qoq,3
2019-12-31,1643,-0.04232988200749628,0.08629762303978263,qoq,3
2020-01-31,1643,0.02287250862195217,0.3541714369617398,qoq,3
2020-02-29,1651,0.15436709244919883,2.8745098287719737e-10,qoq,3
2020-03-31,1652,0.08427107940626205,0.0006065038882484106,qoq,3
2020-04-30,1652,0.11040151483802678,6.872296320409803e-06,qoq,3
2020-05-31,1663,-0.013137608255663102,0.5923936318842197,qoq,3
2020-06-30,1663,-0.00412962706209607,0.8663631195358075,qoq,3
2020-07-31,1663,0.004292427834565081,0.8611472470203824,qoq,3
2020-08-31,1672,0.027082670207741296,0.26838568049741346,qoq,3
2020-09-30,1674,0.049274062814481746,0.043826709837574376,qoq,3
2020-10-31,1675,0.06877020413521229,0.0048659771627803826,qoq,3
2020-11-30,1677,-0.029950487745274645,0.22024812761602258,qoq,3
2020-12-31,1677,-0.020114780024612897,0.4103980944886205,qoq,3
2021-01-31,1677,0.026703897990057655,0.27442193921105024,qoq,3
2021-02-28,1687,0.19301709986010768,1.2722795201200427e-15,qoq,3
2021-03-31,1687,0.13876517717946188,1.0465918561455982e-08,qoq,3
2021-04-30,1687,0.11131817282786238,4.582546160425527e-06,qoq,3
2021-05-31,1692,0.08077382135078955,0.0008825250720107431,qoq,3
2021-06-30,1692,-0.014921830239024452,0.5396290567500934,qoq,3
2021-07-31,1692,-0.06133260661447628,0.011623857126914413,qoq,3
2021-08-31,1705,0.08342587930307188,0.0005641732371714643,qoq,3
2021-09-30,1706,0.11237341424454907,3.2748079179686442e-06,qoq,3
2021-10-31,1707,-0.008995464687563091,0.7103466296384175,qoq,3
2021-11-30,1706,0.03500789117973784,0.148362273245986,qoq,3
2021-12-31,1706,0.006124000554856683,0.8004527686935933,qoq,3
2022-01-31,1710,0.02604102804009605,0.28181659577328133,qoq,3
2022-02-28,1719,0.10420422676142657,1.4976056268350346e-05,qoq,3
2022-03-31,1719,0.10564600873352831,1.1373051410303848e-05,qoq,3
2022-04-30,1719,0.05959786743305369,0.013459412981660127,qoq,3
2022-05-31,1723,0.04364299882085776,0.07012119312871215,qoq,3
2022-06-30,1723,0.026214624579390004,0.2767978013891807,qoq,3
2022-07-31,1723,-0.0005148162458950004,0.9829632529123515,qoq,3
2022-08-31,1740,0.015701699175699264,0.5127643068881085,qoq,3
2022-09-30,1741,-0.00034927547481797445,0.9883806944631017,qoq,3
2022-10-31,1741,0.0030919365862968244,0.8974212620385075,qoq,3
2022-11-30,1745,0.04472853934947433,0.06175508346225516,qoq,3
2022-12-31,1745,0.021022452503830252,0.38013761402087165,qoq,3
2023-01-31,1746,0.09707767069968425,4.8425045076849396e-05,qoq,3
2023-02-28,1745,0.15225598758100461,1.6269678201029468e-10,qoq,3
2023-03-31,1745,0.1112978835548589,3.155609396523479e-06,qoq,3
2023-04-30,1745,0.040220030908924294,0.09303614844914865,qoq,3
2023-05-31,1755,0.020723947980338144,0.38558204292129283,qoq,3
2023-06-30,1757,-0.0034489475753040383,0.885132783469591,qoq,3
2023-07-31,1757,0.028914490562335943,0.225746969719522,qoq,3
2023-08-31,1776,-0.0005484389363970745,0.9815733932023074,qoq,3
2023-09-30,1777,0.006127321146100352,0.7963183909122638,qoq,3
2023-10-31,1781,0.005159923402397987,0.8277352412381274,qoq,3
2023-11-30,1784,0.07482890850109489,0.0015625965312457198,qoq,3
2023-12-31,1786,0.060080620256511445,0.011098269109718324,qoq,3
2024-01-31,1787,0.03364285892592272,0.15514552699365983,qoq,3
2024-02-29,1802,0.08960937656828022,0.00013956352581862193,qoq,3
2024-03-31,1808,0.05241015116093196,0.025847151389719974,qoq,3
2024-04-30,1810,-0.022649700916126097,0.33551296100016537,qoq,3
2024-05-31,1819,-0.012177991507325911,0.6037256373382673,qoq,3
2024-06-30,1820,-0.005645123485232516,0.8098142568416504,qoq,3
2024-07-31,1820,-0.032386748789924605,0.16725468437120256,qoq,3
2024-08-31,1839,0.03381583833345496,0.14717785169941405,qoq,3
2024-09-30,1839,0.01396717071608688,0.5494503327087767,qoq,3
2024-10-31,1841,-0.014834454594171377,0.5247094229540799,qoq,3
2024-11-30,1848,-0.01226206286460822,0.5983399540778985,qoq,3
2024-12-31,1848,-0.057676216387898153,0.013145855140235791,qoq,3
2025-01-31,1848,-0.04417580520258596,0.05760553035840269,qoq,3
2025-02-28,1855,0.07114100121031422,0.002170579698312619,qoq,3
2025-03-31,1859,0.010786134494734829,0.6421054773337036,qoq,3
2025-04-30,1860,0.004378773500556647,0.8503119164536955,qoq,3
2025-05-31,1867,-0.030280736146325662,0.19093513291678657,qoq,3
2025-06-30,1869,-0.010955780438647979,0.6359728431597131,qoq,3
2025-07-31,1870,-0.017092726376583815,0.4600837304033307,qoq,3
2025-08-31,1874,0.028010199960488043,0.22551908059122688,qoq,3
2025-09-30,1877,0.02264343834383084,0.3268469564914749,qoq,3
2025-10-31,1878,-0.023901909894837623,0.30054332196243827,qoq,3
2025-11-30,1885,0.022891725987556063,0.32053869060368306,qoq,3
2025-12-31,1887,0.006061513789724328,0.7924444045718921,qoq,3
2016-02-29,1408,0.11256440284738006,2.3008162545942625e-05,qoq,6
2016-03-31,1408,0.09355617029534635,0.0004395341805768211,qoq,6
2016-04-30,1408,0.059601375317508275,0.0253227098738459,qoq,6
2016-05-31,1436,0.041427696625190004,0.11660316743555574,qoq,6
2016-06-30,1435,0.008742710480249993,0.7407171686082474,qoq,6
2016-07-31,1436,0.008676853011848368,0.7425142570137317,qoq,6
2016-08-31,1466,0.1465711485602436,1.7237939532219834e-08,qoq,6
2016-09-30,1466,0.099370514100232,0.000138447181362816,qoq,6
2016-10-31,1466,0.0988797035326604,0.00014943282116812028,qoq,6
2016-11-30,1478,0.13639426818618497,1.41087973942744e-07,qoq,6
2016-12-31,1478,0.11705580702590364,6.425121628258349e-06,qoq,6
2017-01-31,1478,0.12563463721518528,1.2653744756073197e-06,qoq,6
2017-02-28,1538,0.10817603941431991,2.1243025165949002e-05,qoq,6
2017-03-31,1539,0.07483071822819759,0.0033103071249483244,qoq,6
2017-04-30,1539,0.05900652690705045,0.020614697029647164,qoq,6
2017-05-31,1554,0.06366379801987544,0.012066093143521294,qoq,6
2017-06-30,1555,0.07194063954685664,0.004535919818908378,qoq,6
2017-07-31,1555,0.06278905262554056,0.01326984193122098,qoq,6
2017-08-31,1576,0.061229465705118516,0.015053352909234947,qoq,6
2017-09-30,1576,0.07595048358108233,0.002551934923467535,qoq,6
2017-10-31,1576,0.061110423032767806,0.015251237311833461,qoq,6
2017-11-30,1575,0.04832949407099758,0.055159830462262964,qoq,6
2017-12-31,1575,0.012733805852053913,0.6135753404106985,qoq,6
2018-01-31,1576,0.0012454995556865764,0.9605959791470944,qoq,6
2018-02-28,1587,0.13203983603860897,1.298359114265233e-07,qoq,6
2018-03-31,1587,0.09132726936979994,0.0002695120344467295,qoq,6
2018-04-30,1587,0.052276797356282025,0.037311190415769066,qoq,6
2018-05-31,1598,-0.021928163125728376,0.3810313690805438,qoq,6
2018-06-30,1598,-0.028720187643700604,0.2512049525783759,qoq,6
2018-07-31,1598,-0.033878847601429736,0.17585270217074364,qoq,6
2018-08-31,1609,0.023273204032326366,0.3508491038175966,qoq,6
2018-09-30,1610,0.0539594011733996,0.030387209079418366,qoq,6
2018-10-31,1610,0.06318394091543884,0.011218815374689849,qoq,6
2018-11-30,1610,0.07131407695128533,0.004198008167505245,qoq,6
2018-12-31,1610,0.07848923423725952,0.0016227715832876496,qoq,6
2019-01-31,1610,0.09108064625328377,0.0002528431347947776,qoq,6
2019-02-28,1616,0.1289242012884136,1.9886566799107928e-07,qoq,6
2019-03-31,1618,0.10053941386516825,5.0938675951626635e-05,qoq,6
2019-04-30,1619,0.06725482391532517,0.006787500587961643,qoq,6
2019-05-31,1625,0.0005854392806192245,0.9811863062505992,qoq,6
2019-06-30,1626,0.0014048749307622166,0.9548588922142651,qoq,6
2019-07-31,1626,0.02489049106970721,0.31583191727118404,qoq,6
2019-08-31,1642,0.04637944215197896,0.060251446611497485,qoq,6
2019-09-30,1642,0.04230694170947002,0.08656422901504994,qoq,6
2019-10-31,1642,0.03965591872486365,0.10820156128684899,qoq,6
2019-11-30,1643,0.01744112569716927,0.4798939324747342,qoq,6
2019-12-31,1643,0.018608492418247476,0.450989350034098,qoq,6
2020-01-31,1643,0.04926585498621683,0.045865210812679295,qoq,6
2020-02-29,1651,0.13509017877405213,3.5848736804093586e-08,qoq,6
2020-03-31,1652,0.09922718884648635,5.345336760810189e-05,qoq,6
2020-04-30,1652,0.10084010351947698,4.0258058130566265e-05,qoq,6
2020-05-31,1663,-0.018377921491967174,0.45388766020727456,qoq,6
2020-06-30,1663,-0.002114532095072731,0.9313347288490383,qoq,6
2020-07-31,1663,-0.011923279905557655,0.6270509773879668,qoq,6
2020-08-31,1672,0.05885431966498132,0.016090976659021854,qoq,6
2020-09-30,1674,0.0870414369973556,0.0003633446737710404,qoq,6
2020-10-31,1675,0.06069576521720831,0.012972708622828812,qoq,6
2020-11-30,1677,0.017738013292799153,0.46789502179394793,qoq,6
2020-12-31,1677,0.021526267557758487,0.3783334832765287,qoq,6
2021-01-31,1677,0.0096159110026547,0.6939513451357349,qoq,6
2021-02-28,1687,0.1979202189554562,2.3162674099716187e-16,qoq,6
2021-03-31,1687,0.1451020106996773,2.136365462548621e-09,qoq,6
2021-04-30,1687,0.09282591588262167,0.00013450054520814227,qoq,6
2021-05-31,1692,0.04602978025789329,0.058359232096910116,qoq,6
2021-06-30,1692,-0.030560582160204852,0.20895604317823385,qoq,6
2021-07-31,1692,-0.05398136757104327,0.026388660954807876,qoq,6
2021-08-31,1705,0.0009290901640687585,0.9694201589607125,qoq,6
2021-09-30,1706,0.06595393173560825,0.006427896860523085,qoq,6
2021-10-31,1707,-0.01701909261966006,0.4822463443797854,qoq,6
2021-11-30,1706,0.049283438307772376,0.04181709822522518,qoq,6
2021-12-31,1706,-0.025527587155608857,0.2919817968864096,qoq,6
2022-01-31,1710,0.01074527572081849,0.6570222594613666,qoq,6
2022-02-28,1719,0.10962227463634547,5.22714199151309e-06,qoq,6
2022-03-31,1719,0.11330689639553274,2.4825975243031256e-06,qoq,6
2022-04-30,1719,0.06585105138131199,0.00631007764349641,qoq,6
2022-05-31,1723,0.04942422229045056,0.04023612529946115,qoq,6
2022-06-30,1723,-0.011767026449706302,0.6254787685660114,qoq,6
2022-07-31,1723,-0.019332485704440395,0.4225729720157171,qoq,6
2022-08-31,1740,-0.007640004003514407,0.7501318891230713,qoq,6
2022-09-30,1741,0.029215979405091443,0.2230606791542433,qoq,6
2022-10-31,1741,0.021015198603139565,0.3808494135426306,qoq,6
2022-11-30,1745,0.09709091995141078,4.8551462410374866e-05,qoq,6
2022-12-31,1745,0.08620086603216101,0.00031213221579012417,qoq,6
2023-01-31,1746,0.08954273316165062,0.00017938625523101568,qoq,6
2023-02-28,1745,0.13511709370387306,1.4597324410343635e-08,qoq,6
2023-03-31,1745,0.09266299745492035,0.00010601405312787584,qoq,6
2023-04-30,1745,0.026163834067895086,0.2746789331480463,qoq,6
2023-05-31,1755,0.015401156543550376,0.5190730780702236,qoq,6
2023-06-30,1757,0.008792937045197576,0.712638591866322,qoq,6
2023-07-31,1757,0.029861714403390045,0.21090191891597904,qoq,6
2023-08-31,1776,0.01995470744042239,0.4006644432919756,qoq,6
2023-09-30,1777,0.03243983449254633,0.17166236593239662,qoq,6
2023-10-31,1781,0.04782813712860589,0.04357294150356281,qoq,6
2023-11-30,1784,0.08495018441376054,0.0003280785174091603,qoq,6
2023-12-31,1786,0.07786580251542873,0.000989866449156225,qoq,6
2024-01-31,1787,0.05350922586953428,0.02369559801169876,qoq,6
2024-02-29,1802,0.07111231386056262,0.002524032527419038,qoq,6
2024-03-31,1808,0.037251613004163936,0.11332703723109257,qoq,6
2024-04-30,1810,0.0039690420821068256,0.8659985472435983,qoq,6
2024-05-31,1819,0.0007355526291384369,0.9749907625902439,qoq,6
2024-06-30,1818,-0.017357962751052097,0.4595089376471697,qoq,6
2024-07-31,1818,-0.03466679964288722,0.13952803544738013,qoq,6
2024-08-31,1837,0.05431598656203854,0.01990519122983743,qoq,6
2024-09-30,1839,0.010647717336146343,0.6481638165095328,qoq,6
2024-10-31,1841,-0.013308384021756268,0.5682310741870428,qoq,6
2024-11-30,1848,-0.00642222561045859,0.7826271337300208,qoq,6
2024-12-31,1848,-0.017908703391792045,0.44165186963825775,qoq,6
2025-01-31,1848,-0.04079200250772989,0.07958057104751452,qoq,6
2025-02-28,1855,0.0424095348870889,0.06782665066638845,qoq,6
2025-03-31,1859,-0.009422854067657714,0.6847332878549546,qoq,6
2025-04-30,1860,-0.020414042272090236,0.3789075933093222,qoq,6
2025-05-31,1867,-0.020485929657768572,0.37633337217281937,qoq,6
2025-06-30,1869,-0.014551169085934394,0.5295536074664876,qoq,6
2025-07-31,1870,-0.006122172387972062,0.7913410432410721,qoq,6
2025-08-31,1874,0.0009311432453056693,0.9678682678423274,qoq,6
2025-09-30,1877,0.006042977461416602,0.7936020081187299,qoq,6
2025-10-31,1878,-0.010114277171333978,0.6613640647942141,qoq,6
2016-02-29,1408,0.05157240868831073,0.05302256138626697,qoq,12
2016-03-31,1408,0.016665174767475425,0.5320886853032267,qoq,12
2016-04-30,1408,0.008889720823862217,0.7389212612071199,qoq,12
2016-05-31,1436,-0.00037099409713815904,0.9887929410360221,qoq,12
2016-06-30,1435,-0.00621833107295071,0.8139323944827723,qoq,12
2016-07-31,1436,-0.005581947975449289,0.8326195700976048,qoq,12
2016-08-31,1466,0.12572874429570094,1.3720844760219938e-06,qoq,12
2016-09-30,1466,0.1128178133822743,1.4927461072673054e-05,qoq,12
2016-10-31,1466,0.10158113487567098,9.773741708157445e-05,qoq,12
2016-11-30,1478,0.1198751702848091,3.8125649398063403e-06,qoq,12
2016-12-31,1478,0.08911183542307914,0.0006040034085998082,qoq,12
2017-01-31,1478,0.09949677694598458,0.0001274139012577368,qoq,12
2017-02-28,1538,0.07461797544808081,0.0034112584247046863,qoq,12
2017-03-31,1539,0.046530515509206026,0.06801587811213555,qoq,12
2017-04-30,1539,0.03641039523362328,0.15337940685382306,qoq,12
2017-05-31,1553,0.07668836101209446,0.0024932037835082026,qoq,12
2017-06-30,1554,0.06808240814679603,0.007256901210947711,qoq,12
2017-07-31,1554,0.052776640251508314,0.037500458341119695,qoq,12
2017-08-31,1575,0.046812290090733476,0.06326159834204097,qoq,12
2017-09-30,1575,0.033409415729975675,0.18510073467915622,qoq,12
2017-10-31,1575,0.013456419313487933,0.5935939130854082,qoq,12
2017-11-30,1575,0.014333399797153493,0.5697520241698998,qoq,12
2017-12-31,1575,0.006472065915820815,0.7974482661165785,qoq,12
2018-01-31,1576,-0.015169967359112288,0.5473157278745304,qoq,12
2018-02-28,1587,0.11770072980853244,2.5823257302259475e-06,qoq,12
2018-03-31,1587,0.08491948668760234,0.000708148718172037,qoq,12
2018-04-30,1587,0.05063742597971558,0.0437000852356158,qoq,12
2018-05-31,1598,-0.03419287747482715,0.17187936451660676,qoq,12
2018-06-30,1598,-0.03957123401654574,0.11382288120164114,qoq,12
2018-07-31,1598,-0.03943197751284168,0.11510133642675505,qoq,12
2018-08-31,1609,0.04099446975181908,0.10021808988545501,qoq,12
2018-09-30,1610,0.04995413373206053,0.045059953414403095,qoq,12
2018-10-31,1610,0.05556443702026536,0.02578044943901529,qoq,12
2018-11-30,1610,0.09213489754886785,0.000213991220145134,qoq,12
2018-12-31,1610,0.08168612529587335,0.0010359472613868399,qoq,12
2019-01-31,1610,0.04238981533190817,0.089069562111873,qoq,12
2019-02-28,1616,0.08979723910437407,0.000301143057405745,qoq,12
2019-03-31,1618,0.08426157388007129,0.0006918606961045748,qoq,12
2019-04-30,1619,0.04916107031786088,0.04795666918891773,qoq,12
2019-05-31,1625,0.03161325655758728,0.20276662760987083,qoq,12
2019-06-30,1626,0.029939567087079698,0.22758010741364257,qoq,12
2019-07-31,1626,0.009733292589808174,0.6949180281384899,qoq,12
2019-08-31,1642,0.026975312948406514,0.27463571328156905,qoq,12
2019-09-30,1642,0.02576671635420913,0.29672295142705823,qoq,12
2019-10-31,1642,0.017800154631306513,0.4710334689967003,qoq,12
2019-11-30,1643,0.038885910589361854,0.11511909025011376,qoq,12
2019-12-31,1643,0.030082133245771872,0.2229599521215435,qoq,12
2020-01-31,1643,0.05170730673105754,0.0361081447635158,qoq,12
2020-02-29,1651,0.1188768727452565,1.2738505256292934e-06,qoq,12
2020-03-31,1652,0.08593919111078058,0.00047086003649970064,qoq,12
2020-04-30,1652,0.06603714833958713,0.007253710947015389,qoq,12
2020-05-31,1663,0.0034292841129467165,0.888864542571407,qoq,12
2020-06-30,1663,0.004607997219403322,0.851054324616773,qoq,12
2020-07-31,1663,-0.008090362540033138,0.7416406551270055,qoq,12
2020-08-31,1672,0.0033094076843179043,0.8924370114836331,qoq,12
2020-09-30,1674,-0.010155701476536376,0.6779836152425576,qoq,12
2020-10-31,1675,-0.0062416432509054195,0.7985207122412405,qoq,12
2020-11-30,1677,-0.04998242942413376,0.04069806166956252,qoq,12
2020-12-31,1677,-0.06160004198890911,0.011632186976512778,qoq,12
2021-01-31,1677,-0.05306088191739284,0.029794109128512145,qoq,12
2021-02-28,1687,0.17585159962245456,3.485502675871021e-13,qoq,12
2021-03-31,1687,0.12900824598473953,1.0544893983030623e-07,qoq,12
2021-04-30,1687,0.08015837612138103,0.0009834585607648109,qoq,12
2021-05-31,1692,0.013850215519450404,0.5691389711875454,qoq,12
2021-06-30,1692,-0.04871681638092375,0.04511048612054302,qoq,12
2021-07-31,1692,-0.058223111229344295,0.016610969380773194,qoq,12
2021-08-31,1705,-0.0649335261925378,0.007316671134545619,qoq,12
2021-09-30,1706,-0.08727434140532582,0.0003073752936041888,qoq,12
2021-10-31,1707,-0.08764726180198362,0.00028834936738321047,qoq,12
2021-11-30,1706,-0.008773992135280828,0.7172473010139755,qoq,12
2021-12-31,1706,-0.04483413895613288,0.06411319964251992,qoq,12
2022-01-31,1710,-0.018834253348828846,0.43637077059702245,qoq,12
2022-02-28,1719,0.13384225216693818,2.5437046129400406e-08,qoq,12
2022-03-31,1719,0.12307709315168074,3.077509067470327e-07,qoq,12
2022-04-30,1719,0.08084043530867706,0.000794324870147105,qoq,12
2022-05-31,1723,0.03556090174664816,0.1400797401494086,qoq,12
2022-06-30,1723,0.011590942415518066,0.6306616205979687,qoq,12
2022-07-31,1723,0.011631163185941618,0.6294761506001862,qoq,12
2022-08-31,1740,0.010594652295021972,0.6587549514220226,qoq,12
2022-09-30,1741,0.020411705382472237,0.3946797307114214,qoq,12
2022-10-31,1741,0.0244198285530311,0.3085142569088767,qoq,12
2022-11-30,1745,0.05921254616402564,0.01336487057087213,qoq,12
2022-12-31,1745,0.04527874885272404,0.058617319489577456,qoq,12
2023-01-31,1746,0.07539925490926692,0.0016171111240222337,qoq,12
2023-02-28,1745,0.08764903101453898,0.0002465537398623328,qoq,12
2023-03-31,1745,0.05717877784038287,0.016904272322449322,qoq,12
2023-04-30,1745,0.02279692395033725,0.3412280007406592,qoq,12
2023-05-31,1755,0.016217669184348978,0.49716139319477626,qoq,12
2023-06-30,1757,-0.009762304424871837,0.682597654174386,qoq,12
2023-07-31,1757,0.010079672790386619,0.6728677369952786,qoq,12
2023-08-31,1776,0.018948832132799617,0.42483407126517814,qoq,12
2023-09-30,1777,0.02062746892549767,0.38483576691215204,qoq,12
2023-10-31,1781,0.026301540166300662,0.2672630644654842,qoq,12
2023-11-30,1784,0.05939356983642041,0.01210432389426623,qoq,12
2023-12-31,1784,0.05472931322690602,0.020792143391453667,qoq,12
2024-01-31,1785,0.05565391110853339,0.018697283693521038,qoq,12
2024-02-29,1800,0.06197986033410147,0.008531328742305664,qoq,12
2024-03-31,1806,0.04078915243659728,0.08310632653666747,qoq,12
2024-04-30,1808,0.013646922739456169,0.5619815137303517,qoq,12
2024-05-31,1817,-0.003201725388823552,0.8915176561727104,qoq,12
2024-06-30,1818,-0.02306703063948296,0.32561401601123763,qoq,12
2024-07-31,1818,-0.032772346916763444,0.16248521513822295,qoq,12
2024-08-31,1837,0.04530327489652833,0.05221168850374529,qoq,12
2024-09-30,1839,0.038463120954174826,0.09916313770067567,qoq,12
2024-10-31,1841,0.03251391203784349,0.16316921990778196,qoq,12
2024-11-30,1848,-0.025515704769650035,0.27294099771755603,qoq,12
2024-12-31,1848,-0.038150011332538404,0.1011104223522341,qoq,12
2025-01-31,1848,-0.04476049630111385,0.05437425589840203,qoq,12
2025-02-28,1855,0.013527598924685726,0.5603890814213714,qoq,12
2025-03-31,1859,-0.025293223005951018,0.27571906869377555,qoq,12
2025-04-30,1860,-0.02247324790754289,0.3326995561154604,qoq,12
2016-02-29,1420,0.03552074870187958,0.18097215136311082,level,1
2016-03-31,1420,-0.01419106385447762,0.5931227620266417,level,1
2016-04-30,1420,0.09860272460804857,0.00019809388872378273,level,1
2016-05-31,1445,-0.09021618896684329,0.0005959796910242563,level,1
2016-06-30,1444,-0.06483840613532345,0.013727384414857874,level,1
2016-07-31,1445,-0.0016475014183975549,0.9501068699294483,level,1
2016-08-31,1476,-0.05664421147277086,0.02954755123739295,level,1
2016-09-30,1476,-0.14122268992582465,5.084542431162535e-08,level,1
2016-10-31,1476,-0.07852832559781166,0.0025355460021100444,level,1
2016-11-30,1489,-0.0046632652129169295,0.8573143749725766,level,1
2016-12-31,1489,-0.14997659814682288,6.052849533684092e-09,level,1
2017-01-31,1489,-0.09855509305698004,0.0001394829109135114,level,1
2017-02-28,1550,-0.0007568837302839833,0.9762468905990856,level,1
2017-03-31,1551,0.07625805974437991,0.002654005705417127,level,1
2017-04-30,1551,0.05529663206656941,0.02943260975198466,level,1
2017-05-31,1561,0.005470925031799393,0.8290018288872733,level,1
2017-06-30,1562,-0.0012976825531079968,0.9591293677983235,level,1
2017-07-31,1562,-0.07735343707164394,0.002218466941786881,level,1
2017-08-31,1582,-0.06843988034753641,0.006465399455611009,level,1
2017-09-30,1582,-0.040314250941201786,0.10896604189578174,level,1
2017-10-31,1582,0.008107467420459093,0.7472862127113444,level,1
2017-11-30,1586,-0.06360359602355993,0.01129113249486028,level,1
2017-12-31,1586,0.015862305323719027,0.5278758562663701,level,1
2018-01-31,1587,-0.019473117908836143,0.43821195260946133,level,1
2018-02-28,1600,0.14142355548420965,1.3383392933456049e-08,level,1
2018-03-31,1600,0.007887870731600926,0.7525542702249944,level,1
2018-04-30,1599,-0.023342013832835632,0.350930528983294,level,1
2018-05-31,1608,0.0015072776832984337,0.9518412960354425,level,1
2018-06-30,1608,0.057735283684088666,0.020596042911674033,level,1
2018-07-31,1608,-0.026445769433079417,0.2892206976558917,level,1
2018-08-31,1618,-0.0281513257971126,0.257752794244238,level,1
2018-09-30,1619,0.026699237532154807,0.2829780058739497,level,1
2018-10-31,1619,0.036501809422584214,0.1420849859242719,level,1
2018-11-30,1622,-0.020471295682046114,0.40998902237385415,level,1
2018-12-31,1622,0.13248424938744716,8.546813936333232e-08,level,1
2019-01-31,1622,0.0010758105053102589,0.9654672789208771,level,1
2019-02-28,1632,0.08124455120404492,0.0010196940122510088,level,1
2019-03-31,1634,-0.009329432117568872,0.7062917297497546,level,1
2019-04-30,1635,0.003410483238344978,0.8903998460650417,level,1
2019-05-31,1642,0.06703449916326848,0.006581028723197914,level,1
2019-06-30,1643,0.08689851401206028,0.0004213611116378927,level,1
2019-07-31,1643,0.011510228596977557,0.6410614445703555,level,1
2019-08-31,1652,-0.016932306315009336,0.4916173878998702,level,1
2019-09-30,1652,-0.00978939551519283,0.690927709438568,level,1
2019-10-31,1652,0.05595938000854792,0.02293481583592676,level,1
2019-11-30,1655,-0.0633719181537801,0.009916680195892091,level,1
2019-12-31,1655,0.015864925936940593,0.5189498893161186,level,1
2020-01-31,1655,0.006695631335046942,0.7854783498154967,level,1
2020-02-29,1666,0.08578699080195588,0.00045596593430226914,level,1
2020-03-31,1667,-0.014839086023774152,0.5448849550011053,level,1
2020-04-30,1667,0.08878153837513116,0.0002841874232709119,level,1
2020-05-31,1675,0.035495430866613296,0.14647763810997017,level,1
2020-06-30,1675,-0.0687942577718113,0.004851046661831212,level,1
2020-07-31,1675,-0.17321178982238924,9.489041769018135e-13,level,1
2020-08-31,1685,-0.08963857858750866,0.00022938626793753158,level,1
2020-09-30,1687,-0.07595990609744888,0.0017956098229938038,level,1
2020-10-31,1688,-0.051588085932228626,0.03406073255984449,level,1
2020-11-30,1692,-0.15835876189908563,5.735326866957766e-11,level,1
2020-12-31,1692,0.15017899430701911,5.362031436825478e-10,level,1
2021-01-31,1692,-0.10882709160991458,7.239995624265271e-06,level,1
2021-02-28,1700,0.004721226363553372,0.8457694791572004,level,1
2021-03-31,1700,-0.2623003774968675,3.8159874405725125e-28,level,1
2021-04-30,1700,0.15246669911545466,2.637481008490457e-10,level,1
2021-05-31,1703,-0.08915829959450598,0.00022962921604369394,level,1
2021-06-30,1703,0.0894725575428439,0.00021815610362862245,level,1
2021-07-31,1703,0.03947595338757709,0.10341691821118068,level,1
2021-08-31,1716,-0.05762042674788418,0.016979607866813073,level,1
2021-09-30,1717,0.014907314224888417,0.5370406027971637,level,1
2021-10-31,1718,0.004048034200274727,0.8668471635367433,level,1
2021-11-30,1720,-0.03508728357335613,0.14579089770244363,level,1
2021-12-31,1720,0.02617211498419037,0.2779970547302479,level,1
2022-01-31,1724,-0.06447114750080275,0.007411716676057067,level,1
2022-02-28,1735,-0.01595301130121247,0.5066522833001637,level,1
2022-03-31,1735,-0.016313637347082938,0.4970917369484166,level,1
2022-04-30,1735,0.010730498617601704,0.6551265272031277,level,1
2022-05-31,1740,-0.02315281283943821,0.33443676676955303,level,1
2022-06-30,1740,-0.005535934599787737,0.8175028415715659,level,1
2022-07-31,1740,-0.03398773362786348,0.15644452557034877,level,1
2022-08-31,1754,-0.03726496768747377,0.11873263576267105,level,1
2022-09-30,1755,-0.02551308943813786,0.2854189958582734,level,1
2022-10-31,1755,0.07573894076212051,0.0014972757418326291,level,1
2022-11-30,1756,0.03224199551578048,0.17686249149559677,level,1
2022-12-31,1756,0.05159967316990694,0.030605296513471353,level,1
2023-01-31,1757,0.09856693403561131,3.492331606972112e-05,level,1
2023-02-28,1760,0.038335681849204335,0.10789641798015367,level,1
2023-03-31,1760,-0.05826768188713756,0.0144929682947999,level,1
2023-04-30,1760,0.011042548147565556,0.643403164503856,level,1
2023-05-31,1768,-0.010089133383360413,0.671613564878697,level,1
2023-06-30,1770,-0.03138164352024436,0.18694823113814424,level,1
2023-07-31,1770,-0.04600409413548023,0.052976502053302774,level,1
2023-08-31,1785,0.015120397676410543,0.5232038225065262,level,1
2023-09-30,1786,0.02914444834982135,0.21829465365756906,level,1
2023-10-31,1790,0.06661934603311293,0.004806538075498121,level,1
2023-11-30,1795,-0.05491766526574423,0.019972922436019478,level,1
2023-12-31,1797,0.047540657487291596,0.04390100086540585,level,1
2024-01-31,1798,0.01876298848733091,0.426543405312967,level,1
2024-02-29,1815,0.07316170853220375,0.0018151036418789124,level,1
2024-03-31,1821,-0.05926870625478778,0.011416945284574103,level,1
2024-04-30,1823,-0.03699512134684049,0.11433074846050288,level,1
2024-05-31,1835,0.09367904996877435,5.8439166820519896e-05,level,1
2024-06-30,1836,-0.06490241293417728,0.0054022528301752235,level,1
2024-07-31,1836,0.07503547344129387,0.0012930865868525365,level,1
2024-08-31,1850,-0.02161388926847564,0.35282237938730987,level,1
2024-09-30,1851,0.012038350093188443,0.604738901165345,level,1
2024-10-31,1853,0.00786080360453912,0.735244980083715,level,1
2024-11-30,1856,0.14329029451141093,5.610549695870953e-10,level,1
2024-12-31,1857,0.028783751588117343,0.21505024273037787,level,1
2025-01-31,1857,-0.07473552916016954,0.0012689465148882225,level,1
2025-02-28,1867,0.006771001684750053,0.7700005039302856,level,1
2025-03-31,1871,0.06787946825562341,0.003308097883345077,level,1
2025-04-30,1872,-0.006318125302676427,0.7847117534492803,level,1
2025-05-31,1883,0.12486646825500594,5.446289711945338e-08,level,1
2025-06-30,1885,-0.11628181547853397,4.1402834363888596e-07,level,1
2025-07-31,1886,-0.0024982286116415767,0.9136612948324054,level,1
2025-08-31,1891,-0.0002853730061443642,0.9901053524136291,level,1
2025-09-30,1894,-0.059669582115865843,0.00939250992232648,level,1
2025-10-31,1895,-0.031215710887499498,0.17436719614181104,level,1
2025-11-30,1901,-0.0696790070641088,0.0023678764214472513,level,1
2025-12-31,1903,-0.11829204812772373,2.2780317265758615e-07,level,1
2016-02-29,1420,0.07512283112310515,0.0046206499973648965,level,3
2016-03-31,1420,-0.016902131426855007,0.5245120420187864,level,3
2016-04-30,1420,-0.03910749980122985,0.14076473600830952,level,3
2016-05-31,1445,-0.10232464175765006,9.757353051813631e-05,level,3
2016-06-30,1444,-0.08074067960062078,0.0021369864160683755,level,3
2016-07-31,1445,-0.11066831112364726,2.484890475367623e-05,level,3
2016-08-31,1476,-0.1332873222729297,2.757054199211647e-07,level,3
2016-09-30,1476,-0.1376835374127286,1.0935092461216714e-07,level,3
2016-10-31,1476,-0.14111098915063514,5.210443902868721e-08,level,3
2016-11-30,1489,-0.1644734403824173,1.7159114390303154e-10,level,3
2016-12-31,1489,-0.15840602234323137,7.935466293008107e-10,level,3
2017-01-31,1489,-0.05428387193938096,0.0362183509144962,level,3
2017-02-28,1550,0.06206537590234119,0.01452940062970843,level,3
2017-03-31,1551,0.06203349218793961,0.014548290202176522,level,3
2017-04-30,1551,0.018728712168107137,0.46108712177944866,level,3
2017-05-31,1561,-0.0511815244138781,0.04319067709088036,level,3
2017-06-30,1562,-0.07897979872566763,0.0017851183182510926,level,3
2017-07-31,1562,-0.1215735978980756,1.4436113394911067e-06,level,3
2017-08-31,1582,-0.06364614136824245,0.011339742666213369,level,3
2017-09-30,1582,-0.07253140249881336,0.003896612818357924,level,3
2017-10-31,1582,-0.05370839873726694,0.03267365483875721,level,3
2017-11-30,1586,-0.04465285908954091,0.07544202954983208,level,3
2017-12-31,1586,0.06998874834316456,0.005295318921256836,level,3
2018-01-31,1587,0.05650921771961414,0.024373353537373507,level,3
2018-02-28,1599,0.06850272008843734,0.006137759012501726,level,3
2018-03-31,1599,-0.03249215629865655,0.19407888766789635,level,3
2018-04-30,1599,-0.0026419517231676902,0.9159293941700981,level,3
2018-05-31,1608,0.01660375047260014,0.5058353376525853,level,3
2018-06-30,1608,-0.011294196832953192,0.6508669560429956,level,3
2018-07-31,1608,-0.02655990008068429,0.28714381166969694,level,3
2018-08-31,1618,0.015409073197038107,0.5356673538810557,level,3
2018-09-30,1619,0.052323287748163756,0.035279331409440375,level,3
2018-10-31,1619,0.08899691610938831,0.0003366891372707618,level,3
2018-11-30,1622,0.06725717667392431,0.0067344093582343174,level,3
2018-12-31,1622,0.10461016714589444,2.427734936106643e-05,level,3
2019-01-31,1622,0.04422385786952437,0.07498233073049447,level,3
2019-02-28,1632,0.04291430015595948,0.08307383866153334,level,3
2019-03-31,1634,0.027542077567107012,0.26584329590694805,level,3
2019-04-30,1635,0.07134257081942202,0.0038990159691243698,level,3
2019-05-31,1642,0.09180924621351033,0.00019508753656441615,level,3
2019-06-30,1643,0.06305931776753508,0.010568800408775857,level,3
2019-07-31,1643,0.011491049116467348,0.6416175899451919,level,3
2019-08-31,1652,0.023623505245465064,0.3372667171004151,level,3
2019-09-30,1652,0.0040712114226976815,0.8686692771783897,level,3
2019-10-31,1652,0.025007090132574836,0.30972570663800614,level,3
2019-11-30,1655,-0.013640857996501695,0.5792095490823931,level,3
2019-12-31,1655,0.04289005583835553,0.08110254592053626,level,3
2020-01-31,1655,0.04579329609464317,0.06253007324197388,level,3
2020-02-29,1666,0.10452801065063809,1.9113931073436115e-05,level,3
2020-03-31,1667,0.044698130262118003,0.06807365329185272,level,3
2020-04-30,1667,0.014724730615580005,0.5479889731569221,level,3
2020-05-31,1675,-0.12260463072226742,4.827031069010289e-07,level,3
2020-06-30,1675,-0.18110875092759976,8.111188324694729e-14,level,3
2020-07-31,1675,-0.20880059282036825,5.8987386956256644e-18,level,3
2020-08-31,1685,-0.13972553477786612,8.432499310952595e-09,level,3
2020-09-30,1687,-0.14746489855032502,1.1601936821434088e-09,level,3
2020-10-31,1688,-0.050683586048196075,0.037329239354958854,level,3
2020-11-30,1692,-0.06973663509411812,0.0041058064592576875,level,3
2020-12-31,1692,0.033557178061175044,0.1676768780345497,level,3
2021-01-31,1692,-0.23581226521640458,8.222953295897162e-23,level,3
2021-02-28,1700,-0.11814926734825452,1.0345284798309057e-06,level,3
2021-03-31,1700,-0.1484744604817561,7.681184946532321e-10,level,3
2021-04-30,1700,0.08983295010726781,0.0002083397953929234,level,3
2021-05-31,1703,0.02651934392419867,0.27405423048332933,level,3
2021-06-30,1703,0.07273786034948465,0.0026691203525253952,level,3
2021-07-31,1703,0.016665240978685852,0.49190991036034204,level,3
2021-08-31,1716,-0.03712240192601158,0.12424653088400277,level,3
2021-09-30,1717,-0.002569510412991027,0.9152692254967632,level,3
2021-10-31,1718,-0.010262012677800258,0.670800702822798,level,3
2021-11-30,1720,-0.039269589514209696,0.10351066603691013,level,3
2021-12-31,1720,-0.03223980995721722,0.1814011811668222,level,3
2022-01-31,1724,-0.05306660094321934,0.027571008385529734,level,3
2022-02-28,1735,-0.03589271306600787,0.13505670719908444,level,3
2022-03-31,1735,-0.033357706948400415,0.1648799700335876,level,3
2022-04-30,1735,-0.035156921137077225,0.14324860590950317,level,3
2022-05-31,1740,-0.040949459276270715,0.08770574114535351,level,3
2022-06-30,1740,-0.059024672073930196,0.013797525170298261,level,3
2022-07-31,1740,-0.061268834920541526,0.010579464576895426,level,3
2022-08-31,1754,-0.01040448652162986,0.6632364127565031,level,3
2022-09-30,1755,0.059349467548722244,0.012892272291440632,level,3
2022-10-31,1755,0.13277774391900016,2.3614043023946193e-08,level,3
2022-11-30,1756,0.15236155057317122,1.3842718562924426e-10,level,3
2022-12-31,1756,0.10299385948063053,1.5298026423172432e-05,level,3
2023-01-31,1757,0.01996667725940376,0.4029171721344753,level,3
2023-02-28,1760,-0.0013914223990427446,0.9534841776199457,level,3
2023-03-31,1760,-0.01620161620753137,0.4969746431062432,level,3
2023-04-30,1760,-0.008351805418389624,0.7262373298554543,level,3
2023-05-31,1768,-0.04409396916051617,0.06379132278398728,level,3
2023-06-30,1770,-0.045643283181946624,0.054868081663810686,level,3
2023-07-31,1770,0.0026843889359299536,0.9101444547130397,level,3
2023-08-31,1785,0.07564494882850724,0.0013824637363356806,level,3
2023-09-30,1786,0.02337409812022543,0.32351606127579324,level,3
2023-10-31,1790,0.00035345626642329156,0.9880770799813778,level,3
2023-11-30,1795,-0.01580910788727799,0.5032615976389927,level,3
2023-12-31,1797,0.04970536626333039,0.03512640487981459,level,3
2024-01-31,1798,-0.0023826161225680553,0.9195825705497432,level,3
2024-02-29,1815,-0.021247820668473444,0.36562671777977374,level,3
2024-03-31,1821,-0.0235446075192927,0.31529547841109684,level,3
2024-04-30,1823,-0.012682936619784285,0.5883913361233954,level,3
2024-05-31,1835,0.03845482919101255,0.0996048605914138,level,3
2024-06-30,1836,-0.019161414348213755,0.4118995702235765,level,3
2024-07-31,1835,0.034156684192026075,0.1435779024978825,level,3
2024-08-31,1849,0.00930245452188272,0.6893453100232032,level,3
2024-09-30,1849,0.0917919511267859,7.726401420763993e-05,level,3
2024-10-31,1851,0.11519361375335742,6.722778707541935e-07,level,3
2024-11-30,1856,0.08962396600450298,0.00011049901305370971,level,3
2024-12-31,1857,-0.009013490250666034,0.6978946809931157,level,3
2025-01-31,1857,0.005598212335811734,0.8094909563363146,level,3
2025-02-28,1867,0.04236893060956124,0.06720415763524318,level,3
2025-03-31,1871,0.10581981911838037,4.495154306710218e-06,level,3
2025-04-30,1872,0.0031860212676201954,0.8904327603999985,level,3
2025-05-31,1883,-0.0017655538407397443,0.9389713290605006,level,3
2025-06-30,1885,-0.08377257739821269,0.00027146686041550094,level,3
2025-07-31,1886,-0.036093168372181225,0.11713126056655122,level,3
2025-08-31,1891,-0.05228588505229283,0.022981832854753356,level,3
2025-09-30,1894,-0.09546321175123475,3.1639494461367284e-05,level,3
2025-10-31,1895,-0.14815262891472772,9.120153355600518e-11,level,3
2025-11-30,1901,-0.1413630325462925,5.99547044640822e-10,level,3
2025-12-31,1903,-0.07125757064136755,0.00186828685066391,level,3
2016-02-29,1420,-0.026108766515178163,0.3255312186044844,level,6
2016-03-31,1420,-0.05402672031578594,0.04179287965025553,level,6
2016-04-30,1420,-0.10973970563445,3.41018390068955e-05,level,6
2016-05-31,1445,-0.17795144953780948,9.552489621681806e-12,level,6
2016-06-30,1444,-0.14695271543464017,2.0250397789958666e-08,level,6
2016-07-31,1445,-0.17066295551027144,6.586516274357952e-11,level,6
2016-08-31,1476,-0.22395523037092765,3.1031580692735287e-18,level,6
2016-09-30,1476,-0.22277614080876895,4.693386750008424e-18,level,6
2016-10-31,1476,-0.1612305801001445,4.669447903182441e-10,level,6
2016-11-30,1489,-0.07183291043137799,0.005552300994148419,level,6
2016-12-31,1489,-0.08037454607900213,0.001910035161873213,level,6
2017-01-31,1489,-0.030517186204981315,0.23924780469752208,level,6
2017-02-28,1550,-0.011641387033560366,0.64697569602349,level,6
2017-03-31,1551,-0.031436313252719006,0.2159550495420639,level,6
2017-04-30,1551,-0.07897654725900118,0.001854046043850152,level,6
2017-05-31,1561,-0.09203991674777948,0.00027129797025561407,level,6
2017-06-30,1562,-0.09942183429163812,8.286002791056216e-05,level,6
2017-07-31,1562,-0.14185715300860652,1.7968097862803884e-08,level,6
2017-08-31,1582,-0.10407469038522389,3.3612570550310504e-05,level,6
2017-09-30,1582,-0.01654089053534571,0.5109055311925397,level,6
2017-10-31,1582,0.00510808828825812,0.8391258923973848,level,6
2017-11-30,1585,-0.01677204505461124,0.5046126003042262,level,6
2017-12-31,1585,0.008642579593200982,0.7309862831553602,level,6
2018-01-31,1586,0.03041176714675243,0.22610166135477838,level,6
2018-02-28,1599,0.0406405989346637,0.10426569806621518,level,6
2018-03-31,1599,-0.045650073889158274,0.06800765219838388,level,6
2018-04-30,1599,-0.04158000903972104,0.09649290988518652,level,6
2018-05-31,1608,0.007912054674721777,0.7512203503630245,level,6
2018-06-30,1608,0.021063696324015096,0.3986200074633618,level,6
2018-07-31,1608,0.04239976480755778,0.08919349576646385,level,6
2018-08-31,1618,0.0649186570976905,0.009000118772728001,level,6
2018-09-30,1619,0.10432512618715803,2.5998972250464295e-05,level,6
2018-10-31,1619,0.08640233961218108,0.0005007057735295561,level,6
2018-11-30,1622,0.06178122123121617,0.012823274534660619,level,6
2018-12-31,1622,0.08177217229598674,0.0009797433547526554,level,6
2019-01-31,1622,0.051191174266996965,0.039261205795220806,level,6
2019-02-28,1632,0.08064966482265917,0.0011105790866891448,level,6
2019-03-31,1634,0.05094340743245893,0.03949092951882137,level,6
2019-04-30,1635,0.05882980212809856,0.017358159029587667,level,6
2019-05-31,1642,0.07706690089081863,0.0017771774038844018,level,6
2019-06-30,1643,0.04259287159711137,0.08436072257400676,level,6
2019-07-31,1643,0.01121072299249394,0.6497689733980143,level,6
2019-08-31,1652,-0.0047189156355727825,0.8480122335437513,level,6
2019-09-30,1652,0.028346533212266413,0.2495271892545583,level,6
2019-10-31,1652,0.03312177309674069,0.17843860950130766,level,6
2019-11-30,1655,0.05545127485819366,0.024077959408709115,level,6
2019-12-31,1655,0.0852010779291852,0.0005208152912509667,level,6
2020-01-31,1655,0.03881172379426791,0.11449021329250694,level,6
2020-02-29,1666,-0.025197184115126895,0.3040174567470509,level,6
2020-03-31,1667,-0.09917203419739244,4.990934392242345e-05,level,6
2020-04-30,1667,-0.12708592754133224,1.9294507842449827e-07,level,6
2020-05-31,1675,-0.16566800472112722,8.953943931931709e-12,level,6
2020-06-30,1675,-0.22583521766743303,8.20791944672143e-21,level,6
2020-07-31,1675,-0.1781975530305302,2.0349787945711602e-13,level,6
2020-08-31,1685,-0.1370172676976786,1.6339998569101455e-08,level,6
2020-09-30,1687,-0.09926187863104034,4.4255358888906605e-05,level,6
2020-10-31,1688,-0.19893312039522898,1.5872050982443016e-16,level,6
2020-11-30,1692,-0.15065823985589147,4.719284676213417e-10,level,6
2020-12-31,1692,-0.1187794786366626,9.602715445967816e-07,level,6
2021-01-31,1692,-0.13943359838858127,8.442958891049815e-09,level,6
2021-02-28,1700,-0.0852182909240394,0.0004357050935975236,level,6
2021-03-31,1700,-0.10925760703102647,6.3312245675218124e-06,level,6
2021-04-30,1700,0.06800482337411452,0.005030159601489332,level,6
2021-05-31,1703,-0.014686251179985796,0.5447462861409187,level,6
2021-06-30,1703,0.027085263866247124,0.26394164514702323,level,6
2021-07-31,1703,0.010576721843470114,0.6627164771595262,level,6
2021-08-31,1716,-0.05706867676798571,0.018066464232680293,level,6
2021-09-30,1717,-0.04194385065400124,0.08229655469726155,level,6
2021-10-31,1718,-0.05295164374277222,0.028183510199067986,level,6
2021-11-30,1720,-0.040668285293442574,0.09177607741205653,level,6
2021-12-31,1720,-0.029677420721121804,0.21862807506102622,level,6
2022-01-31,1724,-0.04606832119179325,0.05582049826144864,level,6
2022-02-28,1735,-0.03452661926002471,0.15056438227571295,level,6
2022-03-31,1735,-0.0321990358630653,0.18005747265759742,level,6
2022-04-30,1735,-0.06474851760473739,0.006978280934459108,level,6
2022-05-31,1740,-0.0427024417199953,0.0749463884426167,level,6
2022-06-30,1740,-0.018476247889659375,0.44117100563197453,level,6
2022-07-31,1740,0.019771536450441263,0.4098122592372343,level,6
2022-08-31,1754,0.08157141187755929,0.0006272737507937971,level,6
2022-09-30,1755,0.10599422255564922,8.596533506121315e-06,level,6
2022-10-31,1755,0.0896689869707245,0.00016897822647687785,level,6
2022-11-30,1756,0.07273493169399069,0.0022899240373648578,level,6
2022-12-31,1756,0.04792467087866269,0.04464430162571749,level,6
2023-01-31,1757,0.011235491307175199,0.6379027644238213,level,6
2023-02-28,1760,-0.025618309648647416,0.2827504780530882,level,6
2023-03-31,1760,-0.02928714677507368,0.21942622973826753,level,6
2023-04-30,1760,-0.0055825994885178865,0.8149549956878592,level,6
2023-05-31,1768,0.020501518105448036,0.3889515231900642,level,6
2023-06-30,1770,-0.016293975658855795,0.49329908951131396,level,6
2023-07-31,1770,0.007688356912768244,0.7465165467623354,level,6
2023-08-31,1785,0.018844044958035072,0.4262297398695667,level,6
2023-09-30,1786,0.028460915004996704,0.22928960801574602,level,6
2023-10-31,1790,-0.01510624575107801,0.5230109903813698,level,6
2023-11-30,1795,-0.045029493665097675,0.056465841648403,level,6
2023-12-31,1797,0.008026005910480026,0.7338569450955129,level,6
2024-01-31,1798,-0.025983147390703135,0.27081889842992357,level,6
2024-02-29,1815,0.004864239439490681,0.8359405393054166,level,6
2024-03-31,1821,-0.04331343455139222,0.06461393135803496,level,6
2024-04-30,1822,0.006596955001930583,0.7784035225993848,level,6
2024-05-31,1834,0.019591562782872725,0.4017378457803039,level,6
2024-06-30,1833,0.04536840834875336,0.05213013323498241,level,6
2024-07-31,1833,0.0860082083802246,0.0002272364857958042,level,6
2024-08-31,1847,0.045763316773561116,0.049245860769541204,level,6
2024-09-30,1849,0.05493023521383067,0.01816750818442318,level,6
2024-10-31,1851,0.07004193748744579,0.002568949521363947,level,6
2024-11-30,1856,0.08646409479399034,0.00019188777891103071,level,6
2024-12-31,1857,0.07251895597945232,0.001765594572966848,level,6
2025-01-31,1857,0.003644451879067412,0.8752883069920625,level,6
2025-02-28,1867,0.022965813309505555,0.32129932312400733,level,6
2025-03-31,1871,0.017362983764412438,0.4528985239995549,level,6
2025-04-30,1872,-0.014970038996289254,0.5174335559523492,level,6
2025-05-31,1883,-0.03732903923236102,0.105376668557734,level,6
2025-06-30,1885,-0.12296399947756734,8.53340194692832e-08,level,6
2025-07-31,1886,-0.11883033054568644,2.2729986624669625e-07,level,6
2025-08-31,1891,-0.14103584546250048,7.284170895111998e-10,level,6
2025-09-30,1894,-0.11463977704146351,5.663807560839905e-07,level,6
2025-10-31,1895,-0.10661649764158285,3.297100322060845e-06,level,6
2016-02-29,1420,-0.1745383432768368,3.5386930946797804e-11,level,12
2016-03-31,1420,-0.20266884867948026,1.2525325507058447e-14,level,12
2016-04-30,1420,-0.19389373032999024,1.7051313427479072e-13,level,12
2016-05-31,1445,-0.20409965937272428,4.712175041479567e-15,level,12
2016-06-30,1444,-0.17678855724461454,1.328466265025236e-11,level,12
2016-07-31,1445,-0.16250982185548526,5.181329656257198e-10,level,12
2016-08-31,1476,-0.1673708075509828,9.773014329075713e-11,level,12
2016-09-30,1476,-0.17012909457590833,4.7482642988229085e-11,level,12
2016-10-31,1476,-0.15528339182781795,2.0080972953586653e-09,level,12
2016-11-30,1489,-0.1287766240471425,6.17138607313214e-07,level,12
2016-12-31,1489,-0.14679773342536034,1.2654623293360111e-08,level,12
2017-01-31,1489,-0.12444767085026036,1.4585300772352215e-06,level,12
2017-02-28,1550,-0.09212355919639682,0.0002815526151797326,level,12
2017-03-31,1551,-0.06017738790132752,0.017779055747934803,level,12
2017-04-30,1551,-0.07284856693173694,0.004098525181023657,level,12
2017-05-31,1560,-0.09011289149140633,0.00036584085429175694,level,12
2017-06-30,1561,-0.07451840847384314,0.0032199300595279257,level,12
2017-07-31,1561,-0.07152324148204355,0.004695631768043518,level,12
2017-08-31,1581,-0.05339916493384425,0.03374698904654606,level,12
2017-09-30,1581,-0.04817256123938464,0.05548942433000925,level,12
2017-10-31,1581,-0.027231528646294557,0.2791998255280094,level,12
2017-11-30,1585,-0.014845028107838783,0.5548036101189837,level,12
2017-12-31,1585,0.0050891934331901085,0.8395628080446788,level,12
2018-01-31,1586,0.0369794326219183,0.14101168584128926,level,12
2018-02-28,1599,0.04842205061119508,0.05288018787094579,level,12
2018-03-31,1599,0.02378181328688401,0.3419263463643746,level,12
2018-04-30,1599,0.0313342961437241,0.21045774762988914,level,12
2018-05-31,1608,0.053370924585259515,0.0323524692694758,level,12
2018-06-30,1608,0.06134430158560845,0.013881968401571267,level,12
2018-07-31,1608,0.062233713037885864,0.012558732134373198,level,12
2018-08-31,1618,0.07514771208008916,0.002488709084802888,level,12
2018-09-30,1619,0.09577398613828356,0.00011360202819332472,level,12
2018-10-31,1619,0.08074690235676245,0.0011467733953746957,level,12
2018-11-30,1622,0.08414320475787697,0.0006933556532892841,level,12
2018-12-31,1622,0.08880504364923313,0.00034246625283683007,level,12
2019-01-31,1622,0.06290973111563526,0.011270840953671894,level,12
2019-02-28,1632,0.07822406959311926,0.0015640836817363503,level,12
2019-03-31,1634,0.04251283690825354,0.0858060937786764,level,12
2019-04-30,1635,0.05578214501377621,0.024096335049127143,level,12
2019-05-31,1642,0.08087848610696877,0.001037318408960547,level,12
2019-06-30,1643,0.08561377494642804,0.0005127571221572531,level,12
2019-07-31,1643,0.02375044441949386,0.3359983554639415,level,12
2019-08-31,1652,-0.04353698429077068,0.07688527514920344,level,12
2019-09-30,1652,-0.07241569751318942,0.00322995509234017,level,12
2019-10-31,1652,-0.0897218212774296,0.00026088427902119815,level,12
2019-11-30,1655,-0.11285152854870378,4.179897367114817e-06,level,12
2019-12-31,1655,-0.13757110634004796,1.9191806591970252e-08,level,12
2020-01-31,1655,-0.10823358615095734,1.020578186083732e-05,level,12
2020-02-29,1666,-0.11431105142026313,2.9020416373542924e-06,level,12
2020-03-31,1667,-0.1346219113321902,3.439026138281853e-08,level,12
2020-04-30,1667,-0.2208454379711193,7.308370873216286e-20,level,12
2020-05-31,1675,-0.2028985835871567,5.0662434496884556e-17,level,12
2020-06-30,1675,-0.21974738708772304,9.178573170020767e-20,level,12
2020-07-31,1675,-0.1913463482901521,2.8244063977368747e-15,level,12
2020-08-31,1685,-0.14652815679864542,1.512953784001313e-09,level,12
2020-09-30,1687,-0.13714422791502157,1.5538799414344615e-08,level,12
2020-10-31,1688,-0.12357733945733267,3.5247768144918977e-07,level,12
2020-11-30,1692,-0.1236857543972,3.3337846507007067e-07,level,12
2020-12-31,1692,-0.1005578253263306,3.416149581566819e-05,level,12
2021-01-31,1692,-0.1283205144048636,1.1814984190231138e-07,level,12
2021-02-28,1700,-0.11230511064589146,3.4548192669107715e-06,level,12
2021-03-31,1700,-0.11935753284074993,8.004033666586269e-07,level,12
2021-04-30,1700,0.02251479471000199,0.3535406114552899,level,12
2021-05-31,1703,-0.044655451887165326,0.06541939669676074,level,12
2021-06-30,1703,0.008968069602997014,0.7115130358128552,level,12
2021-07-31,1703,-0.01891064803517977,0.43545538994380384,level,12
2021-08-31,1716,-0.05940161494146519,0.013852324837078923,level,12
2021-09-30,1717,-0.03877104808552755,0.10827872670234515,level,12
2021-10-31,1718,-0.049344101066824554,0.04085395726695135,level,12
2021-11-30,1720,-0.04993757625948892,0.03837359548127247,level,12
2021-12-31,1720,-0.02211539866474648,0.3593341205417828,level,12
2022-01-31,1724,-0.031899733152541875,0.18554038274586224,level,12
2022-02-28,1735,0.007013021827980322,0.7703563683192465,level,12
2022-03-31,1735,-6.851233149734735e-05,0.9977246676003819,level,12
2022-04-30,1735,-0.018041288816339363,0.4526530734968224,level,12
2022-05-31,1740,-0.013168773549854287,0.5830451534636375,level,12
2022-06-30,1740,-0.002037375220245226,0.9323212760013376,level,12
2022-07-31,1740,-0.0031419844491795876,0.8958000673850891,level,12
2022-08-31,1754,0.008067058138432547,0.7356500564239166,level,12
2022-09-30,1755,0.04040240923087271,0.09063610425114407,level,12
2022-10-31,1755,0.07279828738108465,0.002276290692385152,level,12
2022-11-30,1756,0.07293733777550515,0.002225881113867038,level,12
2022-12-31,1756,0.03152579635485642,0.18667978987640987,level,12
2023-01-31,1757,0.005306157205754125,0.8241120643952061,level,12
2023-02-28,1760,-0.0074832541286227305,0.7537325879406919,level,12
2023-03-31,1760,-0.0072239095664913145,0.7620052057322896,level,12
2023-04-30,1760,-0.02456726239911342,0.30297352798497446,level,12
2023-05-31,1768,-0.03755297603253879,0.11446175650712787,level,12
2023-06-30,1770,-0.015107877508886956,0.5253003956249547,level,12
2023-07-31,1770,-0.028459884156516638,0.23140682005115434,level,12
2023-08-31,1785,-0.0012627692079495959,0.9574819539092462,level,12
2023-09-30,1786,-0.019491478654920416,0.41037568035365557,level,12
2023-10-31,1789,-0.025140403706583974,0.28788280010435374,level,12
2023-11-30,1794,-0.02910664760301697,0.21786228484489142,level,12
2023-12-31,1794,0.029203188057735006,0.2163391990793745,level,12
2024-01-31,1795,0.03816491413133525,0.10600521592214401,level,12
2024-02-29,1812,0.032970876318648826,0.1606455394728851,level,12
2024-03-31,1818,0.01711428457485475,0.4658361682152058,level,12
2024-04-30,1820,0.060814025902328366,0.009458139487059338,level,12
2024-05-31,1832,0.06518697150821201,0.00525148171118667,level,12
2024-06-30,1833,0.07539809386122015,0.001235924964771008,level,12
2024-07-31,1833,0.0601393013571637,0.010013820558263801,level,12
2024-08-31,1847,0.04554304013098655,0.05034962208896309,level,12
2024-09-30,1849,0.05271411568467618,0.023405492407618373,level,12
2024-10-31,1851,0.03415671644930791,0.14184123700779927,level,12
2024-11-30,1856,0.015374260838568823,0.5080120299667863,level,12
2024-12-31,1857,-0.05699063603758283,0.014040098147406165,level,12
2025-01-31,1857,-0.08914936457919652,0.00011967973627495411,level,12
2025-02-28,1867,-0.07489699019812254,0.001201217935494044,level,12
2025-03-31,1871,-0.07387510495034448,0.0013852521801165825,level,12
2025-04-30,1872,-0.09200597657973082,6.703075880381991e-05,level,12
