n_weeks,n_years,cagr,vol_annual,sharpe,mdd,hit_rate,cell,hold_days,progress_pct,side,dual_avg_hold,dual_n_closed,period,value_avg_hold,value_n_closed,time_stop_exits,rebal_swap_exits,qm_avg_hold,qm_n_closed,avg_hold_days,n_closed
155,2.98,14.2,11.76,1.122,-11.78,42.6,baseline_no_ts,,,dual,,,IS_2020_2022,,,,,,,,
155,2.98,23.69,11.09,2.046,-7.97,21.9,baseline_no_ts,,,value,,,IS_2020_2022,29.421487603305785,121.0,0.0,19.0,,,,
155,2.98,4.49,18.18,0.192,-23.64,33.5,baseline_no_ts,,,qm,,,IS_2020_2022,,,0.0,125.0,26.08,125.0,,
155,2.98,15.01,11.95,1.173,-11.97,41.9,TS_h5_p0pct,5.0,0.0,dual,,,IS_2020_2022,,,,,,,,
155,2.98,23.03,11.04,1.996,-6.85,21.3,TS_h5_p0pct,5.0,0.0,value,,,IS_2020_2022,,,42.0,17.0,,,26.81451612903226,124.0
155,2.98,6.53,18.49,0.299,-23.09,34.2,TS_h5_p0pct,5.0,0.0,qm,,,IS_2020_2022,,,53.0,75.0,,,23.5546875,128.0
155,2.98,14.93,12.01,1.16,-11.97,40.6,TS_h5_p1pct,5.0,0.01,dual,,,IS_2020_2022,,,,,,,,
155,2.98,23.04,11.3,1.949,-6.85,21.3,TS_h5_p1pct,5.0,0.01,value,,,IS_2020_2022,,,61.0,7.0,,,26.370967741935484,124.0
155,2.98,6.36,18.51,0.29,-23.09,32.9,TS_h5_p1pct,5.0,0.01,qm,,,IS_2020_2022,,,96.0,33.0,,,23.06201550387597,129.0
155,2.98,13.78,12.35,1.034,-11.97,40.0,TS_h5_p2pct,5.0,0.02,dual,,,IS_2020_2022,,,,,,,,
155,2.98,18.98,11.42,1.574,-8.54,20.6,TS_h5_p2pct,5.0,0.02,value,,,IS_2020_2022,,,72.0,6.0,,,25.44,125.0
155,2.98,7.77,19.03,0.356,-23.09,32.9,TS_h5_p2pct,5.0,0.02,qm,,,IS_2020_2022,,,100.0,29.0,,,22.94573643410853,129.0
155,2.98,13.89,12.23,1.053,-11.97,41.3,TS_h5_p3pct,5.0,0.03,dual,,,IS_2020_2022,,,,,,,,
155,2.98,20.04,11.74,1.622,-8.54,20.6,TS_h5_p3pct,5.0,0.03,value,,,IS_2020_2022,,,74.0,6.0,,,24.84,125.0
155,2.98,6.97,18.95,0.315,-23.09,32.9,TS_h5_p3pct,5.0,0.03,qm,,,IS_2020_2022,,,104.0,25.0,,,22.558139534883722,129.0
155,2.98,15.01,11.95,1.173,-11.97,41.9,TS_h10_p0pct,10.0,0.0,dual,,,IS_2020_2022,,,,,,,,
155,2.98,23.03,11.04,1.996,-6.85,21.3,TS_h10_p0pct,10.0,0.0,value,,,IS_2020_2022,,,42.0,17.0,,,26.81451612903226,124.0
155,2.98,6.53,18.49,0.299,-23.09,34.2,TS_h10_p0pct,10.0,0.0,qm,,,IS_2020_2022,,,53.0,75.0,,,23.5546875,128.0
155,2.98,14.93,12.01,1.16,-11.97,40.6,TS_h10_p1pct,10.0,0.01,dual,,,IS_2020_2022,,,,,,,,
155,2.98,23.04,11.3,1.949,-6.85,21.3,TS_h10_p1pct,10.0,0.01,value,,,IS_2020_2022,,,61.0,7.0,,,26.370967741935484,124.0
155,2.98,6.36,18.51,0.29,-23.09,32.9,TS_h10_p1pct,10.0,0.01,qm,,,IS_2020_2022,,,96.0,33.0,,,23.06201550387597,129.0
155,2.98,13.78,12.35,1.034,-11.97,40.0,TS_h10_p2pct,10.0,0.02,dual,,,IS_2020_2022,,,,,,,,
155,2.98,18.98,11.42,1.574,-8.54,20.6,TS_h10_p2pct,10.0,0.02,value,,,IS_2020_2022,,,72.0,6.0,,,25.44,125.0
155,2.98,7.77,19.03,0.356,-23.09,32.9,TS_h10_p2pct,10.0,0.02,qm,,,IS_2020_2022,,,100.0,29.0,,,22.94573643410853,129.0
155,2.98,13.89,12.23,1.053,-11.97,41.3,TS_h10_p3pct,10.0,0.03,dual,,,IS_2020_2022,,,,,,,,
155,2.98,20.04,11.74,1.622,-8.54,20.6,TS_h10_p3pct,10.0,0.03,value,,,IS_2020_2022,,,74.0,6.0,,,24.84,125.0
155,2.98,6.97,18.95,0.315,-23.09,32.9,TS_h10_p3pct,10.0,0.03,qm,,,IS_2020_2022,,,104.0,25.0,,,22.558139534883722,129.0
155,2.98,15.01,11.95,1.173,-11.97,41.9,TS_h15_p0pct,15.0,0.0,dual,,,IS_2020_2022,,,,,,,,
155,2.98,23.03,11.04,1.996,-6.85,21.3,TS_h15_p0pct,15.0,0.0,value,,,IS_2020_2022,,,42.0,17.0,,,26.81451612903226,124.0
155,2.98,6.53,18.49,0.299,-23.09,34.2,TS_h15_p0pct,15.0,0.0,qm,,,IS_2020_2022,,,53.0,75.0,,,23.5546875,128.0
155,2.98,14.93,12.01,1.16,-11.97,40.6,TS_h15_p1pct,15.0,0.01,dual,,,IS_2020_2022,,,,,,,,
155,2.98,23.04,11.3,1.949,-6.85,21.3,TS_h15_p1pct,15.0,0.01,value,,,IS_2020_2022,,,61.0,7.0,,,26.370967741935484,124.0
155,2.98,6.36,18.51,0.29,-23.09,32.9,TS_h15_p1pct,15.0,0.01,qm,,,IS_2020_2022,,,96.0,33.0,,,23.06201550387597,129.0
155,2.98,13.78,12.35,1.034,-11.97,40.0,TS_h15_p2pct,15.0,0.02,dual,,,IS_2020_2022,,,,,,,,
155,2.98,18.98,11.42,1.574,-8.54,20.6,TS_h15_p2pct,15.0,0.02,value,,,IS_2020_2022,,,72.0,6.0,,,25.44,125.0
155,2.98,7.77,19.03,0.356,-23.09,32.9,TS_h15_p2pct,15.0,0.02,qm,,,IS_2020_2022,,,100.0,29.0,,,22.94573643410853,129.0
155,2.98,13.89,12.23,1.053,-11.97,41.3,TS_h15_p3pct,15.0,0.03,dual,,,IS_2020_2022,,,,,,,,
155,2.98,20.04,11.74,1.622,-8.54,20.6,TS_h15_p3pct,15.0,0.03,value,,,IS_2020_2022,,,74.0,6.0,,,24.84,125.0
155,2.98,6.97,18.95,0.315,-23.09,32.9,TS_h15_p3pct,15.0,0.03,qm,,,IS_2020_2022,,,104.0,25.0,,,22.558139534883722,129.0
155,2.98,15.01,11.95,1.173,-11.97,41.9,TS_h20_p0pct,20.0,0.0,dual,,,IS_2020_2022,,,,,,,,
155,2.98,23.03,11.04,1.996,-6.85,21.3,TS_h20_p0pct,20.0,0.0,value,,,IS_2020_2022,,,42.0,17.0,,,26.81451612903226,124.0
155,2.98,6.53,18.49,0.299,-23.09,34.2,TS_h20_p0pct,20.0,0.0,qm,,,IS_2020_2022,,,53.0,75.0,,,23.5546875,128.0
155,2.98,14.93,12.01,1.16,-11.97,40.6,TS_h20_p1pct,20.0,0.01,dual,,,IS_2020_2022,,,,,,,,
155,2.98,23.04,11.3,1.949,-6.85,21.3,TS_h20_p1pct,20.0,0.01,value,,,IS_2020_2022,,,61.0,7.0,,,26.370967741935484,124.0
155,2.98,6.36,18.51,0.29,-23.09,32.9,TS_h20_p1pct,20.0,0.01,qm,,,IS_2020_2022,,,96.0,33.0,,,23.06201550387597,129.0
155,2.98,13.78,12.35,1.034,-11.97,40.0,TS_h20_p2pct,20.0,0.02,dual,,,IS_2020_2022,,,,,,,,
155,2.98,18.98,11.42,1.574,-8.54,20.6,TS_h20_p2pct,20.0,0.02,value,,,IS_2020_2022,,,72.0,6.0,,,25.44,125.0
155,2.98,7.77,19.03,0.356,-23.09,32.9,TS_h20_p2pct,20.0,0.02,qm,,,IS_2020_2022,,,100.0,29.0,,,22.94573643410853,129.0
155,2.98,13.89,12.23,1.053,-11.97,41.3,TS_h20_p3pct,20.0,0.03,dual,,,IS_2020_2022,,,,,,,,
155,2.98,20.04,11.74,1.622,-8.54,20.6,TS_h20_p3pct,20.0,0.03,value,,,IS_2020_2022,,,74.0,6.0,,,24.84,125.0
155,2.98,6.97,18.95,0.315,-23.09,32.9,TS_h20_p3pct,20.0,0.03,qm,,,IS_2020_2022,,,104.0,25.0,,,22.558139534883722,129.0
155,2.98,15.21,11.9,1.194,-11.95,42.6,TS_h30_p0pct,30.0,0.0,dual,,,IS_2020_2022,,,,,,,,
155,2.98,23.3,10.96,2.034,-6.85,21.9,TS_h30_p0pct,30.0,0.0,value,,,IS_2020_2022,,,9.0,18.0,,,27.235772357723576,123.0
155,2.98,6.67,18.46,0.307,-23.06,33.5,TS_h30_p0pct,30.0,0.0,qm,,,IS_2020_2022,,,13.0,113.0,,,24.563492063492063,126.0
155,2.98,15.12,11.97,1.18,-11.95,41.9,TS_h30_p1pct,30.0,0.01,dual,,,IS_2020_2022,,,,,,,,
155,2.98,22.91,11.06,1.981,-6.85,21.9,TS_h30_p1pct,30.0,0.01,value,,,IS_2020_2022,,,11.0,16.0,,,27.073170731707318,123.0
155,2.98,6.83,18.56,0.314,-23.06,32.9,TS_h30_p1pct,30.0,0.01,qm,,,IS_2020_2022,,,15.0,111.0,,,24.166666666666668,126.0
155,2.98,15.95,12.29,1.216,-11.95,41.9,TS_h30_p2pct,30.0,0.02,dual,,,IS_2020_2022,,,,,,,,
155,2.98,22.86,11.21,1.949,-7.43,21.9,TS_h30_p2pct,30.0,0.02,value,,,IS_2020_2022,,,14.0,15.0,,,27.03252032520325,123.0
155,2.98,8.38,19.08,0.387,-23.06,32.9,TS_h30_p2pct,30.0,0.02,qm,,,IS_2020_2022,,,18.0,108.0,,,23.96825396825397,126.0
155,2.98,16.59,12.53,1.244,-11.95,41.9,TS_h30_p3pct,30.0,0.03,dual,,,IS_2020_2022,,,,,,,,
155,2.98,24.0,12.01,1.916,-8.33,21.3,TS_h30_p3pct,30.0,0.03,value,,,IS_2020_2022,,,16.0,15.0,,,25.934959349593495,123.0
155,2.98,8.55,19.08,0.395,-23.06,32.9,TS_h30_p3pct,30.0,0.03,qm,,,IS_2020_2022,,,18.0,108.0,,,23.928571428571427,126.0
51,0.98,8.45,10.1,0.738,-11.03,35.3,baseline_no_ts,,,dual,,,OOS_2023,,,,,,,,
51,0.98,5.1,3.4,1.203,-0.31,5.9,baseline_no_ts,,,value,,,OOS_2023,20.0,20.0,0.0,0.0,,,,
51,0.98,10.98,18.94,0.527,-21.01,33.3,baseline_no_ts,,,qm,,,OOS_2023,,,0.0,34.0,23.529411764705884,34.0,,
51,0.98,12.64,11.35,1.026,-11.88,35.3,TS_h5_p0pct,5.0,0.0,dual,,,OOS_2023,,,,,,,,
51,0.98,5.1,3.4,1.203,-0.31,5.9,TS_h5_p0pct,5.0,0.0,value,,,OOS_2023,,,7.0,0.0,,,20.0,20.0
51,0.98,19.41,21.62,0.852,-22.55,33.3,TS_h5_p0pct,5.0,0.0,qm,,,OOS_2023,,,14.0,20.0,,,22.352941176470587,34.0
51,0.98,12.64,11.35,1.026,-11.88,35.3,TS_h5_p1pct,5.0,0.01,dual,,,OOS_2023,,,,,,,,
51,0.98,5.1,3.4,1.203,-0.31,5.9,TS_h5_p1pct,5.0,0.01,value,,,OOS_2023,,,11.0,0.0,,,20.0,20.0
51,0.98,19.41,21.62,0.852,-22.55,33.3,TS_h5_p1pct,5.0,0.01,qm,,,OOS_2023,,,21.0,13.0,,,22.352941176470587,34.0
51,0.98,12.64,11.35,1.026,-11.88,35.3,TS_h5_p2pct,5.0,0.02,dual,,,OOS_2023,,,,,,,,
51,0.98,5.1,3.4,1.203,-0.31,5.9,TS_h5_p2pct,5.0,0.02,value,,,OOS_2023,,,11.0,0.0,,,20.0,20.0
51,0.98,19.41,21.62,0.852,-22.55,33.3,TS_h5_p2pct,5.0,0.02,qm,,,OOS_2023,,,21.0,13.0,,,22.352941176470587,34.0
51,0.98,12.64,11.35,1.026,-11.88,35.3,TS_h5_p3pct,5.0,0.03,dual,,,OOS_2023,,,,,,,,
51,0.98,5.1,3.4,1.203,-0.31,5.9,TS_h5_p3pct,5.0,0.03,value,,,OOS_2023,,,11.0,0.0,,,20.0,20.0
51,0.98,19.41,21.62,0.852,-22.55,33.3,TS_h5_p3pct,5.0,0.03,qm,,,OOS_2023,,,21.0,13.0,,,22.352941176470587,34.0
51,0.98,12.64,11.35,1.026,-11.88,35.3,TS_h10_p0pct,10.0,0.0,dual,,,OOS_2023,,,,,,,,
51,0.98,5.1,3.4,1.203,-0.31,5.9,TS_h10_p0pct,10.0,0.0,value,,,OOS_2023,,,7.0,0.0,,,20.0,20.0
51,0.98,19.41,21.62,0.852,-22.55,33.3,TS_h10_p0pct,10.0,0.0,qm,,,OOS_2023,,,14.0,20.0,,,22.352941176470587,34.0
51,0.98,12.64,11.35,1.026,-11.88,35.3,TS_h10_p1pct,10.0,0.01,dual,,,OOS_2023,,,,,,,,
51,0.98,5.1,3.4,1.203,-0.31,5.9,TS_h10_p1pct,10.0,0.01,value,,,OOS_2023,,,11.0,0.0,,,20.0,20.0
51,0.98,19.41,21.62,0.852,-22.55,33.3,TS_h10_p1pct,10.0,0.01,qm,,,OOS_2023,,,21.0,13.0,,,22.352941176470587,34.0
51,0.98,12.64,11.35,1.026,-11.88,35.3,TS_h10_p2pct,10.0,0.02,dual,,,OOS_2023,,,,,,,,
51,0.98,5.1,3.4,1.203,-0.31,5.9,TS_h10_p2pct,10.0,0.02,value,,,OOS_2023,,,11.0,0.0,,,20.0,20.0
51,0.98,19.41,21.62,0.852,-22.55,33.3,TS_h10_p2pct,10.0,0.02,qm,,,OOS_2023,,,21.0,13.0,,,22.352941176470587,34.0
51,0.98,12.64,11.35,1.026,-11.88,35.3,TS_h10_p3pct,10.0,0.03,dual,,,OOS_2023,,,,,,,,
51,0.98,5.1,3.4,1.203,-0.31,5.9,TS_h10_p3pct,10.0,0.03,value,,,OOS_2023,,,11.0,0.0,,,20.0,20.0
51,0.98,19.41,21.62,0.852,-22.55,33.3,TS_h10_p3pct,10.0,0.03,qm,,,OOS_2023,,,21.0,13.0,,,22.352941176470587,34.0
51,0.98,12.64,11.35,1.026,-11.88,35.3,TS_h15_p0pct,15.0,0.0,dual,,,OOS_2023,,,,,,,,
51,0.98,5.1,3.4,1.203,-0.31,5.9,TS_h15_p0pct,15.0,0.0,value,,,OOS_2023,,,7.0,0.0,,,20.0,20.0
51,0.98,19.41,21.62,0.852,-22.55,33.3,TS_h15_p0pct,15.0,0.0,qm,,,OOS_2023,,,14.0,20.0,,,22.352941176470587,34.0
51,0.98,12.64,11.35,1.026,-11.88,35.3,TS_h15_p1pct,15.0,0.01,dual,,,OOS_2023,,,,,,,,
51,0.98,5.1,3.4,1.203,-0.31,5.9,TS_h15_p1pct,15.0,0.01,value,,,OOS_2023,,,11.0,0.0,,,20.0,20.0
51,0.98,19.41,21.62,0.852,-22.55,33.3,TS_h15_p1pct,15.0,0.01,qm,,,OOS_2023,,,21.0,13.0,,,22.352941176470587,34.0
51,0.98,12.64,11.35,1.026,-11.88,35.3,TS_h15_p2pct,15.0,0.02,dual,,,OOS_2023,,,,,,,,
51,0.98,5.1,3.4,1.203,-0.31,5.9,TS_h15_p2pct,15.0,0.02,value,,,OOS_2023,,,11.0,0.0,,,20.0,20.0
51,0.98,19.41,21.62,0.852,-22.55,33.3,TS_h15_p2pct,15.0,0.02,qm,,,OOS_2023,,,21.0,13.0,,,22.352941176470587,34.0
51,0.98,12.64,11.35,1.026,-11.88,35.3,TS_h15_p3pct,15.0,0.03,dual,,,OOS_2023,,,,,,,,
51,0.98,5.1,3.4,1.203,-0.31,5.9,TS_h15_p3pct,15.0,0.03,value,,,OOS_2023,,,11.0,0.0,,,20.0,20.0
51,0.98,19.41,21.62,0.852,-22.55,33.3,TS_h15_p3pct,15.0,0.03,qm,,,OOS_2023,,,21.0,13.0,,,22.352941176470587,34.0
51,0.98,12.64,11.35,1.026,-11.88,35.3,TS_h20_p0pct,20.0,0.0,dual,,,OOS_2023,,,,,,,,
51,0.98,5.1,3.4,1.203,-0.31,5.9,TS_h20_p0pct,20.0,0.0,value,,,OOS_2023,,,7.0,0.0,,,20.0,20.0
51,0.98,19.41,21.62,0.852,-22.55,33.3,TS_h20_p0pct,20.0,0.0,qm,,,OOS_2023,,,14.0,20.0,,,22.352941176470587,34.0
51,0.98,12.64,11.35,1.026,-11.88,35.3,TS_h20_p1pct,20.0,0.01,dual,,,OOS_2023,,,,,,,,
51,0.98,5.1,3.4,1.203,-0.31,5.9,TS_h20_p1pct,20.0,0.01,value,,,OOS_2023,,,11.0,0.0,,,20.0,20.0
51,0.98,19.41,21.62,0.852,-22.55,33.3,TS_h20_p1pct,20.0,0.01,qm,,,OOS_2023,,,21.0,13.0,,,22.352941176470587,34.0
51,0.98,12.64,11.35,1.026,-11.88,35.3,TS_h20_p2pct,20.0,0.02,dual,,,OOS_2023,,,,,,,,
51,0.98,5.1,3.4,1.203,-0.31,5.9,TS_h20_p2pct,20.0,0.02,value,,,OOS_2023,,,11.0,0.0,,,20.0,20.0
51,0.98,19.41,21.62,0.852,-22.55,33.3,TS_h20_p2pct,20.0,0.02,qm,,,OOS_2023,,,21.0,13.0,,,22.352941176470587,34.0
51,0.98,12.64,11.35,1.026,-11.88,35.3,TS_h20_p3pct,20.0,0.03,dual,,,OOS_2023,,,,,,,,
51,0.98,5.1,3.4,1.203,-0.31,5.9,TS_h20_p3pct,20.0,0.03,value,,,OOS_2023,,,11.0,0.0,,,20.0,20.0
51,0.98,19.41,21.62,0.852,-22.55,33.3,TS_h20_p3pct,20.0,0.03,qm,,,OOS_2023,,,21.0,13.0,,,22.352941176470587,34.0
51,0.98,9.8,10.47,0.84,-11.03,35.3,TS_h30_p0pct,30.0,0.0,dual,,,OOS_2023,,,,,,,,
51,0.98,5.1,3.4,1.203,-0.31,5.9,TS_h30_p0pct,30.0,0.0,value,,,OOS_2023,,,0.0,0.0,,,20.0,20.0
51,0.98,13.68,19.75,0.642,-21.01,33.3,TS_h30_p0pct,30.0,0.0,qm,,,OOS_2023,,,2.0,32.0,,,22.941176470588236,34.0
51,0.98,9.8,10.47,0.84,-11.03,35.3,TS_h30_p1pct,30.0,0.01,dual,,,OOS_2023,,,,,,,,
51,0.98,5.1,3.4,1.203,-0.31,5.9,TS_h30_p1pct,30.0,0.01,value,,,OOS_2023,,,0.0,0.0,,,20.0,20.0
51,0.98,13.68,19.75,0.642,-21.01,33.3,TS_h30_p1pct,30.0,0.01,qm,,,OOS_2023,,,2.0,32.0,,,22.941176470588236,34.0
51,0.98,9.8,10.47,0.84,-11.03,35.3,TS_h30_p2pct,30.0,0.02,dual,,,OOS_2023,,,,,,,,
51,0.98,5.1,3.4,1.203,-0.31,5.9,TS_h30_p2pct,30.0,0.02,value,,,OOS_2023,,,0.0,0.0,,,20.0,20.0
51,0.98,13.68,19.75,0.642,-21.01,33.3,TS_h30_p2pct,30.0,0.02,qm,,,OOS_2023,,,2.0,32.0,,,22.941176470588236,34.0
51,0.98,9.8,10.47,0.84,-11.03,35.3,TS_h30_p3pct,30.0,0.03,dual,,,OOS_2023,,,,,,,,
51,0.98,5.1,3.4,1.203,-0.31,5.9,TS_h30_p3pct,30.0,0.03,value,,,OOS_2023,,,0.0,0.0,,,20.0,20.0
51,0.98,13.68,19.75,0.642,-21.01,33.3,TS_h30_p3pct,30.0,0.03,qm,,,OOS_2023,,,2.0,32.0,,,22.941176470588236,34.0
52,1.0,10.25,6.47,1.428,-3.94,59.6,baseline_no_ts,,,dual,,,OOS_2024,,,,,,,,
52,1.0,11.53,8.31,1.266,-3.2,19.2,baseline_no_ts,,,value,,,OOS_2024,25.0,40.0,0.0,2.0,,,,
52,1.0,8.49,10.35,0.724,-7.77,48.1,baseline_no_ts,,,qm,,,OOS_2024,,,0.0,40.0,28.0,40.0,,
52,1.0,11.28,7.48,1.373,-3.96,57.7,TS_h5_p0pct,5.0,0.0,dual,,,OOS_2024,,,,,,,,
52,1.0,12.51,10.93,1.053,-3.79,17.3,TS_h5_p0pct,5.0,0.0,value,,,OOS_2024,,,19.0,2.0,,,22.1875,32.0
52,1.0,9.42,10.55,0.799,-8.73,46.2,TS_h5_p0pct,5.0,0.0,qm,,,OOS_2024,,,14.0,27.0,,,23.414634146341463,41.0
52,1.0,13.01,7.73,1.554,-3.96,57.7,TS_h5_p1pct,5.0,0.01,dual,,,OOS_2024,,,,,,,,
52,1.0,12.51,10.93,1.053,-3.79,17.3,TS_h5_p1pct,5.0,0.01,value,,,OOS_2024,,,19.0,2.0,,,22.1875,32.0
52,1.0,12.82,11.31,1.045,-8.73,46.2,TS_h5_p1pct,5.0,0.01,qm,,,OOS_2024,,,28.0,13.0,,,23.048780487804876,41.0
52,1.0,12.7,7.77,1.505,-3.96,55.8,TS_h5_p2pct,5.0,0.02,dual,,,OOS_2024,,,,,,,,
52,1.0,11.88,11.06,0.983,-4.11,13.5,TS_h5_p2pct,5.0,0.02,value,,,OOS_2024,,,21.0,1.0,,,22.258064516129032,31.0
52,1.0,12.82,11.31,1.045,-8.73,46.2,TS_h5_p2pct,5.0,0.02,qm,,,OOS_2024,,,28.0,13.0,,,23.048780487804876,41.0
52,1.0,11.49,7.78,1.348,-3.96,53.8,TS_h5_p3pct,5.0,0.03,dual,,,OOS_2024,,,,,,,,
52,1.0,10.35,11.0,0.85,-5.71,13.5,TS_h5_p3pct,5.0,0.03,value,,,OOS_2024,,,22.0,1.0,,,22.166666666666668,30.0
52,1.0,11.96,11.21,0.978,-8.15,46.2,TS_h5_p3pct,5.0,0.03,qm,,,OOS_2024,,,30.0,11.0,,,22.4390243902439,41.0
52,1.0,11.28,7.48,1.373,-3.96,57.7,TS_h10_p0pct,10.0,0.0,dual,,,OOS_2024,,,,,,,,
52,1.0,12.51,10.93,1.053,-3.79,17.3,TS_h10_p0pct,10.0,0.0,value,,,OOS_2024,,,19.0,2.0,,,22.1875,32.0
52,1.0,9.42,10.55,0.799,-8.73,46.2,TS_h10_p0pct,10.0,0.0,qm,,,OOS_2024,,,14.0,27.0,,,23.414634146341463,41.0
52,1.0,13.01,7.73,1.554,-3.96,57.7,TS_h10_p1pct,10.0,0.01,dual,,,OOS_2024,,,,,,,,
52,1.0,12.51,10.93,1.053,-3.79,17.3,TS_h10_p1pct,10.0,0.01,value,,,OOS_2024,,,19.0,2.0,,,22.1875,32.0
52,1.0,12.82,11.31,1.045,-8.73,46.2,TS_h10_p1pct,10.0,0.01,qm,,,OOS_2024,,,28.0,13.0,,,23.048780487804876,41.0
52,1.0,12.7,7.77,1.505,-3.96,55.8,TS_h10_p2pct,10.0,0.02,dual,,,OOS_2024,,,,,,,,
52,1.0,11.88,11.06,0.983,-4.11,13.5,TS_h10_p2pct,10.0,0.02,value,,,OOS_2024,,,21.0,1.0,,,22.258064516129032,31.0
52,1.0,12.82,11.31,1.045,-8.73,46.2,TS_h10_p2pct,10.0,0.02,qm,,,OOS_2024,,,28.0,13.0,,,23.048780487804876,41.0
52,1.0,11.49,7.78,1.348,-3.96,53.8,TS_h10_p3pct,10.0,0.03,dual,,,OOS_2024,,,,,,,,
52,1.0,10.35,11.0,0.85,-5.71,13.5,TS_h10_p3pct,10.0,0.03,value,,,OOS_2024,,,22.0,1.0,,,22.166666666666668,30.0
52,1.0,11.96,11.21,0.978,-8.15,46.2,TS_h10_p3pct,10.0,0.03,qm,,,OOS_2024,,,30.0,11.0,,,22.4390243902439,41.0
52,1.0,11.28,7.48,1.373,-3.96,57.7,TS_h15_p0pct,15.0,0.0,dual,,,OOS_2024,,,,,,,,
52,1.0,12.51,10.93,1.053,-3.79,17.3,TS_h15_p0pct,15.0,0.0,value,,,OOS_2024,,,19.0,2.0,,,22.1875,32.0
52,1.0,9.42,10.55,0.799,-8.73,46.2,TS_h15_p0pct,15.0,0.0,qm,,,OOS_2024,,,14.0,27.0,,,23.414634146341463,41.0
52,1.0,13.01,7.73,1.554,-3.96,57.7,TS_h15_p1pct,15.0,0.01,dual,,,OOS_2024,,,,,,,,
52,1.0,12.51,10.93,1.053,-3.79,17.3,TS_h15_p1pct,15.0,0.01,value,,,OOS_2024,,,19.0,2.0,,,22.1875,32.0
52,1.0,12.82,11.31,1.045,-8.73,46.2,TS_h15_p1pct,15.0,0.01,qm,,,OOS_2024,,,28.0,13.0,,,23.048780487804876,41.0
52,1.0,12.7,7.77,1.505,-3.96,55.8,TS_h15_p2pct,15.0,0.02,dual,,,OOS_2024,,,,,,,,
52,1.0,11.88,11.06,0.983,-4.11,13.5,TS_h15_p2pct,15.0,0.02,value,,,OOS_2024,,,21.0,1.0,,,22.258064516129032,31.0
52,1.0,12.82,11.31,1.045,-8.73,46.2,TS_h15_p2pct,15.0,0.02,qm,,,OOS_2024,,,28.0,13.0,,,23.048780487804876,41.0
52,1.0,11.49,7.78,1.348,-3.96,53.8,TS_h15_p3pct,15.0,0.03,dual,,,OOS_2024,,,,,,,,
52,1.0,10.35,11.0,0.85,-5.71,13.5,TS_h15_p3pct,15.0,0.03,value,,,OOS_2024,,,22.0,1.0,,,22.166666666666668,30.0
52,1.0,11.96,11.21,0.978,-8.15,46.2,TS_h15_p3pct,15.0,0.03,qm,,,OOS_2024,,,30.0,11.0,,,22.4390243902439,41.0
52,1.0,11.28,7.48,1.373,-3.96,57.7,TS_h20_p0pct,20.0,0.0,dual,,,OOS_2024,,,,,,,,
52,1.0,12.51,10.93,1.053,-3.79,17.3,TS_h20_p0pct,20.0,0.0,value,,,OOS_2024,,,19.0,2.0,,,22.1875,32.0
52,1.0,9.42,10.55,0.799,-8.73,46.2,TS_h20_p0pct,20.0,0.0,qm,,,OOS_2024,,,14.0,27.0,,,23.414634146341463,41.0
52,1.0,13.01,7.73,1.554,-3.96,57.7,TS_h20_p1pct,20.0,0.01,dual,,,OOS_2024,,,,,,,,
52,1.0,12.51,10.93,1.053,-3.79,17.3,TS_h20_p1pct,20.0,0.01,value,,,OOS_2024,,,19.0,2.0,,,22.1875,32.0
52,1.0,12.82,11.31,1.045,-8.73,46.2,TS_h20_p1pct,20.0,0.01,qm,,,OOS_2024,,,28.0,13.0,,,23.048780487804876,41.0
52,1.0,12.7,7.77,1.505,-3.96,55.8,TS_h20_p2pct,20.0,0.02,dual,,,OOS_2024,,,,,,,,
52,1.0,11.88,11.06,0.983,-4.11,13.5,TS_h20_p2pct,20.0,0.02,value,,,OOS_2024,,,21.0,1.0,,,22.258064516129032,31.0
52,1.0,12.82,11.31,1.045,-8.73,46.2,TS_h20_p2pct,20.0,0.02,qm,,,OOS_2024,,,28.0,13.0,,,23.048780487804876,41.0
52,1.0,11.49,7.78,1.348,-3.96,53.8,TS_h20_p3pct,20.0,0.03,dual,,,OOS_2024,,,,,,,,
52,1.0,10.35,11.0,0.85,-5.71,13.5,TS_h20_p3pct,20.0,0.03,value,,,OOS_2024,,,22.0,1.0,,,22.166666666666668,30.0
52,1.0,11.96,11.21,0.978,-8.15,46.2,TS_h20_p3pct,20.0,0.03,qm,,,OOS_2024,,,30.0,11.0,,,22.4390243902439,41.0
52,1.0,10.31,6.9,1.35,-4.18,59.6,TS_h30_p0pct,30.0,0.0,dual,,,OOS_2024,,,,,,,,
52,1.0,12.78,9.69,1.216,-3.32,19.2,TS_h30_p0pct,30.0,0.0,value,,,OOS_2024,,,6.0,2.0,,,24.285714285714285,35.0
52,1.0,7.33,10.47,0.605,-8.23,44.2,TS_h30_p0pct,30.0,0.0,qm,,,OOS_2024,,,6.0,34.0,,,25.875,40.0
52,1.0,11.2,7.12,1.434,-4.18,59.6,TS_h30_p1pct,30.0,0.01,dual,,,OOS_2024,,,,,,,,
52,1.0,12.78,9.69,1.216,-3.32,19.2,TS_h30_p1pct,30.0,0.01,value,,,OOS_2024,,,6.0,2.0,,,24.285714285714285,35.0
52,1.0,9.08,10.67,0.758,-8.23,46.2,TS_h30_p1pct,30.0,0.01,qm,,,OOS_2024,,,6.0,34.0,,,25.625,40.0
52,1.0,11.92,7.17,1.523,-4.18,59.6,TS_h30_p2pct,30.0,0.02,dual,,,OOS_2024,,,,,,,,
52,1.0,12.78,9.69,1.216,-3.32,19.2,TS_h30_p2pct,30.0,0.02,value,,,OOS_2024,,,6.0,2.0,,,24.285714285714285,35.0
52,1.0,10.48,10.87,0.872,-8.23,48.1,TS_h30_p2pct,30.0,0.02,qm,,,OOS_2024,,,6.0,34.0,,,25.0,40.0
52,1.0,12.22,7.18,1.563,-4.18,59.6,TS_h30_p3pct,30.0,0.03,dual,,,OOS_2024,,,,,,,,
52,1.0,13.4,9.73,1.275,-3.32,19.2,TS_h30_p3pct,30.0,0.03,value,,,OOS_2024,,,6.0,2.0,,,24.142857142857142,35.0
52,1.0,10.48,10.87,0.872,-8.23,48.1,TS_h30_p3pct,30.0,0.03,qm,,,OOS_2024,,,6.0,34.0,,,25.0,40.0
51,0.98,7.95,10.7,0.65,-8.83,41.2,baseline_no_ts,,,dual,,,OOS_2025,,,,,,,,
51,0.98,-3.66,12.94,-0.36,-17.9,13.7,baseline_no_ts,,,value,,,OOS_2025,44.44444444444444,27.0,0.0,2.0,,,,
51,0.98,19.92,15.57,1.215,-7.39,37.3,baseline_no_ts,,,qm,,,OOS_2025,,,0.0,32.0,25.625,32.0,,
51,0.98,7.48,10.89,0.595,-9.36,41.2,TS_h5_p0pct,5.0,0.0,dual,,,OOS_2025,,,,,,,,
51,0.98,-4.77,14.38,-0.402,-18.98,15.7,TS_h5_p0pct,5.0,0.0,value,,,OOS_2025,,,15.0,2.0,,,36.2962962962963,27.0
51,0.98,20.16,15.06,1.272,-7.19,29.4,TS_h5_p0pct,5.0,0.0,qm,,,OOS_2025,,,7.0,26.0,,,22.12121212121212,33.0
51,0.98,7.37,10.6,0.601,-9.36,41.2,TS_h5_p1pct,5.0,0.01,dual,,,OOS_2025,,,,,,,,
51,0.98,-5.33,13.6,-0.465,-17.91,15.7,TS_h5_p1pct,5.0,0.01,value,,,OOS_2025,,,18.0,1.0,,,33.888888888888886,27.0
51,0.98,20.67,15.1,1.303,-7.19,29.4,TS_h5_p1pct,5.0,0.01,qm,,,OOS_2025,,,24.0,9.0,,,21.818181818181817,33.0
51,0.98,6.01,10.62,0.472,-9.36,39.2,TS_h5_p2pct,5.0,0.02,dual,,,OOS_2025,,,,,,,,
51,0.98,-8.07,13.61,-0.667,-20.25,13.7,TS_h5_p2pct,5.0,0.02,value,,,OOS_2025,,,20.0,1.0,,,33.148148148148145,27.0
51,0.98,21.14,15.09,1.335,-7.19,29.4,TS_h5_p2pct,5.0,0.02,qm,,,OOS_2025,,,26.0,7.0,,,21.666666666666668,33.0
51,0.98,8.63,10.18,0.75,-8.85,41.2,TS_h5_p3pct,5.0,0.03,dual,,,OOS_2025,,,,,,,,
51,0.98,-4.99,12.37,-0.484,-17.22,13.7,TS_h5_p3pct,5.0,0.03,value,,,OOS_2025,,,20.0,1.0,,,31.296296296296298,27.0
51,0.98,23.16,15.11,1.467,-7.19,33.3,TS_h5_p3pct,5.0,0.03,qm,,,OOS_2025,,,27.0,6.0,,,21.21212121212121,33.0
51,0.98,7.48,10.89,0.595,-9.36,41.2,TS_h10_p0pct,10.0,0.0,dual,,,OOS_2025,,,,,,,,
51,0.98,-4.77,14.38,-0.402,-18.98,15.7,TS_h10_p0pct,10.0,0.0,value,,,OOS_2025,,,15.0,2.0,,,36.2962962962963,27.0
51,0.98,20.16,15.06,1.272,-7.19,29.4,TS_h10_p0pct,10.0,0.0,qm,,,OOS_2025,,,7.0,26.0,,,22.12121212121212,33.0
51,0.98,7.37,10.6,0.601,-9.36,41.2,TS_h10_p1pct,10.0,0.01,dual,,,OOS_2025,,,,,,,,
51,0.98,-5.33,13.6,-0.465,-17.91,15.7,TS_h10_p1pct,10.0,0.01,value,,,OOS_2025,,,18.0,1.0,,,33.888888888888886,27.0
51,0.98,20.67,15.1,1.303,-7.19,29.4,TS_h10_p1pct,10.0,0.01,qm,,,OOS_2025,,,24.0,9.0,,,21.818181818181817,33.0
51,0.98,6.01,10.62,0.472,-9.36,39.2,TS_h10_p2pct,10.0,0.02,dual,,,OOS_2025,,,,,,,,
51,0.98,-8.07,13.61,-0.667,-20.25,13.7,TS_h10_p2pct,10.0,0.02,value,,,OOS_2025,,,20.0,1.0,,,33.148148148148145,27.0
51,0.98,21.14,15.09,1.335,-7.19,29.4,TS_h10_p2pct,10.0,0.02,qm,,,OOS_2025,,,26.0,7.0,,,21.666666666666668,33.0
51,0.98,8.63,10.18,0.75,-8.85,41.2,TS_h10_p3pct,10.0,0.03,dual,,,OOS_2025,,,,,,,,
51,0.98,-4.99,12.37,-0.484,-17.22,13.7,TS_h10_p3pct,10.0,0.03,value,,,OOS_2025,,,20.0,1.0,,,31.296296296296298,27.0
51,0.98,23.16,15.11,1.467,-7.19,33.3,TS_h10_p3pct,10.0,0.03,qm,,,OOS_2025,,,27.0,6.0,,,21.21212121212121,33.0
51,0.98,7.48,10.89,0.595,-9.36,41.2,TS_h15_p0pct,15.0,0.0,dual,,,OOS_2025,,,,,,,,
51,0.98,-4.77,14.38,-0.402,-18.98,15.7,TS_h15_p0pct,15.0,0.0,value,,,OOS_2025,,,15.0,2.0,,,36.2962962962963,27.0
51,0.98,20.16,15.06,1.272,-7.19,29.4,TS_h15_p0pct,15.0,0.0,qm,,,OOS_2025,,,7.0,26.0,,,22.12121212121212,33.0
51,0.98,7.37,10.6,0.601,-9.36,41.2,TS_h15_p1pct,15.0,0.01,dual,,,OOS_2025,,,,,,,,
51,0.98,-5.33,13.6,-0.465,-17.91,15.7,TS_h15_p1pct,15.0,0.01,value,,,OOS_2025,,,18.0,1.0,,,33.888888888888886,27.0
51,0.98,20.67,15.1,1.303,-7.19,29.4,TS_h15_p1pct,15.0,0.01,qm,,,OOS_2025,,,24.0,9.0,,,21.818181818181817,33.0
51,0.98,6.01,10.62,0.472,-9.36,39.2,TS_h15_p2pct,15.0,0.02,dual,,,OOS_2025,,,,,,,,
51,0.98,-8.07,13.61,-0.667,-20.25,13.7,TS_h15_p2pct,15.0,0.02,value,,,OOS_2025,,,20.0,1.0,,,33.148148148148145,27.0
51,0.98,21.14,15.09,1.335,-7.19,29.4,TS_h15_p2pct,15.0,0.02,qm,,,OOS_2025,,,26.0,7.0,,,21.666666666666668,33.0
51,0.98,8.63,10.18,0.75,-8.85,41.2,TS_h15_p3pct,15.0,0.03,dual,,,OOS_2025,,,,,,,,
51,0.98,-4.99,12.37,-0.484,-17.22,13.7,TS_h15_p3pct,15.0,0.03,value,,,OOS_2025,,,20.0,1.0,,,31.296296296296298,27.0
51,0.98,23.16,15.11,1.467,-7.19,33.3,TS_h15_p3pct,15.0,0.03,qm,,,OOS_2025,,,27.0,6.0,,,21.21212121212121,33.0
51,0.98,7.48,10.89,0.595,-9.36,41.2,TS_h20_p0pct,20.0,0.0,dual,,,OOS_2025,,,,,,,,
51,0.98,-4.77,14.38,-0.402,-18.98,15.7,TS_h20_p0pct,20.0,0.0,value,,,OOS_2025,,,15.0,2.0,,,36.2962962962963,27.0
51,0.98,20.16,15.06,1.272,-7.19,29.4,TS_h20_p0pct,20.0,0.0,qm,,,OOS_2025,,,7.0,26.0,,,22.12121212121212,33.0
51,0.98,7.37,10.6,0.601,-9.36,41.2,TS_h20_p1pct,20.0,0.01,dual,,,OOS_2025,,,,,,,,
51,0.98,-5.33,13.6,-0.465,-17.91,15.7,TS_h20_p1pct,20.0,0.01,value,,,OOS_2025,,,18.0,1.0,,,33.888888888888886,27.0
51,0.98,20.67,15.1,1.303,-7.19,29.4,TS_h20_p1pct,20.0,0.01,qm,,,OOS_2025,,,24.0,9.0,,,21.818181818181817,33.0
51,0.98,6.01,10.62,0.472,-9.36,39.2,TS_h20_p2pct,20.0,0.02,dual,,,OOS_2025,,,,,,,,
51,0.98,-8.07,13.61,-0.667,-20.25,13.7,TS_h20_p2pct,20.0,0.02,value,,,OOS_2025,,,20.0,1.0,,,33.148148148148145,27.0
51,0.98,21.14,15.09,1.335,-7.19,29.4,TS_h20_p2pct,20.0,0.02,qm,,,OOS_2025,,,26.0,7.0,,,21.666666666666668,33.0
51,0.98,8.63,10.18,0.75,-8.85,41.2,TS_h20_p3pct,20.0,0.03,dual,,,OOS_2025,,,,,,,,
51,0.98,-4.99,12.37,-0.484,-17.22,13.7,TS_h20_p3pct,20.0,0.03,value,,,OOS_2025,,,20.0,1.0,,,31.296296296296298,27.0
51,0.98,23.16,15.11,1.467,-7.19,33.3,TS_h20_p3pct,20.0,0.03,qm,,,OOS_2025,,,27.0,6.0,,,21.21212121212121,33.0
51,0.98,7.31,10.7,0.589,-8.96,39.2,TS_h30_p0pct,30.0,0.0,dual,,,OOS_2025,,,,,,,,
51,0.98,-3.61,13.47,-0.342,-17.85,13.7,TS_h30_p0pct,30.0,0.0,value,,,OOS_2025,,,12.0,2.0,,,38.888888888888886,27.0
51,0.98,18.37,15.41,1.127,-7.39,29.4,TS_h30_p0pct,30.0,0.0,qm,,,OOS_2025,,,3.0,30.0,,,22.727272727272727,33.0
51,0.98,7.36,10.68,0.596,-8.96,39.2,TS_h30_p1pct,30.0,0.01,dual,,,OOS_2025,,,,,,,,
51,0.98,-3.35,13.44,-0.324,-17.64,13.7,TS_h30_p1pct,30.0,0.01,value,,,OOS_2025,,,14.0,2.0,,,38.148148148148145,27.0
51,0.98,18.18,15.47,1.11,-7.39,29.4,TS_h30_p1pct,30.0,0.01,qm,,,OOS_2025,,,4.0,29.0,,,22.727272727272727,33.0
51,0.98,6.0,10.7,0.467,-8.96,37.3,TS_h30_p2pct,30.0,0.02,dual,,,OOS_2025,,,,,,,,
51,0.98,-6.16,13.46,-0.532,-19.99,11.8,TS_h30_p2pct,30.0,0.02,value,,,OOS_2025,,,16.0,2.0,,,37.407407407407405,27.0
51,0.98,18.64,15.45,1.142,-7.39,29.4,TS_h30_p2pct,30.0,0.02,qm,,,OOS_2025,,,4.0,29.0,,,22.575757575757574,33.0
51,0.98,7.22,10.42,0.597,-8.46,37.3,TS_h30_p3pct,30.0,0.03,dual,,,OOS_2025,,,,,,,,
51,0.98,-3.97,12.83,-0.387,-18.16,11.8,TS_h30_p3pct,30.0,0.03,value,,,OOS_2025,,,16.0,2.0,,,36.851851851851855,27.0
51,0.98,18.64,15.45,1.142,-7.39,29.4,TS_h30_p3pct,30.0,0.03,qm,,,OOS_2025,,,4.0,29.0,,,22.575757575757574,33.0
51,0.98,14.05,10.9,1.198,-7.89,29.4,baseline_no_ts,,,dual,,,BEAR_2022,,,,,,,,
51,0.98,10.33,9.79,0.953,-6.85,13.7,baseline_no_ts,,,value,,,BEAR_2022,24.242424242424242,66.0,0.0,6.0,,,,
51,0.98,17.22,16.15,1.005,-10.37,25.5,baseline_no_ts,,,qm,,,BEAR_2022,,,0.0,30.0,28.0,30.0,,
51,0.98,15.01,10.95,1.279,-7.54,27.5,TS_h5_p0pct,5.0,0.0,dual,,,BEAR_2022,,,,,,,,
51,0.98,10.33,9.79,0.953,-6.85,13.7,TS_h5_p0pct,5.0,0.0,value,,,BEAR_2022,,,24.0,6.0,,,24.242424242424242,66.0
51,0.98,19.18,16.32,1.114,-8.97,25.5,TS_h5_p0pct,5.0,0.0,qm,,,BEAR_2022,,,10.0,20.0,,,23.333333333333332,30.0
51,0.98,15.01,10.95,1.279,-7.54,27.5,TS_h5_p1pct,5.0,0.01,dual,,,BEAR_2022,,,,,,,,
51,0.98,10.33,9.79,0.953,-6.85,13.7,TS_h5_p1pct,5.0,0.01,value,,,BEAR_2022,,,32.0,3.0,,,24.242424242424242,66.0
51,0.98,19.18,16.32,1.114,-8.97,25.5,TS_h5_p1pct,5.0,0.01,qm,,,BEAR_2022,,,23.0,7.0,,,23.333333333333332,30.0
51,0.98,15.12,10.94,1.29,-7.54,27.5,TS_h5_p2pct,5.0,0.02,dual,,,BEAR_2022,,,,,,,,
51,0.98,10.54,9.76,0.978,-6.85,13.7,TS_h5_p2pct,5.0,0.02,value,,,BEAR_2022,,,38.0,3.0,,,24.09090909090909,66.0
51,0.98,19.18,16.32,1.114,-8.97,25.5,TS_h5_p2pct,5.0,0.02,qm,,,BEAR_2022,,,23.0,7.0,,,23.333333333333332,30.0
51,0.98,12.43,10.0,1.143,-7.54,29.4,TS_h5_p3pct,5.0,0.03,dual,,,BEAR_2022,,,,,,,,
51,0.98,10.54,9.76,0.978,-6.85,13.7,TS_h5_p3pct,5.0,0.03,value,,,BEAR_2022,,,39.0,3.0,,,24.09090909090909,66.0
51,0.98,13.6,15.58,0.809,-8.97,25.5,TS_h5_p3pct,5.0,0.03,qm,,,BEAR_2022,,,24.0,6.0,,,22.666666666666668,30.0
51,0.98,15.01,10.95,1.279,-7.54,27.5,TS_h10_p0pct,10.0,0.0,dual,,,BEAR_2022,,,,,,,,
51,0.98,10.33,9.79,0.953,-6.85,13.7,TS_h10_p0pct,10.0,0.0,value,,,BEAR_2022,,,24.0,6.0,,,24.242424242424242,66.0
51,0.98,19.18,16.32,1.114,-8.97,25.5,TS_h10_p0pct,10.0,0.0,qm,,,BEAR_2022,,,10.0,20.0,,,23.333333333333332,30.0
51,0.98,15.01,10.95,1.279,-7.54,27.5,TS_h10_p1pct,10.0,0.01,dual,,,BEAR_2022,,,,,,,,
51,0.98,10.33,9.79,0.953,-6.85,13.7,TS_h10_p1pct,10.0,0.01,value,,,BEAR_2022,,,32.0,3.0,,,24.242424242424242,66.0
51,0.98,19.18,16.32,1.114,-8.97,25.5,TS_h10_p1pct,10.0,0.01,qm,,,BEAR_2022,,,23.0,7.0,,,23.333333333333332,30.0
51,0.98,15.12,10.94,1.29,-7.54,27.5,TS_h10_p2pct,10.0,0.02,dual,,,BEAR_2022,,,,,,,,
51,0.98,10.54,9.76,0.978,-6.85,13.7,TS_h10_p2pct,10.0,0.02,value,,,BEAR_2022,,,38.0,3.0,,,24.09090909090909,66.0
51,0.98,19.18,16.32,1.114,-8.97,25.5,TS_h10_p2pct,10.0,0.02,qm,,,BEAR_2022,,,23.0,7.0,,,23.333333333333332,30.0
51,0.98,12.43,10.0,1.143,-7.54,29.4,TS_h10_p3pct,10.0,0.03,dual,,,BEAR_2022,,,,,,,,
51,0.98,10.54,9.76,0.978,-6.85,13.7,TS_h10_p3pct,10.0,0.03,value,,,BEAR_2022,,,39.0,3.0,,,24.09090909090909,66.0
51,0.98,13.6,15.58,0.809,-8.97,25.5,TS_h10_p3pct,10.0,0.03,qm,,,BEAR_2022,,,24.0,6.0,,,22.666666666666668,30.0
51,0.98,15.01,10.95,1.279,-7.54,27.5,TS_h15_p0pct,15.0,0.0,dual,,,BEAR_2022,,,,,,,,
51,0.98,10.33,9.79,0.953,-6.85,13.7,TS_h15_p0pct,15.0,0.0,value,,,BEAR_2022,,,24.0,6.0,,,24.242424242424242,66.0
51,0.98,19.18,16.32,1.114,-8.97,25.5,TS_h15_p0pct,15.0,0.0,qm,,,BEAR_2022,,,10.0,20.0,,,23.333333333333332,30.0
51,0.98,15.01,10.95,1.279,-7.54,27.5,TS_h15_p1pct,15.0,0.01,dual,,,BEAR_2022,,,,,,,,
51,0.98,10.33,9.79,0.953,-6.85,13.7,TS_h15_p1pct,15.0,0.01,value,,,BEAR_2022,,,32.0,3.0,,,24.242424242424242,66.0
51,0.98,19.18,16.32,1.114,-8.97,25.5,TS_h15_p1pct,15.0,0.01,qm,,,BEAR_2022,,,23.0,7.0,,,23.333333333333332,30.0
51,0.98,15.12,10.94,1.29,-7.54,27.5,TS_h15_p2pct,15.0,0.02,dual,,,BEAR_2022,,,,,,,,
51,0.98,10.54,9.76,0.978,-6.85,13.7,TS_h15_p2pct,15.0,0.02,value,,,BEAR_2022,,,38.0,3.0,,,24.09090909090909,66.0
51,0.98,19.18,16.32,1.114,-8.97,25.5,TS_h15_p2pct,15.0,0.02,qm,,,BEAR_2022,,,23.0,7.0,,,23.333333333333332,30.0
51,0.98,12.43,10.0,1.143,-7.54,29.4,TS_h15_p3pct,15.0,0.03,dual,,,BEAR_2022,,,,,,,,
51,0.98,10.54,9.76,0.978,-6.85,13.7,TS_h15_p3pct,15.0,0.03,value,,,BEAR_2022,,,39.0,3.0,,,24.09090909090909,66.0
51,0.98,13.6,15.58,0.809,-8.97,25.5,TS_h15_p3pct,15.0,0.03,qm,,,BEAR_2022,,,24.0,6.0,,,22.666666666666668,30.0
51,0.98,15.01,10.95,1.279,-7.54,27.5,TS_h20_p0pct,20.0,0.0,dual,,,BEAR_2022,,,,,,,,
51,0.98,10.33,9.79,0.953,-6.85,13.7,TS_h20_p0pct,20.0,0.0,value,,,BEAR_2022,,,24.0,6.0,,,24.242424242424242,66.0
51,0.98,19.18,16.32,1.114,-8.97,25.5,TS_h20_p0pct,20.0,0.0,qm,,,BEAR_2022,,,10.0,20.0,,,23.333333333333332,30.0
51,0.98,15.01,10.95,1.279,-7.54,27.5,TS_h20_p1pct,20.0,0.01,dual,,,BEAR_2022,,,,,,,,
51,0.98,10.33,9.79,0.953,-6.85,13.7,TS_h20_p1pct,20.0,0.01,value,,,BEAR_2022,,,32.0,3.0,,,24.242424242424242,66.0
51,0.98,19.18,16.32,1.114,-8.97,25.5,TS_h20_p1pct,20.0,0.01,qm,,,BEAR_2022,,,23.0,7.0,,,23.333333333333332,30.0
51,0.98,15.12,10.94,1.29,-7.54,27.5,TS_h20_p2pct,20.0,0.02,dual,,,BEAR_2022,,,,,,,,
51,0.98,10.54,9.76,0.978,-6.85,13.7,TS_h20_p2pct,20.0,0.02,value,,,BEAR_2022,,,38.0,3.0,,,24.09090909090909,66.0
51,0.98,19.18,16.32,1.114,-8.97,25.5,TS_h20_p2pct,20.0,0.02,qm,,,BEAR_2022,,,23.0,7.0,,,23.333333333333332,30.0
51,0.98,12.43,10.0,1.143,-7.54,29.4,TS_h20_p3pct,20.0,0.03,dual,,,BEAR_2022,,,,,,,,
51,0.98,10.54,9.76,0.978,-6.85,13.7,TS_h20_p3pct,20.0,0.03,value,,,BEAR_2022,,,39.0,3.0,,,24.09090909090909,66.0
51,0.98,13.6,15.58,0.809,-8.97,25.5,TS_h20_p3pct,20.0,0.03,qm,,,BEAR_2022,,,24.0,6.0,,,22.666666666666668,30.0
51,0.98,13.95,10.95,1.183,-7.99,29.4,TS_h30_p0pct,30.0,0.0,dual,,,BEAR_2022,,,,,,,,
51,0.98,10.33,9.79,0.953,-6.85,13.7,TS_h30_p0pct,30.0,0.0,value,,,BEAR_2022,,,1.0,6.0,,,24.242424242424242,66.0
51,0.98,17.0,16.27,0.983,-10.64,25.5,TS_h30_p0pct,30.0,0.0,qm,,,BEAR_2022,,,5.0,25.0,,,25.333333333333332,30.0
51,0.98,13.95,10.95,1.183,-7.99,29.4,TS_h30_p1pct,30.0,0.01,dual,,,BEAR_2022,,,,,,,,
51,0.98,10.33,9.79,0.953,-6.85,13.7,TS_h30_p1pct,30.0,0.01,value,,,BEAR_2022,,,1.0,6.0,,,24.242424242424242,66.0
51,0.98,17.0,16.27,0.983,-10.64,25.5,TS_h30_p1pct,30.0,0.01,qm,,,BEAR_2022,,,5.0,25.0,,,25.333333333333332,30.0
51,0.98,14.05,10.94,1.194,-7.99,29.4,TS_h30_p2pct,30.0,0.02,dual,,,BEAR_2022,,,,,,,,
51,0.98,10.54,9.76,0.978,-6.85,13.7,TS_h30_p2pct,30.0,0.02,value,,,BEAR_2022,,,2.0,6.0,,,24.09090909090909,66.0
51,0.98,17.0,16.27,0.983,-10.64,25.5,TS_h30_p2pct,30.0,0.02,qm,,,BEAR_2022,,,5.0,25.0,,,25.333333333333332,30.0
51,0.98,14.05,10.94,1.194,-7.99,29.4,TS_h30_p3pct,30.0,0.03,dual,,,BEAR_2022,,,,,,,,
51,0.98,10.54,9.76,0.978,-6.85,13.7,TS_h30_p3pct,30.0,0.03,value,,,BEAR_2022,,,2.0,6.0,,,24.09090909090909,66.0
51,0.98,17.0,16.27,0.983,-10.64,25.5,TS_h30_p3pct,30.0,0.03,qm,,,BEAR_2022,,,5.0,25.0,,,25.333333333333332,30.0
309,5.94,12.63,11.73,0.991,-11.78,43.7,baseline_no_ts,,,dual,,,FULL_2020_2025,,,,,,,,
309,5.94,12.44,10.88,1.052,-17.9,16.2,baseline_no_ts,,,value,,,FULL_2020_2025,30.471204188481675,191.0,0.0,24.0,,,,
309,5.94,11.72,19.01,0.564,-23.64,37.9,baseline_no_ts,,,qm,,,FULL_2020_2025,,,0.0,231.0,25.714285714285715,231.0,,
309,5.94,13.2,12.36,0.987,-12.64,43.4,TS_h5_p0pct,5.0,0.0,dual,,,FULL_2020_2025,,,,,,,,
309,5.94,13.33,12.77,0.965,-19.18,16.2,TS_h5_p0pct,5.0,0.0,value,,,FULL_2020_2025,,,74.0,22.0,,,26.701030927835053,194.0
309,5.94,11.83,19.38,0.559,-23.21,37.2,TS_h5_p0pct,5.0,0.0,qm,,,FULL_2020_2025,,,83.0,152.0,,,23.404255319148938,235.0
309,5.94,11.35,11.96,0.865,-14.82,41.7,TS_h5_p1pct,5.0,0.01,dual,,,FULL_2020_2025,,,,,,,,
309,5.94,11.45,10.72,0.975,-19.15,15.9,TS_h5_p1pct,5.0,0.01,value,,,FULL_2020_2025,,,99.0,12.0,,,26.314432989690722,194.0
309,5.94,10.08,19.8,0.458,-29.8,35.9,TS_h5_p1pct,5.0,0.01,qm,,,FULL_2020_2025,,,165.0,71.0,,,22.77542372881356,236.0
309,5.94,10.62,12.18,0.79,-16.15,41.4,TS_h5_p2pct,5.0,0.02,dual,,,FULL_2020_2025,,,,,,,,
309,5.94,9.25,10.89,0.758,-19.16,15.5,TS_h5_p2pct,5.0,0.02,value,,,FULL_2020_2025,,,116.0,11.0,,,25.358974358974358,195.0
309,5.94,10.81,20.05,0.489,-29.8,35.9,TS_h5_p2pct,5.0,0.02,qm,,,FULL_2020_2025,,,171.0,65.0,,,22.71186440677966,236.0
309,5.94,10.2,12.12,0.759,-17.09,41.7,TS_h5_p3pct,5.0,0.03,dual,,,FULL_2020_2025,,,,,,,,
309,5.94,9.07,10.94,0.738,-19.52,14.9,TS_h5_p3pct,5.0,0.03,value,,,FULL_2020_2025,,,121.0,10.0,,,24.692307692307693,195.0
309,5.94,10.13,20.02,0.456,-30.8,35.9,TS_h5_p3pct,5.0,0.03,qm,,,FULL_2020_2025,,,180.0,57.0,,,22.426160337552744,237.0
309,5.94,13.2,12.36,0.987,-12.64,43.4,TS_h10_p0pct,10.0,0.0,dual,,,FULL_2020_2025,,,,,,,,
309,5.94,13.33,12.77,0.965,-19.18,16.2,TS_h10_p0pct,10.0,0.0,value,,,FULL_2020_2025,,,74.0,22.0,,,26.701030927835053,194.0
309,5.94,11.83,19.38,0.559,-23.21,37.2,TS_h10_p0pct,10.0,0.0,qm,,,FULL_2020_2025,,,83.0,152.0,,,23.404255319148938,235.0
309,5.94,11.35,11.96,0.865,-14.82,41.7,TS_h10_p1pct,10.0,0.01,dual,,,FULL_2020_2025,,,,,,,,
309,5.94,11.45,10.72,0.975,-19.15,15.9,TS_h10_p1pct,10.0,0.01,value,,,FULL_2020_2025,,,99.0,12.0,,,26.314432989690722,194.0
309,5.94,10.08,19.8,0.458,-29.8,35.9,TS_h10_p1pct,10.0,0.01,qm,,,FULL_2020_2025,,,165.0,71.0,,,22.77542372881356,236.0
309,5.94,10.62,12.18,0.79,-16.15,41.4,TS_h10_p2pct,10.0,0.02,dual,,,FULL_2020_2025,,,,,,,,
309,5.94,9.25,10.89,0.758,-19.16,15.5,TS_h10_p2pct,10.0,0.02,value,,,FULL_2020_2025,,,116.0,11.0,,,25.358974358974358,195.0
309,5.94,10.81,20.05,0.489,-29.8,35.9,TS_h10_p2pct,10.0,0.02,qm,,,FULL_2020_2025,,,171.0,65.0,,,22.71186440677966,236.0
309,5.94,10.2,12.12,0.759,-17.09,41.7,TS_h10_p3pct,10.0,0.03,dual,,,FULL_2020_2025,,,,,,,,
309,5.94,9.07,10.94,0.738,-19.52,14.9,TS_h10_p3pct,10.0,0.03,value,,,FULL_2020_2025,,,121.0,10.0,,,24.692307692307693,195.0
309,5.94,10.13,20.02,0.456,-30.8,35.9,TS_h10_p3pct,10.0,0.03,qm,,,FULL_2020_2025,,,180.0,57.0,,,22.426160337552744,237.0
309,5.94,13.2,12.36,0.987,-12.64,43.4,TS_h15_p0pct,15.0,0.0,dual,,,FULL_2020_2025,,,,,,,,
309,5.94,13.33,12.77,0.965,-19.18,16.2,TS_h15_p0pct,15.0,0.0,value,,,FULL_2020_2025,,,74.0,22.0,,,26.701030927835053,194.0
309,5.94,11.83,19.38,0.559,-23.21,37.2,TS_h15_p0pct,15.0,0.0,qm,,,FULL_2020_2025,,,83.0,152.0,,,23.404255319148938,235.0
309,5.94,11.35,11.96,0.865,-14.82,41.7,TS_h15_p1pct,15.0,0.01,dual,,,FULL_2020_2025,,,,,,,,
309,5.94,11.45,10.72,0.975,-19.15,15.9,TS_h15_p1pct,15.0,0.01,value,,,FULL_2020_2025,,,99.0,12.0,,,26.314432989690722,194.0
309,5.94,10.08,19.8,0.458,-29.8,35.9,TS_h15_p1pct,15.0,0.01,qm,,,FULL_2020_2025,,,165.0,71.0,,,22.77542372881356,236.0
309,5.94,10.62,12.18,0.79,-16.15,41.4,TS_h15_p2pct,15.0,0.02,dual,,,FULL_2020_2025,,,,,,,,
309,5.94,9.25,10.89,0.758,-19.16,15.5,TS_h15_p2pct,15.0,0.02,value,,,FULL_2020_2025,,,116.0,11.0,,,25.358974358974358,195.0
309,5.94,10.81,20.05,0.489,-29.8,35.9,TS_h15_p2pct,15.0,0.02,qm,,,FULL_2020_2025,,,171.0,65.0,,,22.71186440677966,236.0
309,5.94,10.2,12.12,0.759,-17.09,41.7,TS_h15_p3pct,15.0,0.03,dual,,,FULL_2020_2025,,,,,,,,
309,5.94,9.07,10.94,0.738,-19.52,14.9,TS_h15_p3pct,15.0,0.03,value,,,FULL_2020_2025,,,121.0,10.0,,,24.692307692307693,195.0
309,5.94,10.13,20.02,0.456,-30.8,35.9,TS_h15_p3pct,15.0,0.03,qm,,,FULL_2020_2025,,,180.0,57.0,,,22.426160337552744,237.0
309,5.94,13.2,12.36,0.987,-12.64,43.4,TS_h20_p0pct,20.0,0.0,dual,,,FULL_2020_2025,,,,,,,,
309,5.94,13.33,12.77,0.965,-19.18,16.2,TS_h20_p0pct,20.0,0.0,value,,,FULL_2020_2025,,,74.0,22.0,,,26.701030927835053,194.0
309,5.94,11.83,19.38,0.559,-23.21,37.2,TS_h20_p0pct,20.0,0.0,qm,,,FULL_2020_2025,,,83.0,152.0,,,23.404255319148938,235.0
309,5.94,11.35,11.96,0.865,-14.82,41.7,TS_h20_p1pct,20.0,0.01,dual,,,FULL_2020_2025,,,,,,,,
309,5.94,11.45,10.72,0.975,-19.15,15.9,TS_h20_p1pct,20.0,0.01,value,,,FULL_2020_2025,,,99.0,12.0,,,26.314432989690722,194.0
309,5.94,10.08,19.8,0.458,-29.8,35.9,TS_h20_p1pct,20.0,0.01,qm,,,FULL_2020_2025,,,165.0,71.0,,,22.77542372881356,236.0
309,5.94,10.62,12.18,0.79,-16.15,41.4,TS_h20_p2pct,20.0,0.02,dual,,,FULL_2020_2025,,,,,,,,
309,5.94,9.25,10.89,0.758,-19.16,15.5,TS_h20_p2pct,20.0,0.02,value,,,FULL_2020_2025,,,116.0,11.0,,,25.358974358974358,195.0
309,5.94,10.81,20.05,0.489,-29.8,35.9,TS_h20_p2pct,20.0,0.02,qm,,,FULL_2020_2025,,,171.0,65.0,,,22.71186440677966,236.0
309,5.94,10.2,12.12,0.759,-17.09,41.7,TS_h20_p3pct,20.0,0.03,dual,,,FULL_2020_2025,,,,,,,,
309,5.94,9.07,10.94,0.738,-19.52,14.9,TS_h20_p3pct,20.0,0.03,value,,,FULL_2020_2025,,,121.0,10.0,,,24.692307692307693,195.0
309,5.94,10.13,20.02,0.456,-30.8,35.9,TS_h20_p3pct,20.0,0.03,qm,,,FULL_2020_2025,,,180.0,57.0,,,22.426160337552744,237.0
309,5.94,13.88,12.27,1.05,-11.95,43.7,TS_h30_p0pct,30.0,0.0,dual,,,FULL_2020_2025,,,,,,,,
309,5.94,13.54,12.71,0.987,-17.66,16.2,TS_h30_p0pct,30.0,0.0,value,,,FULL_2020_2025,,,28.0,23.0,,,27.746113989637305,193.0
309,5.94,13.0,19.19,0.625,-23.06,37.9,TS_h30_p0pct,30.0,0.0,qm,,,FULL_2020_2025,,,20.0,212.0,,,24.525862068965516,232.0
309,5.94,12.78,11.88,0.992,-11.95,43.4,TS_h30_p1pct,30.0,0.01,dual,,,FULL_2020_2025,,,,,,,,
309,5.94,11.42,10.56,0.986,-17.89,15.9,TS_h30_p1pct,30.0,0.01,value,,,FULL_2020_2025,,,33.0,21.0,,,27.564766839378237,193.0
309,5.94,13.03,19.48,0.617,-23.06,37.9,TS_h30_p1pct,30.0,0.01,qm,,,FULL_2020_2025,,,24.0,208.0,,,24.051724137931036,232.0
309,5.94,13.22,12.05,1.015,-11.95,43.4,TS_h30_p2pct,30.0,0.02,dual,,,FULL_2020_2025,,,,,,,,
309,5.94,11.46,10.64,0.983,-17.66,15.9,TS_h30_p2pct,30.0,0.02,value,,,FULL_2020_2025,,,36.0,20.0,,,27.487046632124354,193.0
309,5.94,13.85,19.72,0.651,-23.06,37.9,TS_h30_p2pct,30.0,0.02,qm,,,FULL_2020_2025,,,27.0,205.0,,,23.94396551724138,232.0
309,5.94,13.49,12.19,1.024,-11.95,43.4,TS_h30_p3pct,30.0,0.03,dual,,,FULL_2020_2025,,,,,,,,
309,5.94,11.97,11.15,0.984,-17.66,15.5,TS_h30_p3pct,30.0,0.03,value,,,FULL_2020_2025,,,38.0,20.0,,,26.735751295336787,193.0
309,5.94,13.83,19.71,0.651,-23.06,37.9,TS_h30_p3pct,30.0,0.03,qm,,,FULL_2020_2025,,,28.0,204.0,,,23.879310344827587,232.0
