tp1,tp2,tp3,tp_scale_floor,tp_scale_ceil,train_sharpe,train_mean,train_rank,test_sharpe,test_mean,test_rank,train_start,test_start,note
0.22,0.25,0.6,0.9,1.2,0.44460378661236366,0.08190438829518058,1.0,-0.32343503230700843,-0.048158741809168785,590.0,2021-01-08,2021-04-09,train_top5
0.18,0.25,0.6,0.9,1.2,0.4441589522209197,0.07895302173864716,2.0,-0.34708774312844226,-0.05003556829615116,695.0,2021-01-08,2021-04-09,train_top5
0.22,0.25,0.6,0.7,1.2,0.44363890344367335,0.08147489086959941,3.0,-0.3259404686920808,-0.048370309226232894,604.0,2021-01-08,2021-04-09,train_top5
0.22,0.25,0.6,0.5,1.2,0.443476585634089,0.08140708879057001,4.0,-0.3259404686920808,-0.048370309226232894,604.0,2021-01-08,2021-04-09,train_top5
0.18,0.22,0.6,0.9,1.4,0.44314587346660067,0.08267519548423967,5.0,-0.30203851885911664,-0.0465153220271649,481.0,2021-01-08,2021-04-09,train_top5
0.15,0.25,0.4,0.7,1.6,0.4359147650985825,0.07904062566284384,144.0,-0.33747409748064877,-0.04945443511296557,650.0,2021-01-08,2021-04-09,baseline
0.3,0.4,0.6,0.9,2.0,0.248880968567881,0.06525722269326752,1.0,0.48238069691752533,0.1366220304478941,238.0,2021-02-05,2021-05-07,train_top5
0.3,0.4,0.6,0.7,2.0,0.24678895785908483,0.06452259649969533,2.0,0.48238069691752533,0.1366220304478941,238.0,2021-02-05,2021-05-07,train_top5
0.3,0.4,0.5,0.9,2.0,0.2466875730487314,0.0629441398341965,3.0,0.4846494194345875,0.1357408760434096,142.0,2021-02-05,2021-05-07,train_top5
0.3,0.4,0.6,0.5,2.0,0.2465327821550216,0.06443083278998317,4.0,0.48238069691752533,0.1366220304478941,238.0,2021-02-05,2021-05-07,train_top5
0.22,0.4,0.6,0.9,2.0,0.24557022202905576,0.06117269786880582,5.0,0.480905058571215,0.12920172281306305,328.0,2021-02-05,2021-05-07,train_top5
0.15,0.25,0.4,0.7,1.6,0.2018101370626039,0.03709806130737377,546.0,0.47777322292924473,0.09531701446901715,457.0,2021-02-05,2021-05-07,baseline
0.3,0.4,0.6,0.9,2.0,0.2074557396243836,0.05478415810354095,1.0,0.25740796231702423,0.04828512360900684,1123.0,2021-03-12,2021-06-04,train_top5
0.3,0.4,0.6,0.7,2.0,0.2053693618134629,0.054081741141136314,2.0,0.25740796231702423,0.04828512360900684,1123.0,2021-03-12,2021-06-04,train_top5
0.3,0.4,0.6,0.5,2.0,0.20510147910710905,0.05398997743142417,3.0,0.25740796231702423,0.04828512360900684,1123.0,2021-03-12,2021-06-04,train_top5
0.3,0.4,0.5,0.9,2.0,0.2045343445383667,0.05260455666483531,4.0,0.2631115459628389,0.05403918540436232,1120.0,2021-03-12,2021-06-04,train_top5
0.3,0.4,0.6,0.9,1.8,0.204391771829347,0.051987024348950084,5.0,0.26370263789305737,0.048055277292195525,1117.0,2021-03-12,2021-06-04,train_top5
0.15,0.25,0.4,0.7,1.6,0.13976063262433114,0.025921283825584347,580.0,0.3246694302880013,0.05317058045320205,349.0,2021-03-12,2021-06-04,baseline
0.3,0.4,0.5,0.9,2.0,0.2157797516468721,0.052776994345587844,1.0,-0.17108452720515338,-0.028008323762414588,3.0,2021-04-09,2021-07-02,train_top5
0.3,0.4,0.5,0.5,2.0,0.21553719865055215,0.05269790372238631,2.0,-0.17045267315545368,-0.02792372850999772,1.0,2021-04-09,2021-07-02,train_top5
0.3,0.4,0.5,0.7,2.0,0.21553719865055215,0.05269790372238631,2.0,-0.17045267315545368,-0.02792372850999772,1.0,2021-04-09,2021-07-02,train_top5
0.22,0.4,0.5,0.9,2.0,0.21412999324616294,0.04984951857802962,4.0,-0.19100095155486013,-0.030075318855867943,27.0,2021-04-09,2021-07-02,train_top5
0.3,0.4,0.5,0.9,1.8,0.21409974025843712,0.05025836550134239,5.0,-0.17605688711147344,-0.02844721668505933,9.0,2021-04-09,2021-07-02,train_top5
0.15,0.25,0.4,0.7,1.6,0.18155013790400018,0.03301105326975121,540.0,-0.2220601831777985,-0.031953226774273806,347.0,2021-04-09,2021-07-02,baseline
0.3,0.4,0.5,0.5,1.8,0.23353569962096554,0.052253677125766756,1.0,-0.46695008702607965,-0.056472847191200506,770.0,2021-05-07,2021-07-30,train_top5
0.3,0.4,0.5,0.7,1.8,0.23353569962096554,0.052253677125766756,1.0,-0.46695008702607965,-0.056472847191200506,770.0,2021-05-07,2021-07-30,train_top5
0.3,0.4,0.5,0.9,1.8,0.23342726972923147,0.052225478708294464,3.0,-0.46852285737113464,-0.056569259702925534,790.0,2021-05-07,2021-07-30,train_top5
0.3,0.4,0.5,0.5,2.0,0.2329952255258576,0.05395211097925808,4.0,-0.4638909293053294,-0.05637284719120051,720.0,2021-05-07,2021-07-30,train_top5
0.3,0.4,0.5,0.7,2.0,0.2329952255258576,0.05395211097925808,4.0,-0.4638909293053294,-0.05637284719120051,720.0,2021-05-07,2021-07-30,train_top5
0.15,0.25,0.4,0.7,1.6,0.2174507988748389,0.038844789382648466,430.0,-0.44134727066416374,-0.05171186682195891,336.0,2021-05-07,2021-07-30,baseline
0.3,0.4,0.5,0.5,2.0,-0.058114072687805406,-0.010085796765611962,1.0,-0.16024061359301758,-0.029441162436486045,1.0,2021-06-04,2021-08-27,train_top5
0.3,0.4,0.5,0.7,2.0,-0.058114072687805406,-0.010085796765611962,1.0,-0.16024061359301758,-0.029441162436486045,1.0,2021-06-04,2021-08-27,train_top5
0.3,0.4,0.5,0.9,2.0,-0.058485235562103784,-0.010146132686992597,3.0,-0.16024061359301758,-0.029441162436486045,1.0,2021-06-04,2021-08-27,train_top5
0.15,0.4,0.5,0.5,2.0,-0.06057572350556783,-0.009821274894447573,4.0,-0.2001376012084937,-0.03358001828305859,64.0,2021-06-04,2021-08-27,train_top5
0.15,0.4,0.5,0.7,2.0,-0.06057572350556783,-0.009821274894447573,4.0,-0.2001376012084937,-0.03358001828305859,64.0,2021-06-04,2021-08-27,train_top5
0.15,0.25,0.4,0.7,1.6,-0.06778248733719268,-0.010164837714343549,227.0,-0.2601676496899362,-0.038709079679403124,505.0,2021-06-04,2021-08-27,baseline
0.3,0.4,0.5,0.5,2.0,-0.2383947810922942,-0.03791257937922809,1.0,0.4767026086660439,0.0977528561235073,922.0,2021-07-02,2021-09-24,train_top5
0.3,0.4,0.5,0.7,2.0,-0.2383947810922942,-0.03791257937922809,1.0,0.4767026086660439,0.0977528561235073,922.0,2021-07-02,2021-09-24,train_top5
0.3,0.4,0.5,0.9,2.0,-0.23890441220017825,-0.03797291530060872,3.0,0.4767026086660439,0.0977528561235073,922.0,2021-07-02,2021-09-24,train_top5
0.3,0.4,0.6,0.5,2.0,-0.24036509201959863,-0.03805469824227718,4.0,0.47781031031979876,0.0979123418130231,906.0,2021-07-02,2021-09-24,train_top5
0.3,0.4,0.6,0.7,2.0,-0.24036509201959863,-0.03805469824227718,4.0,0.47781031031979876,0.0979123418130231,906.0,2021-07-02,2021-09-24,train_top5
0.15,0.25,0.4,0.7,1.6,-0.29652361306229386,-0.04079139109187861,392.0,0.4969785232766576,0.0854714612005402,137.0,2021-07-02,2021-09-24,baseline
0.3,0.4,0.6,0.5,2.0,0.02164918090041965,0.004032777395112183,1.0,0.5852595917734819,0.09070775585074661,1123.0,2021-07-30,2021-10-22,train_top5
0.3,0.4,0.6,0.7,2.0,0.02164918090041965,0.004032777395112183,1.0,0.5852595917734819,0.09070775585074661,1123.0,2021-07-30,2021-10-22,train_top5
0.3,0.4,0.6,0.9,2.0,0.021480444871942138,0.0040006398912038384,3.0,0.5852595917734819,0.09070775585074661,1123.0,2021-07-30,2021-10-22,train_top5
0.3,0.4,0.5,0.5,2.0,0.02136090599534173,0.003979615498606925,4.0,0.5857770745744536,0.09077138608480938,1117.0,2021-07-30,2021-10-22,train_top5
0.3,0.4,0.5,0.7,2.0,0.02136090599534173,0.003979615498606925,4.0,0.5857770745744536,0.09077138608480938,1117.0,2021-07-30,2021-10-22,train_top5
0.15,0.25,0.4,0.7,1.6,-0.010303850309507524,-0.001649828433607281,386.0,0.6465641264699681,0.0842694400069462,703.0,2021-07-30,2021-10-22,baseline
0.18,0.4,0.5,0.9,1.6,0.2776891917182212,0.04919111658946451,1.0,-0.2582935894998677,-0.026451315263721638,1052.0,2021-08-27,2021-11-19,train_top5
0.18,0.4,0.5,0.5,1.6,0.27760996856970116,0.04917488055676752,2.0,-0.2567083098921026,-0.02631703200344651,1050.0,2021-08-27,2021-11-19,train_top5
0.3,0.4,0.5,0.5,1.6,0.27760400263163004,0.052157564937560054,3.0,-0.2874089265404033,-0.028669561305409083,1110.0,2021-08-27,2021-11-19,train_top5
0.3,0.4,0.5,0.7,1.6,0.27760400263163004,0.052157564937560054,3.0,-0.2874089265404033,-0.028669561305409083,1110.0,2021-08-27,2021-11-19,train_top5
0.3,0.4,0.5,0.9,1.6,0.27760400263163004,0.052157564937560054,3.0,-0.2868554169200017,-0.02862984824306204,1102.0,2021-08-27,2021-11-19,train_top5
0.15,0.25,0.4,0.7,1.6,0.26935309600952534,0.04367727384269442,449.0,-0.21782058885857658,-0.023102120604135416,578.0,2021-08-27,2021-11-19,baseline
0.12,0.18,0.5,0.7,1.2,0.347067922220966,0.04539219350318329,1.0,-0.6284815642224691,-0.05460771296657264,359.0,2021-09-24,2021-12-17,train_top5
0.12,0.18,0.5,0.5,1.2,0.3466775689932975,0.045334552241876436,2.0,-0.6351989843043575,-0.054905624099618876,527.0,2021-09-24,2021-12-17,train_top5
0.15,0.18,0.5,0.7,1.2,0.3464067837296736,0.04698764263236187,3.0,-0.6152543959255834,-0.054448593389262424,114.0,2021-09-24,2021-12-17,train_top5
0.12,0.18,0.5,0.9,1.2,0.3463792384939679,0.04530085777728889,4.0,-0.6343822321854425,-0.05489582964613967,502.0,2021-09-24,2021-12-17,train_top5
0.15,0.18,0.5,0.5,1.2,0.34597936061310464,0.04692168214119739,5.0,-0.6199225693907615,-0.05465494119363802,186.0,2021-09-24,2021-12-17,train_top5
0.15,0.25,0.4,0.7,1.6,0.33058347153201983,0.04887959353445032,554.0,-0.6159557663392208,-0.05533185636680472,131.0,2021-09-24,2021-12-17,baseline
0.15,0.18,0.5,0.7,1.2,0.03276901356404635,0.0039577210138970285,1.0,0.0016062375614663688,0.00020351501687106198,777.0,2021-10-22,2022-01-14,train_top5
0.15,0.18,0.5,0.5,1.2,0.031678946604992986,0.0038229779212740223,2.0,0.0004462041675346986,5.6477652680424485e-05,791.0,2021-10-22,2022-01-14,train_top5
0.15,0.18,0.6,0.7,1.2,0.03149774100845174,0.003795341725562243,3.0,0.0014617318089534077,0.00018513573533388561,779.0,2021-10-22,2022-01-14,train_top5
0.15,0.18,0.5,0.9,1.2,0.030643409483390695,0.0036971472583507215,4.0,0.002551722850893167,0.0003236734901864324,769.0,2021-10-22,2022-01-14,train_top5
0.15,0.18,0.6,0.5,1.2,0.030404206893065156,0.0036605986329392368,5.0,0.00030111190499875943,3.80983711432481e-05,792.0,2021-10-22,2022-01-14,train_top5
0.15,0.25,0.4,0.7,1.6,0.015542065193814016,0.0019451543453353596,543.0,0.023720829482907123,0.003274498175235041,384.0,2021-10-22,2022-01-14,baseline
0.22,0.25,0.3,0.5,1.2,-0.1861414879892609,-0.022517273944135444,1.0,-0.6214515651835573,-0.060204088083314226,3.0,2021-11-19,2022-02-18,train_top5
0.22,0.25,0.3,0.7,1.2,-0.1887475617347698,-0.022803969283943584,2.0,-0.6214515651835573,-0.060204088083314226,3.0,2021-11-19,2022-02-18,train_top5
0.22,0.25,0.3,0.9,1.2,-0.18932779203310382,-0.02286034370596574,3.0,-0.6214515651835573,-0.060204088083314226,3.0,2021-11-19,2022-02-18,train_top5
0.18,0.22,0.3,0.5,1.6,-0.19000309051561123,-0.02296676371900982,4.0,-0.6631202922811119,-0.06184166753627871,53.0,2021-11-19,2022-02-18,train_top5
0.18,0.22,0.3,0.7,1.6,-0.19051165231598288,-0.023026136923104804,5.0,-0.6623665573611301,-0.06180762588762075,52.0,2021-11-19,2022-02-18,train_top5
0.15,0.25,0.4,0.7,1.6,-0.2167031718163176,-0.02505315959856836,399.0,-0.7104383372146799,-0.06268454129445042,378.0,2021-11-19,2022-02-18,baseline
0.18,0.22,0.3,0.5,1.6,-0.30812560730411936,-0.03621674592684067,1.0,-0.7392885750637552,-0.06318482340815643,289.0,2021-12-17,2022-03-18,train_top5
0.18,0.22,0.3,0.7,1.6,-0.3084229951211648,-0.036251201419217186,2.0,-0.7392885750637552,-0.06318482340815643,289.0,2021-12-17,2022-03-18,train_top5
0.22,0.25,0.3,0.5,1.2,-0.3092608258311569,-0.03611100393514822,3.0,-0.7165073851310931,-0.06259209886024567,4.0,2021-12-17,2022-03-18,train_top5
0.18,0.22,0.3,0.9,1.6,-0.31077190382624764,-0.036464997844396496,4.0,-0.7392885750637552,-0.06318482340815643,289.0,2021-12-17,2022-03-18,train_top5
0.22,0.25,0.3,0.7,1.2,-0.31137145044132974,-0.03631934352093496,5.0,-0.7165073851310931,-0.06259209886024567,4.0,2021-12-17,2022-03-18,train_top5
0.15,0.25,0.4,0.7,1.6,-0.34198577357972054,-0.038247299828673365,353.0,-0.7533149735038099,-0.06345675972159348,688.0,2021-12-17,2022-03-18,baseline
0.22,0.25,0.3,0.9,1.2,-0.3308941780996899,-0.03861550417477402,1.0,-0.628786875250915,-0.061986273895590326,16.0,2022-01-14,2022-04-15,train_top5
0.22,0.25,0.3,0.7,1.2,-0.3313199103221802,-0.038645422611651326,2.0,-0.628786875250915,-0.061986273895590326,16.0,2022-01-14,2022-04-15,train_top5
0.22,0.25,0.3,0.5,1.2,-0.331685513781858,-0.03867277401243688,3.0,-0.628786875250915,-0.061986273895590326,16.0,2022-01-14,2022-04-15,train_top5
0.18,0.22,0.3,0.9,1.6,-0.3333059763324175,-0.03896148615051461,4.0,-0.6837152114862357,-0.06452762235739737,367.0,2022-01-14,2022-04-15,train_top5
0.18,0.22,0.3,0.7,1.6,-0.33352520251931966,-0.03897209911404927,5.0,-0.6837152114862357,-0.06452762235739737,367.0,2022-01-14,2022-04-15,train_top5
0.15,0.25,0.4,0.7,1.6,-0.3694261380355721,-0.04095560094693628,399.0,-0.7041418947668538,-0.06417367338055438,580.0,2022-01-14,2022-04-15,baseline
0.22,0.25,0.3,0.5,1.2,-0.652437534842536,-0.06159415361305007,1.0,-0.8817401350564409,-0.07755528067472374,4.0,2022-02-18,2022-05-13,train_top5
0.22,0.25,0.3,0.7,1.2,-0.652437534842536,-0.06159415361305007,1.0,-0.8817401350564409,-0.07755528067472374,4.0,2022-02-18,2022-05-13,train_top5
0.22,0.25,0.3,0.9,1.2,-0.652437534842536,-0.06159415361305007,1.0,-0.8817401350564409,-0.07755528067472374,4.0,2022-02-18,2022-05-13,train_top5
0.15,0.25,0.3,0.5,1.2,-0.6546279903583537,-0.06068994144239369,4.0,-0.9076255183710119,-0.0777494548531062,67.0,2022-02-18,2022-05-13,train_top5
0.15,0.25,0.3,0.7,1.2,-0.6555762787567192,-0.06074737544388288,5.0,-0.9103560488202016,-0.07784419767376095,84.0,2022-02-18,2022-05-13,train_top5
0.15,0.25,0.4,0.7,1.6,-0.7215716893190639,-0.06343832479886609,533.0,-0.9676794707497046,-0.07911612732731887,404.0,2022-02-18,2022-05-13,baseline
0.18,0.22,0.3,0.5,1.2,-0.7313016042185163,-0.06662775890456388,1.0,-0.27563427078053454,-0.035030969465621696,505.0,2022-03-18,2022-06-10,train_top5
0.18,0.22,0.3,0.7,1.2,-0.7313016042185163,-0.06662775890456388,1.0,-0.27563427078053454,-0.035030969465621696,505.0,2022-03-18,2022-06-10,train_top5
0.18,0.22,0.3,0.9,1.2,-0.7313016042185163,-0.06662775890456388,1.0,-0.27563427078053454,-0.035030969465621696,505.0,2022-03-18,2022-06-10,train_top5
0.22,0.25,0.3,0.5,1.2,-0.7345491851264048,-0.06737788447685324,4.0,-0.2674549652264836,-0.03459220196244374,223.0,2022-03-18,2022-06-10,train_top5
0.22,0.25,0.3,0.7,1.2,-0.7345491851264048,-0.06737788447685324,4.0,-0.2674549652264836,-0.03459220196244374,223.0,2022-03-18,2022-06-10,train_top5
0.15,0.25,0.4,0.7,1.6,-0.8003581273151544,-0.06891552014315558,530.0,-0.27465209945894276,-0.03515695496739169,475.0,2022-03-18,2022-06-10,baseline
0.22,0.25,0.3,0.5,1.2,-0.53639890678274,-0.05804458551091926,1.0,0.05303379487113154,0.0067909529531755995,488.0,2022-04-15,2022-07-08,train_top5
0.22,0.25,0.3,0.7,1.2,-0.53639890678274,-0.05804458551091926,1.0,0.05303379487113154,0.0067909529531755995,488.0,2022-04-15,2022-07-08,train_top5
0.22,0.25,0.3,0.9,1.2,-0.53639890678274,-0.05804458551091926,1.0,0.05303379487113154,0.0067909529531755995,488.0,2022-04-15,2022-07-08,train_top5
0.18,0.22,0.3,0.5,1.2,-0.5381259955975641,-0.05748875417349138,4.0,0.04728260953016347,0.005882956792318082,720.0,2022-04-15,2022-07-08,train_top5
0.18,0.22,0.3,0.7,1.2,-0.5381259955975641,-0.05748875417349138,4.0,0.04728260953016347,0.005882956792318082,720.0,2022-04-15,2022-07-08,train_top5
0.15,0.25,0.4,0.7,1.6,-0.5725882758328538,-0.05948225189175498,447.0,0.05210857704920411,0.00670688970455597,520.0,2022-04-15,2022-07-08,baseline
0.15,0.18,0.3,0.5,1.8,-0.2862272135490345,-0.03496322583252298,1.0,-0.9550470703192285,-0.07614577968003267,259.0,2022-05-13,2022-08-05,train_top5
0.15,0.18,0.3,0.7,1.8,-0.28654353810493893,-0.034994806772741235,2.0,-0.9550470703192285,-0.07614577968003267,259.0,2022-05-13,2022-08-05,train_top5
0.15,0.18,0.3,0.9,1.8,-0.28654353810493893,-0.034994806772741235,2.0,-0.9550470703192285,-0.07614577968003267,259.0,2022-05-13,2022-08-05,train_top5
0.15,0.18,0.4,0.5,1.8,-0.2876365813564462,-0.03505964411527008,4.0,-0.9582970053494347,-0.07618615323845558,310.0,2022-05-13,2022-08-05,train_top5
0.15,0.18,0.4,0.7,1.8,-0.2879540591097775,-0.03509122505548833,5.0,-0.9582970053494347,-0.07618615323845558,310.0,2022-05-13,2022-08-05,train_top5
0.15,0.25,0.4,0.7,1.6,-0.29838215597742757,-0.035855397530051535,288.0,-0.958907647052733,-0.0762402504063961,322.0,2022-05-13,2022-08-05,baseline
0.15,0.22,0.3,0.5,2.0,-0.2838687706165262,-0.03463822342118842,1.0,-1.395890910215,-0.09020624319655196,376.0,2022-06-10,2022-09-02,train_top5
0.15,0.22,0.3,0.7,2.0,-0.2838687706165262,-0.03463822342118842,1.0,-1.395890910215,-0.09020624319655196,376.0,2022-06-10,2022-09-02,train_top5
0.15,0.22,0.3,0.9,2.0,-0.2838687706165262,-0.03463822342118842,1.0,-1.395890910215,-0.09020624319655196,376.0,2022-06-10,2022-09-02,train_top5
0.15,0.18,0.3,0.5,1.8,-0.28461635802520313,-0.034314335126385424,4.0,-1.3916130853328104,-0.09018911748056781,337.0,2022-06-10,2022-09-02,train_top5
0.15,0.18,0.3,0.7,1.8,-0.28461635802520313,-0.034314335126385424,4.0,-1.3916130853328104,-0.09018911748056781,337.0,2022-06-10,2022-09-02,train_top5
0.15,0.25,0.4,0.7,1.6,-0.29245866691653066,-0.03489677188974394,208.0,-1.4046159438839219,-0.09024944834872789,448.0,2022-06-10,2022-09-02,baseline
0.15,0.22,0.3,0.5,2.0,-0.5003284588406869,-0.05320831126607075,1.0,0.4866499904951189,0.0926785640682348,190.0,2022-07-08,2022-09-30,train_top5
0.15,0.22,0.3,0.7,2.0,-0.5003284588406869,-0.05320831126607075,1.0,0.4866499904951189,0.0926785640682348,190.0,2022-07-08,2022-09-30,train_top5
0.15,0.22,0.3,0.9,2.0,-0.5003284588406869,-0.05320831126607075,1.0,0.4866499904951189,0.0926785640682348,190.0,2022-07-08,2022-09-30,train_top5
0.15,0.25,0.3,0.5,2.0,-0.5027363702433136,-0.053330448141676035,4.0,0.48434529621690015,0.09287442152429021,292.0,2022-07-08,2022-09-30,train_top5
0.15,0.25,0.3,0.7,2.0,-0.5027363702433136,-0.053330448141676035,4.0,0.48434529621690015,0.09287442152429021,292.0,2022-07-08,2022-09-30,train_top5
0.15,0.25,0.4,0.7,1.6,-0.511648968787116,-0.05326093635018935,175.0,0.4827419746663296,0.08886020509406622,337.0,2022-07-08,2022-09-30,baseline
0.3,0.4,0.5,0.5,2.0,-0.1401116153638982,-0.02255606998855282,1.0,0.47756719268778774,0.07175403072682292,1114.0,2022-08-05,2022-10-28,train_top5
0.3,0.4,0.5,0.7,2.0,-0.1401116153638982,-0.02255606998855282,1.0,0.47756719268778774,0.07175403072682292,1114.0,2022-08-05,2022-10-28,train_top5
0.3,0.4,0.5,0.9,2.0,-0.1401116153638982,-0.02255606998855282,1.0,0.47756719268778774,0.07175403072682292,1114.0,2022-08-05,2022-10-28,train_top5
0.3,0.4,0.6,0.5,2.0,-0.14025997348767213,-0.022570011156822722,4.0,0.47756719268778774,0.07175403072682292,1114.0,2022-08-05,2022-10-28,train_top5
0.3,0.4,0.6,0.7,2.0,-0.14025997348767213,-0.022570011156822722,4.0,0.47756719268778774,0.07175403072682292,1114.0,2022-08-05,2022-10-28,train_top5
0.15,0.25,0.4,0.7,1.6,-0.1769186163947576,-0.025876497887019265,421.0,0.557420054134984,0.07739749731355788,677.0,2022-08-05,2022-10-28,baseline
0.18,0.22,0.3,0.5,1.6,0.16914290485181022,0.027808361098269483,1.0,0.09479754247492987,0.012799409243997351,395.0,2022-09-02,2022-11-25,train_top5
0.18,0.22,0.3,0.7,1.6,0.16914290485181022,0.027808361098269483,1.0,0.09479754247492987,0.012799409243997351,395.0,2022-09-02,2022-11-25,train_top5
0.18,0.22,0.3,0.9,1.6,0.16914290485181022,0.027808361098269483,1.0,0.0948401707782717,0.012805734341738756,390.0,2022-09-02,2022-11-25,train_top5
0.15,0.18,0.3,0.9,2.0,0.16902907739429257,0.027720003091146684,4.0,0.090280832086297,0.012012697962011244,467.0,2022-09-02,2022-11-25,train_top5
0.15,0.18,0.3,0.5,2.0,0.16901548328102692,0.027717555225211132,5.0,0.08995094790067426,0.011964949777325705,488.0,2022-09-02,2022-11-25,train_top5
0.15,0.25,0.4,0.7,1.6,0.15773920524242782,0.025336084686298724,458.0,0.09549016770484754,0.012869628353880423,367.0,2022-09-02,2022-11-25,baseline
0.22,0.25,0.3,0.5,1.2,0.3892924675759986,0.06116709401035478,1.0,1.2556077755899044,0.1498176661877191,141.0,2022-09-30,2022-12-23,train_top5
0.22,0.25,0.3,0.7,1.2,0.3892924675759986,0.06116709401035478,1.0,1.25470170710063,0.14975162092899766,145.0,2022-09-30,2022-12-23,train_top5
0.22,0.25,0.3,0.9,1.2,0.3892924675759986,0.06116709401035478,1.0,1.2469369357672884,0.14912659695978767,175.0,2022-09-30,2022-12-23,train_top5
0.22,0.25,0.4,0.5,1.2,0.38753157912713676,0.06116268525938465,4.0,1.228564380745475,0.15269348615709763,231.0,2022-09-30,2022-12-23,train_top5
0.22,0.25,0.4,0.7,1.2,0.38753157912713676,0.06116268525938465,4.0,1.22769994912464,0.15262744089837618,235.0,2022-09-30,2022-12-23,train_top5
0.15,0.25,0.4,0.7,1.6,0.37843385355939274,0.059709110253834845,338.0,1.1540055635263697,0.15437054446354168,604.0,2022-09-30,2022-12-23,baseline
0.18,0.22,0.3,0.7,1.2,0.5806124374916117,0.0789864551038927,1.0,0.618438016459345,0.07939858881240242,115.0,2022-10-28,2023-01-17,train_top5
0.18,0.22,0.3,0.5,1.2,0.5804812939384726,0.0789621289751175,2.0,0.6175922520516459,0.0792568230027963,123.0,2022-10-28,2023-01-17,train_top5
0.15,0.18,0.3,0.9,1.2,0.5804197573488569,0.07400457489079376,3.0,0.6288409905432394,0.07545210049522409,15.0,2022-10-28,2023-01-17,train_top5
0.15,0.18,0.3,0.9,1.4,0.5800838798828157,0.0778711811309564,4.0,0.6229579059684018,0.07929180389322356,63.0,2022-10-28,2023-01-17,train_top5
0.18,0.22,0.3,0.9,1.2,0.5800419772479047,0.07891976338641793,5.0,0.6181506492264099,0.07936972413749908,118.0,2022-10-28,2023-01-17,train_top5
0.15,0.25,0.4,0.7,1.6,0.5524056593774224,0.08154589004365997,487.0,0.5978758436477974,0.08494428939430101,531.0,2022-10-28,2023-01-17,baseline
0.18,0.22,0.3,0.7,1.2,0.5818510010941562,0.0779334587425285,1.0,0.2311206174137817,0.03046721563948575,1079.0,2022-11-25,2023-02-24,train_top5
0.18,0.22,0.3,0.5,1.2,0.5814433905462383,0.07786187734388458,2.0,0.23115268320608226,0.030456841404442804,1077.0,2022-11-25,2023-02-24,train_top5
0.18,0.22,0.3,0.9,1.2,0.5811830686807749,0.07785714546675263,3.0,0.232070162623778,0.030637167637876734,1066.0,2022-11-25,2023-02-24,train_top5
0.15,0.18,0.3,0.9,1.4,0.5810391503545402,0.0771697160192674,4.0,0.2333597539667764,0.030852293776514345,1054.0,2022-11-25,2023-02-24,train_top5
0.18,0.22,0.4,0.7,1.2,0.5807484437794387,0.07959135070485605,5.0,0.2382570471512591,0.03240010086568462,952.0,2022-11-25,2023-02-24,train_top5
0.15,0.25,0.4,0.7,1.6,0.5656438864639305,0.08406148740390769,401.0,0.2443853891929246,0.03608042211879019,636.0,2022-11-25,2023-02-24,baseline
0.12,0.18,0.3,0.9,1.2,0.6503114196285589,0.07639029584844388,1.0,-0.001970049163277373,-0.00023953481193360576,1098.0,2022-12-23,2023-03-24,train_top5
0.12,0.18,0.3,0.7,1.2,0.6498475925253173,0.07619004258949141,2.0,-0.003443532693780129,-0.00041782531747189185,1104.0,2022-12-23,2023-03-24,train_top5
0.15,0.18,0.3,0.9,1.2,0.6497645155123483,0.07979729950501045,3.0,0.011320169428249741,0.0014218727606003679,1057.0,2022-12-23,2023-03-24,train_top5
0.12,0.18,0.3,0.5,1.2,0.6488796051545649,0.07604224771968947,4.0,-0.002689534200153868,-0.00032639268585302525,1102.0,2022-12-23,2023-03-24,train_top5
0.15,0.18,0.3,0.5,1.2,0.6488401294287516,0.07952311780926204,5.0,0.009748780135936067,0.00122179520766194,1061.0,2022-12-23,2023-03-24,train_top5
0.15,0.25,0.4,0.7,1.6,0.6145274809423829,0.09179841865887761,585.0,0.05989040251459381,0.008534829259814051,527.0,2022-12-23,2023-03-24,baseline
0.22,0.4,0.5,0.9,1.4,0.30104802251784,0.04890260574045955,1.0,0.7855330361985271,0.14746101810589599,916.0,2023-01-17,2023-04-21,train_top5
0.22,0.4,0.5,0.9,1.2,0.3010340023707069,0.04731013476392925,2.0,0.8032666681600938,0.14477071283459916,534.0,2023-01-17,2023-04-21,train_top5
0.3,0.4,0.5,0.9,1.4,0.3010117078292377,0.05112671326706534,3.0,0.7725221643058905,0.15369539162344167,1042.0,2023-01-17,2023-04-21,train_top5
0.22,0.4,0.6,0.9,1.4,0.30087898154522874,0.04890426274536552,4.0,0.7843604231883488,0.14948636401702353,936.0,2023-01-17,2023-04-21,train_top5
0.3,0.4,0.6,0.9,1.4,0.300866851978003,0.05112837027197132,5.0,0.7713921876456608,0.15572073753456922,1052.0,2023-01-17,2023-04-21,train_top5
0.15,0.25,0.4,0.7,1.6,0.29275136715839417,0.043186513590968416,491.0,0.801857467810393,0.12865173269462515,567.0,2023-01-17,2023-04-21,baseline
0.22,0.4,0.6,0.9,1.2,0.38195035056092624,0.06707497818664807,1.0,0.5580148165885211,0.11415739849639284,162.0,2023-02-24,2023-05-19,train_top5
0.22,0.4,0.6,0.5,1.2,0.38159616613174957,0.06673468336946681,2.0,0.5574805931374225,0.11385374692361609,196.0,2023-02-24,2023-05-19,train_top5
0.22,0.4,0.6,0.9,1.4,0.38132750905290125,0.06902570520259929,3.0,0.5520840542483194,0.11977635157857484,533.0,2023-02-24,2023-05-19,train_top5
0.22,0.4,0.6,0.7,1.2,0.3812045613344379,0.06668716773079766,4.0,0.5571283297233105,0.11378565138721278,217.0,2023-02-24,2023-05-19,train_top5
0.3,0.4,0.6,0.9,1.4,0.3811320072532963,0.07238913339543009,5.0,0.5419709724465617,0.12448403077030988,971.0,2023-02-24,2023-05-19,train_top5
0.15,0.25,0.4,0.7,1.6,0.3634286013157389,0.057755661357743134,575.0,0.5548752984566574,0.10057366163733779,333.0,2023-02-24,2023-05-19,baseline
0.22,0.4,0.6,0.9,1.2,0.48185099565972117,0.09209635085667077,1.0,0.36861251943739043,0.07705284574955666,219.0,2023-03-24,2023-06-16,train_top5
0.22,0.4,0.6,0.5,1.2,0.48158077053369575,0.0916881020839205,2.0,0.3683162812735568,0.07697959869247821,226.0,2023-03-24,2023-06-16,train_top5
0.22,0.25,0.6,0.5,1.2,0.4810820793755096,0.08474228099638566,3.0,0.3510570092422325,0.06692606786639617,567.0,2023-03-24,2023-06-16,train_top5
0.22,0.4,0.6,0.7,1.2,0.48103578041078227,0.0916090691422048,4.0,0.3683162812735568,0.07697959869247821,226.0,2023-03-24,2023-06-16,train_top5
0.22,0.4,0.5,0.9,1.2,0.48085628752264703,0.08966700594167627,5.0,0.3735811246827328,0.07846218403668394,85.0,2023-03-24,2023-06-16,train_top5
0.15,0.25,0.4,0.7,1.6,0.4659302315832451,0.07925340786392568,531.0,0.36870654541503584,0.07300762015716761,213.0,2023-03-24,2023-06-16,baseline
0.18,0.22,0.5,0.9,1.2,0.5635270360620902,0.09592694913378708,1.0,0.025759817693124305,0.0038438377965783876,353.0,2023-04-21,2023-07-14,train_top5
0.18,0.22,0.6,0.9,1.2,0.5622104557883434,0.09751893319165772,2.0,0.02160164953231676,0.003196708079413545,439.0,2023-04-21,2023-07-14,train_top5
0.22,0.25,0.5,0.9,1.2,0.5621611771347329,0.10185487119778229,3.0,0.04251628866867567,0.006623164476385288,29.0,2023-04-21,2023-07-14,train_top5
0.18,0.25,0.5,0.9,1.2,0.5621116343297887,0.09786387423503129,4.0,0.025334146104127004,0.0038169302453928576,362.0,2023-04-21,2023-07-14,train_top5
0.18,0.22,0.5,0.5,1.2,0.5620419410745652,0.09527335173055777,5.0,0.02541432865606796,0.0037912752926613303,359.0,2023-04-21,2023-07-14,train_top5
0.15,0.25,0.4,0.7,1.6,0.5535986390930592,0.10074433816304351,152.0,0.02922358408302,0.0044870110918610265,277.0,2023-04-21,2023-07-14,baseline
0.3,0.4,0.6,0.9,1.6,0.3338663001107211,0.07489155874045897,1.0,0.11876721380360984,0.02049835884206443,461.0,2023-05-19,2023-08-11,train_top5
0.3,0.4,0.6,0.5,1.6,0.3337815933437026,0.07483612653644331,2.0,0.11876721380360984,0.02049835884206443,461.0,2023-05-19,2023-08-11,train_top5
0.3,0.4,0.6,0.7,1.6,0.3337815933437026,0.07483612653644331,2.0,0.11876721380360984,0.02049835884206443,461.0,2023-05-19,2023-08-11,train_top5
0.3,0.4,0.5,0.5,1.6,0.33349115423000647,0.07413288537731734,4.0,0.11994969169557664,0.020813467166664178,359.0,2023-05-19,2023-08-11,train_top5
0.3,0.4,0.5,0.7,1.6,0.33349115423000647,0.07413288537731734,4.0,0.11994969169557664,0.020813467166664178,359.0,2023-05-19,2023-08-11,train_top5
0.15,0.25,0.4,0.7,1.6,0.32424565222959434,0.05935609762878881,333.0,0.12242491928718421,0.0190147077905033,212.0,2023-05-19,2023-08-11,baseline
0.3,0.4,0.5,0.9,1.6,0.19401514281306406,0.03870435430757573,1.0,0.04582617243284884,0.006206642562539249,803.0,2023-06-16,2023-09-08,train_top5
0.3,0.4,0.5,0.5,1.6,0.1938723588713584,0.03867106019072189,2.0,0.04582617243284884,0.006206642562539249,803.0,2023-06-16,2023-09-08,train_top5
0.3,0.4,0.5,0.7,1.6,0.1938723588713584,0.03867106019072189,2.0,0.04582617243284884,0.006206642562539249,803.0,2023-06-16,2023-09-08,train_top5
0.3,0.4,0.6,0.9,1.6,0.19303431934853782,0.03840336865165751,4.0,0.04582617243284884,0.006206642562539249,803.0,2023-06-16,2023-09-08,train_top5
0.3,0.4,0.6,0.5,1.6,0.1928911362837869,0.038370074534803664,5.0,0.04582617243284884,0.006206642562539249,803.0,2023-06-16,2023-09-08,train_top5
0.15,0.25,0.4,0.7,1.6,0.18623650647823295,0.032169779679843975,225.0,0.056743382113689414,0.0075038553113675,416.0,2023-06-16,2023-09-08,baseline
0.22,0.25,0.4,0.5,1.2,0.08254377608258116,0.012320046851711244,1.0,0.27889377844867147,0.04088845092812039,28.0,2023-07-14,2023-10-06,train_top5
0.22,0.25,0.4,0.7,1.2,0.08254377608258116,0.012320046851711244,1.0,0.27889377844867147,0.04088845092812039,28.0,2023-07-14,2023-10-06,train_top5
0.22,0.25,0.4,0.9,1.2,0.0814731267611964,0.012151322168158058,3.0,0.2790013472242767,0.04091015091179373,27.0,2023-07-14,2023-10-06,train_top5
0.22,0.25,0.3,0.5,1.2,0.08139756553837314,0.012076579121670724,4.0,0.27844697721762574,0.04052749423604647,33.0,2023-07-14,2023-10-06,train_top5
0.22,0.25,0.3,0.7,1.2,0.08139756553837314,0.012076579121670724,4.0,0.27844697721762574,0.04052749423604647,33.0,2023-07-14,2023-10-06,train_top5
0.15,0.25,0.4,0.7,1.6,0.07005033604883527,0.01033519139791061,240.0,0.27081678111515434,0.03884988000070697,216.0,2023-07-14,2023-10-06,baseline
0.22,0.25,0.5,0.5,1.2,0.15838492611318297,0.023064327586892645,1.0,0.539228324539691,0.07376586818023685,713.0,2023-08-11,2023-11-03,train_top5
0.22,0.25,0.5,0.7,1.2,0.15838492611318297,0.023064327586892645,1.0,0.539228324539691,0.07376586818023685,713.0,2023-08-11,2023-11-03,train_top5
0.22,0.25,0.6,0.5,1.2,0.15824453771007913,0.023055005853887176,3.0,0.5396766569202848,0.07283890430856416,707.0,2023-08-11,2023-11-03,train_top5
0.22,0.25,0.6,0.7,1.2,0.15824453771007913,0.023055005853887176,3.0,0.5396766569202848,0.07283890430856416,707.0,2023-08-11,2023-11-03,train_top5
0.22,0.25,0.4,0.5,1.2,0.15815817987697373,0.022974725759366082,5.0,0.5411586055465178,0.07399845542980694,681.0,2023-08-11,2023-11-03,train_top5
0.15,0.25,0.4,0.7,1.6,0.15072890263360425,0.021789481034192593,237.0,0.5416571743033136,0.07193773347610273,669.0,2023-08-11,2023-11-03,baseline
0.18,0.22,0.3,0.5,1.2,0.29726248984679443,0.040876979983491026,1.0,0.30457993098760305,0.04106112448011902,503.0,2023-09-08,2023-12-01,train_top5
0.18,0.22,0.3,0.7,1.2,0.2972435588098033,0.040874070514818915,2.0,0.3075465158016201,0.041574003094951906,318.0,2023-09-08,2023-12-01,train_top5
0.15,0.22,0.3,0.7,1.2,0.2967882198084445,0.039661894971941836,3.0,0.30296899951201023,0.03970874714250985,588.0,2023-09-08,2023-12-01,train_top5
0.15,0.22,0.3,0.5,1.2,0.2967494576015334,0.03965610696878213,4.0,0.29998708783323896,0.039212946101882966,717.0,2023-09-08,2023-12-01,train_top5
0.18,0.22,0.3,0.9,1.2,0.2967367532937411,0.040804221548526316,5.0,0.3083447422256706,0.04173129700687881,266.0,2023-09-08,2023-12-01,train_top5
0.15,0.25,0.4,0.7,1.6,0.2841162819958958,0.039430489596059076,352.0,0.30891973094386066,0.04539996964224523,221.0,2023-09-08,2023-12-01,baseline
0.15,0.18,0.4,0.7,1.2,0.3804111199570098,0.04979341658863315,1.0,0.6614870400914016,0.09563551485758821,59.0,2023-10-06,2023-12-29,train_top5
0.15,0.18,0.5,0.7,1.2,0.38012221068692353,0.050049481405597236,2.0,0.6575195893070893,0.09816235173992549,85.0,2023-10-06,2023-12-29,train_top5
0.15,0.18,0.4,0.5,1.2,0.3799533491480681,0.04971831850513705,3.0,0.6571491610798749,0.0948167381193243,90.0,2023-10-06,2023-12-29,train_top5
0.15,0.18,0.5,0.9,1.2,0.37953417214262986,0.04999783013174803,4.0,0.6610670870870706,0.09893881591463556,63.0,2023-10-06,2023-12-29,train_top5
0.15,0.18,0.4,0.9,1.2,0.37952192244363436,0.04967705035911399,5.0,0.6655140187620463,0.09661622468723431,30.0,2023-10-06,2023-12-29,train_top5
0.15,0.25,0.4,0.7,1.6,0.3670279307926688,0.05208481050924163,354.0,0.6511197616776085,0.11359746307178958,163.0,2023-10-06,2023-12-29,baseline
0.15,0.22,0.4,0.9,1.2,0.5160170448407176,0.07232120870468836,1.0,0.7293037089047603,0.11045467975374983,57.0,2023-11-03,2024-01-26,train_top5
0.15,0.22,0.4,0.7,1.2,0.5153185763306051,0.07205244729286898,2.0,0.7234891754110548,0.10911948430614939,96.0,2023-11-03,2024-01-26,train_top5
0.15,0.22,0.5,0.9,1.2,0.515125104902923,0.07375650882009596,3.0,0.7258086359227015,0.11401673007872708,82.0,2023-11-03,2024-01-26,train_top5
0.15,0.22,0.3,0.9,1.2,0.514729254878697,0.06992554649518465,4.0,0.7396871572330639,0.108866386690705,14.0,2023-11-03,2024-01-26,train_top5
0.15,0.22,0.5,0.7,1.2,0.51432868082477,0.07349134203619728,5.0,0.7202153467005167,0.11271422211192787,126.0,2023-11-03,2024-01-26,train_top5
0.15,0.25,0.4,0.7,1.6,0.4973933199537012,0.07708400217181108,258.0,0.7130866352556956,0.12362622237870755,201.0,2023-11-03,2024-01-26,baseline
0.18,0.25,0.4,0.9,1.2,0.5738725545342093,0.09134058808543573,1.0,0.19291589811081092,0.030111209179631324,134.0,2023-12-01,2024-02-23,train_top5
0.18,0.25,0.3,0.9,1.2,0.5738571441353986,0.08837152620153613,2.0,0.20130576805077288,0.031517600008980254,10.0,2023-12-01,2024-02-23,train_top5
0.18,0.22,0.4,0.9,1.2,0.573851841432084,0.0890608621608807,3.0,0.1852340818412353,0.028319902588162093,447.0,2023-12-01,2024-02-23,train_top5
0.18,0.22,0.3,0.9,1.2,0.5736274469255794,0.08609180027698111,4.0,0.19390867828558758,0.029726293417511034,106.0,2023-12-01,2024-02-23,train_top5
0.18,0.22,0.5,0.9,1.2,0.5734972415907914,0.09170055687732315,5.0,0.18959879263777124,0.029533794713796607,260.0,2023-12-01,2024-02-23,train_top5
0.15,0.25,0.4,0.7,1.6,0.5581509695223333,0.09437112220612706,157.0,0.1883618221731664,0.031370238324748785,308.0,2023-12-01,2024-02-23,baseline
0.22,0.25,0.3,0.9,1.2,0.5270780269858545,0.08878654685292446,1.0,-0.06026821168930515,-0.008580496079073604,466.0,2023-12-29,2024-03-22,train_top5
0.18,0.25,0.3,0.9,1.2,0.5261750571230687,0.08485409166904608,2.0,-0.05821788081698332,-0.008128867917323163,389.0,2023-12-29,2024-03-22,train_top5
0.22,0.25,0.5,0.9,1.2,0.5250750042814606,0.09277723022236652,3.0,-0.05622846615825045,-0.00812055070558811,318.0,2023-12-29,2024-03-22,train_top5
0.22,0.25,0.4,0.9,1.2,0.524780002423883,0.09041105232969551,4.0,-0.052834262108493985,-0.007658892325175355,166.0,2023-12-29,2024-03-22,train_top5
0.22,0.25,0.6,0.9,1.2,0.5247038487986305,0.09470347259444664,5.0,-0.05184226316061568,-0.007561419744366238,133.0,2023-12-29,2024-03-22,train_top5
0.15,0.25,0.4,0.7,1.6,0.5075357015720398,0.08953130792508199,155.0,-0.056059752787282424,-0.008113331874543134,305.0,2023-12-29,2024-03-22,baseline
0.22,0.25,0.6,0.9,1.2,0.30051104405487866,0.05258539814400186,1.0,0.7459924224491572,0.11669332718904701,369.0,2024-01-26,2024-04-19,train_top5
0.18,0.25,0.6,0.9,1.2,0.30018414799804066,0.050782402786342905,2.0,0.7564233747391105,0.11349599029253313,205.0,2024-01-26,2024-04-19,train_top5
0.22,0.25,0.6,0.7,1.2,0.29761240760512453,0.051860101328341394,3.0,0.745768382635505,0.11661690485264774,371.0,2024-01-26,2024-04-19,train_top5
0.18,0.25,0.6,0.7,1.2,0.29725087669659706,0.050083630952491257,4.0,0.756204936155689,0.11342607198476358,208.0,2024-01-26,2024-04-19,train_top5
0.22,0.25,0.5,0.9,1.2,0.29685461718580786,0.05087537357925822,5.0,0.7474160451230992,0.11643422829325081,344.0,2024-01-26,2024-04-19,train_top5
0.15,0.25,0.4,0.7,1.6,0.2860654747988147,0.04896104294297107,261.0,0.7434450756432402,0.11680613118066288,409.0,2024-01-26,2024-04-19,baseline
0.18,0.22,0.6,0.9,1.2,0.29039640988514087,0.04602878857032347,1.0,0.24924913096839404,0.03942367490872913,111.0,2024-02-23,2024-05-17,train_top5
0.18,0.25,0.6,0.9,1.2,0.2903354063204576,0.0466049921392942,2.0,0.2506835884289097,0.04031743144976599,77.0,2024-02-23,2024-05-17,train_top5
0.18,0.3,0.6,0.9,1.2,0.2893498304642438,0.04743450724814631,3.0,0.2477789438075457,0.040706726309071996,134.0,2024-02-23,2024-05-17,train_top5
0.18,0.25,0.6,0.7,1.2,0.289108664893762,0.046319210038929824,4.0,0.2507544765556372,0.04029871939719865,74.0,2024-02-23,2024-05-17,train_top5
0.18,0.25,0.6,0.5,1.2,0.28899536864295844,0.04629357074057451,5.0,0.2507544765556372,0.04029871939719865,74.0,2024-02-23,2024-05-17,train_top5
0.15,0.25,0.4,0.7,1.6,0.28322183249934635,0.04668767921028951,89.0,0.23351906605208136,0.03763674000730338,589.0,2024-02-23,2024-05-17,baseline
0.18,0.22,0.6,0.9,1.2,0.3086063484598026,0.048624189834401164,1.0,-0.36742905543011223,-0.049327235224679813,751.0,2024-03-22,2024-06-14,train_top5
0.18,0.22,0.6,0.5,1.2,0.30853872651802283,0.048591926188540684,2.0,-0.36742905543011223,-0.049327235224679813,751.0,2024-03-22,2024-06-14,train_top5
0.18,0.22,0.6,0.7,1.2,0.30853872651802283,0.048591926188540684,2.0,-0.36742905543011223,-0.049327235224679813,751.0,2024-03-22,2024-06-14,train_top5
0.15,0.22,0.5,0.9,1.4,0.30767267056628217,0.04847637376363303,4.0,-0.3552964402162956,-0.04848254660080928,661.0,2024-03-22,2024-06-14,train_top5
0.15,0.22,0.6,0.9,1.2,0.30760491645851745,0.047006319988202906,5.0,-0.3875016709461833,-0.050622773383446,877.0,2024-03-22,2024-06-14,train_top5
0.15,0.25,0.4,0.7,1.6,0.2994514065608984,0.04877651310447438,221.0,-0.3178945396983932,-0.04592458999012031,376.0,2024-03-22,2024-06-14,baseline
0.22,0.4,0.5,0.9,1.4,0.22600001703472444,0.041208006950195386,1.0,-0.6702164505731043,-0.07446526927642017,283.0,2024-04-19,2024-07-12,train_top5
0.22,0.4,0.5,0.5,1.4,0.2258115121302985,0.04116588569850956,2.0,-0.6702164505731043,-0.07446526927642017,283.0,2024-04-19,2024-07-12,train_top5
0.22,0.4,0.5,0.7,1.4,0.2258115121302985,0.04116588569850956,2.0,-0.6702164505731043,-0.07446526927642017,283.0,2024-04-19,2024-07-12,train_top5
0.22,0.4,0.6,0.9,1.6,0.22564640517005782,0.04250622028892269,4.0,-0.6521317580086048,-0.07402147019281528,163.0,2024-04-19,2024-07-12,train_top5
0.22,0.4,0.6,0.9,1.4,0.22556839615607135,0.04117176699135626,5.0,-0.66041744172329,-0.07423193594308683,250.0,2024-04-19,2024-07-12,train_top5
0.15,0.25,0.4,0.7,1.6,0.21518270659827582,0.03617276039928199,422.0,-0.6945475210138996,-0.07500899641011652,485.0,2024-04-19,2024-07-12,baseline
0.3,0.4,0.6,0.5,2.0,-0.13841248900284314,-0.02367951923159786,1.0,0.11517674509330039,0.020792129828116596,193.0,2024-05-17,2024-08-09,train_top5
0.3,0.4,0.6,0.7,2.0,-0.13841248900284314,-0.02367951923159786,1.0,0.11517674509330039,0.020792129828116596,193.0,2024-05-17,2024-08-09,train_top5
0.3,0.4,0.6,0.5,1.8,-0.13862769451391005,-0.023606017829796842,3.0,0.11445240545229939,0.020431612732767616,211.0,2024-05-17,2024-08-09,train_top5
0.3,0.4,0.6,0.7,1.8,-0.13862769451391005,-0.023606017829796842,3.0,0.11445240545229939,0.020431612732767616,211.0,2024-05-17,2024-08-09,train_top5
0.3,0.4,0.6,0.9,2.0,-0.13880591355680494,-0.023742205131192105,5.0,0.11517674509330039,0.020792129828116596,193.0,2024-05-17,2024-08-09,train_top5
0.15,0.25,0.4,0.7,1.6,-0.1881258350458727,-0.027765615464311146,494.0,0.10757356455927686,0.017116307960567942,469.0,2024-05-17,2024-08-09,baseline
0.3,0.4,0.5,0.5,2.0,-0.19133507483621426,-0.030982945626639058,1.0,0.22055559915344067,0.036496071448968416,1091.0,2024-06-14,2024-09-06,train_top5
0.3,0.4,0.5,0.7,2.0,-0.19133507483621426,-0.030982945626639058,1.0,0.22055559915344067,0.036496071448968416,1091.0,2024-06-14,2024-09-06,train_top5
0.3,0.4,0.5,0.9,2.0,-0.19133507483621426,-0.030982945626639058,1.0,0.22055559915344067,0.036496071448968416,1091.0,2024-06-14,2024-09-06,train_top5
0.3,0.4,0.5,0.5,1.8,-0.19189973494027857,-0.03095901915919717,4.0,0.22294276889067127,0.037228421432363865,1069.0,2024-06-14,2024-09-06,train_top5
0.3,0.4,0.5,0.7,1.8,-0.19189973494027857,-0.03095901915919717,4.0,0.22294276889067127,0.037228421432363865,1069.0,2024-06-14,2024-09-06,train_top5
0.15,0.25,0.4,0.7,1.6,-0.24016733853635547,-0.03460575947988963,425.0,0.2476687205076213,0.038134889518844875,195.0,2024-06-14,2024-09-06,baseline
0.22,0.25,0.3,0.5,1.6,-0.02073559437063073,-0.003309870125532376,1.0,0.0462433103237126,0.006773353954031983,172.0,2024-07-12,2024-10-04,train_top5
0.22,0.25,0.3,0.7,1.6,-0.02073559437063073,-0.003309870125532376,1.0,0.0462433103237126,0.006773353954031983,172.0,2024-07-12,2024-10-04,train_top5
0.22,0.25,0.3,0.9,1.6,-0.02073559437063073,-0.003309870125532376,1.0,0.04903526126618846,0.007212814004958979,102.0,2024-07-12,2024-10-04,train_top5
0.22,0.25,0.5,0.5,1.8,-0.021914004726416657,-0.0035527838483663996,4.0,0.04848006134690343,0.007181093716493587,120.0,2024-07-12,2024-10-04,train_top5
0.22,0.25,0.5,0.7,1.8,-0.021914004726416657,-0.0035527838483663996,4.0,0.04848006134690343,0.007181093716493587,120.0,2024-07-12,2024-10-04,train_top5
0.15,0.25,0.4,0.7,1.6,-0.043766378789502014,-0.0065859329769012345,387.0,0.03706304862816554,0.005197890544722219,504.0,2024-07-12,2024-10-04,baseline
0.22,0.25,0.3,0.9,1.6,0.14508319067253359,0.023347382697011067,1.0,0.024593810270100106,0.0036556682366087,196.0,2024-08-09,2024-11-01,train_top5
0.22,0.25,0.3,0.5,1.6,0.14432940774481048,0.023200896013368732,2.0,0.022573900336744588,0.0033445083554584244,306.0,2024-08-09,2024-11-01,train_top5
0.22,0.25,0.3,0.7,1.6,0.14432940774481048,0.023200896013368732,2.0,0.022848942957695118,0.003386369126588741,293.0,2024-08-09,2024-11-01,train_top5
0.22,0.25,0.3,0.9,1.8,0.1431488415962641,0.02331855451452413,4.0,0.026537352499089457,0.003987893000210258,122.0,2024-08-09,2024-11-01,train_top5
0.22,0.25,0.5,0.9,1.8,0.14272908956788732,0.02340734873752762,5.0,0.02420196254473143,0.0036258224209448527,214.0,2024-08-09,2024-11-01,train_top5
0.15,0.25,0.4,0.7,1.6,0.13262312244161384,0.02014969600804501,346.0,0.020520774877732736,0.002944566598872247,417.0,2024-08-09,2024-11-01,baseline
0.22,0.25,0.3,0.9,1.6,0.11591844712240655,0.017980402845557696,1.0,0.04071268005584068,0.006225684675756532,19.0,2024-09-06,2024-11-29,train_top5
0.22,0.25,0.3,0.9,1.4,0.11523725814183429,0.017515283917869766,2.0,0.0416231923282319,0.006265762549137708,4.0,2024-09-06,2024-11-29,train_top5
0.22,0.25,0.3,0.9,1.8,0.11483111089075121,0.0179835688894855,3.0,0.03814935354064032,0.005854358981790177,145.0,2024-09-06,2024-11-29,train_top5
0.22,0.25,0.3,0.7,1.6,0.1146294666055239,0.01774414979190871,4.0,0.04071268005584068,0.006225684675756532,19.0,2024-09-06,2024-11-29,train_top5
0.22,0.25,0.3,0.5,1.6,0.11454984749619394,0.01773019620153194,5.0,0.04071268005584068,0.006225684675756532,19.0,2024-09-06,2024-11-29,train_top5
0.15,0.25,0.4,0.7,1.6,0.10500534795723626,0.01542578222081311,336.0,0.02750044665635484,0.00399870143317466,449.0,2024-09-06,2024-11-29,baseline
0.3,0.4,0.5,0.9,1.4,0.04337003440536218,0.006721507329838422,1.0,-0.17611277327868818,-0.023090992465257382,979.0,2024-10-04,2024-12-27,train_top5
0.3,0.4,0.5,0.7,1.4,0.04279593487937395,0.006626679909131064,2.0,-0.17611277327868818,-0.023090992465257382,979.0,2024-10-04,2024-12-27,train_top5
0.3,0.4,0.5,0.5,1.4,0.042762922429364573,0.006621243445347906,3.0,-0.17611277327868818,-0.023090992465257382,979.0,2024-10-04,2024-12-27,train_top5
0.3,0.4,0.5,0.9,1.8,0.04161159482117395,0.0064921074154972004,4.0,-0.1778274503906914,-0.02367856153093496,994.0,2024-10-04,2024-12-27,train_top5
0.3,0.4,0.5,0.9,2.0,0.041580752287166726,0.006493820375345288,5.0,-0.17313772257949728,-0.0233520862518281,959.0,2024-10-04,2024-12-27,train_top5
0.15,0.25,0.4,0.7,1.6,0.028288016138531602,0.004047052858923042,433.0,-0.13996778630940906,-0.017846401707147685,281.0,2024-10-04,2024-12-27,baseline
0.18,0.25,0.3,0.9,1.6,-0.02024429090426783,-0.002891204497474662,1.0,-1.0068967007400016,-0.08683612014892862,13.0,2024-11-01,2025-01-22,train_top5
0.18,0.22,0.3,0.9,1.4,-0.02024624385665005,-0.002820919505704366,2.0,-1.0482951170418848,-0.08695196067983474,79.0,2024-11-01,2025-01-22,train_top5
0.18,0.25,0.3,0.9,1.4,-0.02068286326747213,-0.002902654051831519,3.0,-1.0164627774141766,-0.08648277726221579,22.0,2024-11-01,2025-01-22,train_top5
0.18,0.22,0.3,0.9,1.6,-0.02075499096097566,-0.002937861632183888,4.0,-1.0093319670791967,-0.08647711791253915,19.0,2024-11-01,2025-01-22,train_top5
0.18,0.22,0.3,0.7,1.4,-0.02091365369210555,-0.0029110592398057015,5.0,-1.0482951170418848,-0.08695196067983474,79.0,2024-11-01,2025-01-22,train_top5
0.15,0.25,0.4,0.7,1.6,-0.0260724323964035,-0.0036343778917002586,237.0,-1.109273642721695,-0.08809380293167555,259.0,2024-11-01,2025-01-22,baseline
0.22,0.25,0.3,0.5,1.6,-0.24737431543890906,-0.03309792702316444,1.0,-3.234098054140125,-0.10826788576446916,1.0,2024-11-29,2025-02-27,train_top5
0.22,0.25,0.3,0.7,1.6,-0.24737431543890906,-0.03309792702316444,1.0,-3.234098054140125,-0.10826788576446916,1.0,2024-11-29,2025-02-27,train_top5
0.22,0.25,0.3,0.9,1.6,-0.24737431543890906,-0.03309792702316444,1.0,-3.234098054140125,-0.10826788576446916,1.0,2024-11-29,2025-02-27,train_top5
0.22,0.25,0.3,0.5,1.4,-0.24877871344540994,-0.03291045992146534,4.0,-3.234098054140125,-0.10826788576446916,1.0,2024-11-29,2025-02-27,train_top5
0.22,0.25,0.3,0.7,1.4,-0.24877871344540994,-0.03291045992146534,4.0,-3.234098054140125,-0.10826788576446916,1.0,2024-11-29,2025-02-27,train_top5
0.15,0.25,0.4,0.7,1.6,-0.26769962933344793,-0.03398050106854952,288.0,-3.234098054140125,-0.10826788576446916,1.0,2024-11-29,2025-02-27,baseline
0.22,0.25,0.3,0.5,1.2,-0.6950820831787913,-0.06998197460236662,1.0,0.18642518722685106,0.03210733120681912,859.0,2024-12-27,2025-03-28,train_top5
0.22,0.25,0.3,0.7,1.2,-0.6950820831787913,-0.06998197460236662,1.0,0.18642518722685106,0.03210733120681912,859.0,2024-12-27,2025-03-28,train_top5
0.22,0.25,0.3,0.9,1.2,-0.6950820831787913,-0.06998197460236662,1.0,0.18642518722685106,0.03210733120681912,859.0,2024-12-27,2025-03-28,train_top5
0.22,0.25,0.3,0.5,1.6,-0.6990505809395133,-0.07126245050323966,4.0,0.23191729224286986,0.045674590163682895,319.0,2024-12-27,2025-03-28,train_top5
0.22,0.25,0.3,0.7,1.6,-0.6990505809395133,-0.07126245050323966,4.0,0.23191729224286986,0.045674590163682895,319.0,2024-12-27,2025-03-28,train_top5
0.15,0.25,0.4,0.7,1.6,-0.7365845704746059,-0.07140269680109747,204.0,0.21966396701668991,0.041777453996731884,466.0,2024-12-27,2025-03-28,baseline
0.3,0.4,0.5,0.5,2.0,-0.2840671076260916,-0.04604552704820074,1.0,0.6373485279323444,0.12198484836347909,1120.0,2025-01-22,2025-04-25,train_top5
0.3,0.4,0.5,0.7,2.0,-0.2840671076260916,-0.04604552704820074,1.0,0.6373485279323444,0.12198484836347909,1120.0,2025-01-22,2025-04-25,train_top5
0.3,0.4,0.5,0.9,2.0,-0.2840671076260916,-0.04604552704820074,1.0,0.6373485279323444,0.12198484836347909,1120.0,2025-01-22,2025-04-25,train_top5
0.3,0.4,0.6,0.5,2.0,-0.2840671076260916,-0.04604552704820074,1.0,0.6373485279323444,0.12198484836347909,1120.0,2025-01-22,2025-04-25,train_top5
0.3,0.4,0.6,0.7,2.0,-0.2840671076260916,-0.04604552704820074,1.0,0.6373485279323444,0.12198484836347909,1120.0,2025-01-22,2025-04-25,train_top5
0.15,0.25,0.4,0.7,1.6,-0.3742791833572633,-0.05152807823313759,469.0,0.6619657663110812,0.10963933867115039,684.0,2025-01-22,2025-04-25,baseline
0.3,0.4,0.5,0.5,2.0,0.12642196621665966,0.025336181316325698,1.0,0.5499159289201683,0.10351473606070122,597.0,2025-02-27,2025-05-23,train_top5
0.3,0.4,0.5,0.7,2.0,0.12642196621665966,0.025336181316325698,1.0,0.5499159289201683,0.10351473606070122,597.0,2025-02-27,2025-05-23,train_top5
0.3,0.4,0.5,0.9,2.0,0.12642196621665966,0.025336181316325698,1.0,0.5499159289201683,0.10351473606070122,597.0,2025-02-27,2025-05-23,train_top5
0.3,0.4,0.6,0.5,2.0,0.12642196621665966,0.025336181316325698,1.0,0.5500371180039217,0.10367196411159853,590.0,2025-02-27,2025-05-23,train_top5
0.3,0.4,0.6,0.7,2.0,0.12642196621665966,0.025336181316325698,1.0,0.5500371180039217,0.10367196411159853,590.0,2025-02-27,2025-05-23,train_top5
0.15,0.25,0.4,0.7,1.6,0.08322901063957584,0.01438296896780437,454.0,0.5491630695355942,0.0897699546009678,645.0,2025-02-27,2025-05-23,baseline
0.22,0.25,0.6,0.5,1.6,0.468898147320631,0.08846415101479711,1.0,0.7151921848679453,0.14338841003125224,185.0,2025-03-28,2025-06-20,train_top5
0.22,0.25,0.6,0.7,1.6,0.468898147320631,0.08846415101479711,1.0,0.7151921848679453,0.14338841003125224,185.0,2025-03-28,2025-06-20,train_top5
0.22,0.25,0.6,0.9,1.6,0.468898147320631,0.08846415101479711,1.0,0.7154931243648865,0.14352137560613162,172.0,2025-03-28,2025-06-20,train_top5
0.22,0.25,0.5,0.5,1.6,0.46878775514460425,0.08839824676935723,4.0,0.717070066823066,0.14110734629188676,117.0,2025-03-28,2025-06-20,train_top5
0.22,0.25,0.5,0.7,1.6,0.46878775514460425,0.08839824676935723,4.0,0.717070066823066,0.14110734629188676,117.0,2025-03-28,2025-06-20,train_top5
0.15,0.25,0.4,0.7,1.6,0.45720754211919934,0.08039558242295004,418.0,0.7133118976816847,0.12849551999065006,269.0,2025-03-28,2025-06-20,baseline
0.22,0.25,0.3,0.9,1.4,0.6487149080039314,0.11282219845915838,1.0,0.7571969246526273,0.13437497589549952,240.0,2025-04-25,2025-07-18,train_top5
0.22,0.25,0.3,0.5,1.4,0.6485914640459252,0.11278482448637082,2.0,0.7569488926259355,0.13424892549219947,246.0,2025-04-25,2025-07-18,train_top5
0.22,0.25,0.3,0.7,1.4,0.6485914640459252,0.11278482448637082,2.0,0.7566111172124207,0.1341880689450005,252.0,2025-04-25,2025-07-18,train_top5
0.22,0.25,0.4,0.9,1.4,0.648212327204024,0.11558110598849339,4.0,0.7512901087467437,0.13594328289484048,355.0,2025-04-25,2025-07-18,train_top5
0.22,0.25,0.4,0.5,1.4,0.6481009855193024,0.11554395385473515,5.0,0.7511893854421906,0.13586549413930757,359.0,2025-04-25,2025-07-18,train_top5
0.15,0.25,0.4,0.7,1.6,0.6405397903815255,0.10930160442092275,362.0,0.7447885546549017,0.1287296792374976,464.0,2025-04-25,2025-07-18,baseline
0.22,0.25,0.3,0.9,1.2,0.6797815403201216,0.11197353144819627,1.0,0.36233927409870303,0.06664204982148006,715.0,2025-05-23,2025-08-15,train_top5
0.22,0.25,0.4,0.9,1.2,0.6797406786210833,0.11598614489836052,2.0,0.3705886563914444,0.070384714541927,550.0,2025-05-23,2025-08-15,train_top5
0.22,0.25,0.4,0.5,1.2,0.6796054517112883,0.11592306317942466,3.0,0.3693443032498097,0.070054366207118,579.0,2025-05-23,2025-08-15,train_top5
0.22,0.25,0.3,0.5,1.2,0.6795913305215687,0.11189414067430872,4.0,0.3601136439061434,0.06606706324714008,763.0,2025-05-23,2025-08-15,train_top5
0.22,0.25,0.4,0.7,1.2,0.6794969330945456,0.11590277766369167,5.0,0.3693443032498097,0.070054366207118,579.0,2025-05-23,2025-08-15,train_top5
0.15,0.25,0.4,0.7,1.6,0.6676022135336285,0.11566505127637183,370.0,0.3745791499073133,0.07409464192012839,441.0,2025-05-23,2025-08-15,baseline
0.22,0.3,0.4,0.9,1.2,0.6064442379436266,0.1137768345437501,1.0,0.3802459608767661,0.07571001355048305,213.0,2025-06-20,2025-09-12,train_top5
0.22,0.25,0.4,0.9,1.4,0.6064414915491344,0.11732774596270161,2.0,0.38164703969529234,0.07827716517284923,156.0,2025-06-20,2025-09-12,train_top5
0.22,0.3,0.5,0.9,1.2,0.6060945868417273,0.11606975420697073,3.0,0.38209045150486953,0.07720761497467982,136.0,2025-06-20,2025-09-12,train_top5
0.22,0.3,0.4,0.7,1.2,0.6059131376704321,0.11360314663590049,4.0,0.38014001531486474,0.07567365978715083,219.0,2025-06-20,2025-09-12,train_top5
0.22,0.3,0.4,0.5,1.2,0.6058897946591683,0.11359851872617023,5.0,0.38013464083135867,0.07567240920068931,220.0,2025-06-20,2025-09-12,train_top5
0.15,0.25,0.4,0.7,1.6,0.5947800108306106,0.11043994704942534,319.0,0.3780383024293812,0.07576936718628983,301.0,2025-06-20,2025-09-12,baseline
0.22,0.25,0.4,0.9,1.4,0.4926914822080542,0.09792817960880167,1.0,0.3572315387668135,0.06960503622145867,181.0,2025-07-18,2025-10-09,train_top5
0.22,0.3,0.4,0.9,1.4,0.4924385632931126,0.10084000995746566,2.0,0.3612226827596757,0.07219971511933336,34.0,2025-07-18,2025-10-09,train_top5
0.22,0.25,0.4,0.5,1.4,0.4923185174853075,0.09780529219912881,3.0,0.3572315387668135,0.06960503622145867,181.0,2025-07-18,2025-10-09,train_top5
0.22,0.25,0.4,0.7,1.4,0.4922303461225619,0.09778589725254266,4.0,0.3572315387668135,0.06960503622145867,181.0,2025-07-18,2025-10-09,train_top5
0.22,0.3,0.4,0.7,1.4,0.4919745043026895,0.1006937831436134,5.0,0.3612226827596757,0.07219971511933336,34.0,2025-07-18,2025-10-09,train_top5
0.15,0.25,0.4,0.7,1.6,0.4825540880695715,0.09286456278130527,314.0,0.3541490832152803,0.06717992492333204,250.0,2025-07-18,2025-10-09,baseline
0.3,0.4,0.6,0.9,1.2,0.38236803957229887,0.0837671208155528,1.0,0.7917033309544848,0.1841395626687539,455.0,2025-08-15,2025-11-07,train_top5
0.3,0.4,0.6,0.5,1.2,0.38221250540805013,0.08371863149491487,2.0,0.791578140875496,0.18405111940634178,460.0,2025-08-15,2025-11-07,train_top5
0.3,0.4,0.6,0.7,1.2,0.38221250540805013,0.08371863149491487,2.0,0.791578140875496,0.18405111940634178,460.0,2025-08-15,2025-11-07,train_top5
0.3,0.4,0.5,0.9,1.2,0.3820748699112407,0.08305965323927535,4.0,0.7941862493472709,0.17886966345491967,296.0,2025-08-15,2025-11-07,train_top5
0.3,0.4,0.5,0.5,1.2,0.38191887081364645,0.08301116391863742,5.0,0.7940448937178308,0.17878802352038542,310.0,2025-08-15,2025-11-07,train_top5
0.15,0.25,0.4,0.7,1.6,0.36900002049953556,0.07234797800991677,339.0,0.7974666880431989,0.1603939109208209,155.0,2025-08-15,2025-11-07,baseline
0.18,0.3,0.4,0.9,1.8,0.5084384712215736,0.11309763559341181,1.0,1.0350414868814122,0.23948886303910083,252.0,2025-09-12,2025-12-05,train_top5
0.18,0.3,0.5,0.9,1.8,0.5084093786435404,0.11442756427644139,2.0,1.0312162775825013,0.24519580535312044,317.0,2025-09-12,2025-12-05,train_top5
0.18,0.3,0.4,0.7,1.8,0.5080886550076866,0.1130073170897879,3.0,1.0310515568879584,0.23858224494134248,322.0,2025-09-12,2025-12-05,train_top5
0.18,0.3,0.4,0.5,1.8,0.5080872232044412,0.11300697602075294,4.0,1.030906264662867,0.23856149918087025,324.0,2025-09-12,2025-12-05,train_top5
0.18,0.3,0.5,0.7,1.8,0.5080615196705375,0.1143349779968582,5.0,1.0274170863917076,0.24426201053178248,396.0,2025-09-12,2025-12-05,train_top5
0.15,0.25,0.4,0.7,1.6,0.5015834796855878,0.10111440101014758,302.0,1.0401862870813965,0.20883656340235562,172.0,2025-09-12,2025-12-05,baseline
