Price,Close,High,Low,Open,Volume
Ticker,2330.TW,2330.TW,2330.TW,2330.TW,2330.TW
Date,,,,,
2022-12-26,432.569580078125,433.0433693224603,429.7268446121132,430.2006338564485,8793306
2022-12-27,433.0433349609375,438.25501623508444,433.0433349609375,433.99091337441877,10264001
2022-12-28,427.3578796386719,428.30545808576426,422.61998740320985,427.3578796386719,32578949
2022-12-29,422.6200256347656,425.93655049961245,419.30350076991886,420.7248685691389,23020759
2022-12-30,424.9888916015625,432.56951843057584,424.9888916015625,431.1481509001359,21683478
2023-01-03,429.2530517578125,429.72684099816325,419.77726695079673,422.6200023929015,14885824
2023-01-04,425.9364929199219,431.1481741458609,424.9889145152057,425.9364929199219,19188422
2023-01-05,434.46466064453125,435.4122389665477,431.1481365174738,434.9384498055395,23549581
2023-01-06,434.46466064453125,435.4122389665477,431.1481365174738,431.1481365174738,20886011
2023-01-09,455.78521728515625,455.78521728515625,442.99290869191384,443.46669789907094,46666263
2023-01-10,460.5230712890625,461.4706496250482,457.6803362811053,460.5230712890625,32646014
2023-01-11,459.10174560546875,462.4182700835268,456.732799549713,461.4706916612245,21051115
2023-01-12,460.9969177246094,462.41828540515803,458.62797159036165,461.9444961783085,20963689
2023-01-13,473.78924560546875,482.3174520263672,472.8416671142578,480.4222950439453,77606949
2023-01-16,478.5270690917969,481.36980415570855,476.63191238252244,479.47464744643406,34373918
2023-01-17,476.6319274902344,477.57950587490683,473.31540314388087,477.57950587490683,27770329
2023-01-30,514.5350952148438,514.5350952148438,506.0068892168077,513.5875167706175,124428936
2023-01-31,494.6359558105469,509.7972111610617,493.6883773511397,508.8496327016545,72530854
2023-02-01,502.2165832519531,505.059318628851,494.6359555802255,504.111740169885,33710990
2023-02-02,511.6924133300781,513.5875704164858,508.8496777004666,509.7972562436704,43077053
2023-02-03,513.5874633789062,513.5874633789062,507.901993304601,511.69230668747116,31635865
2023-02-06,498.4263000488281,505.0593496692498,498.4263000488281,504.1117711520467,30870136
2023-02-07,495.5835266113281,500.3214188351458,494.6359481665646,496.53110505609163,23481767
2023-02-08,511.6924133300781,511.6924133300781,506.006942070855,509.7972562436704,35096191
2023-02-09,511.6924133300781,511.6924133300781,507.90209915726274,511.6924133300781,18861972
2023-02-10,516.43017578125,517.3777540854358,512.6398625645069,515.4825974770642,28495684
2023-02-13,512.639892578125,515.4826276571164,509.79715749913356,515.4826276571164,22768977
2023-02-14,516.43017578125,517.3777540854358,514.5350191728785,515.4825974770642,21883297
2023-02-15,497.478759765625,504.1118098958333,494.6360239955357,498.42633835565476,61796793
2023-02-16,500.3212890625,503.164023659446,496.53097626657194,500.3212890625,29975138
2023-02-17,490.845703125,496.53117458976834,488.9505459700772,496.53117458976834,28121975
2023-02-20,489.8980712890625,491.7932282379564,484.21260044238096,487.05533586572176,20065156
2023-02-21,488.9504699707031,489.8980484008789,486.1077346801758,488.00289154052734,13504100
2023-02-22,480.42230224609375,482.31745925692644,478.527145235261,479.4747237406774,24575245
2023-02-23,490.845703125,493.68843885738414,483.26507450530886,485.16023166023166,25376835
2023-02-24,484.2125549316406,497.47865232702804,484.2125549316406,496.5310739416432,41692491
2023-03-01,494.6359558105469,494.6359558105469,477.5795435412177,477.5795435412177,39560848
2023-03-02,491.793212890625,492.740791335501,488.00289911112117,491.793212890625,16558784
2023-03-03,488.9504699707031,497.47867584228516,488.9504699707031,496.5310974121094,23253895
2023-03-06,493.6883544921875,496.5310897387836,489.89804083005936,492.74077607665544,21922085
2023-03-07,496.53106689453125,498.42622363840354,491.7931750348506,493.6883317787229,24861078
2023-03-08,493.6883544921875,495.5835113232515,490.84561924559137,493.6883544921875,24512408
2023-03-09,494.6359558105469,498.42626964817555,494.6359558105469,497.4786911887684,21557577
2023-03-10,486.1076965332031,488.95043160064876,484.2125398215727,488.00285324483355,24045605
2023-03-13,488.9504699707031,490.8456268310547,482.31742095947266,486.1077346801758,21466947
2023-03-14,483.2649841308594,487.05529773188573,483.2649841308594,484.21256253111596,20474770
2023-03-15,484.2125549316406,488.9504468585647,483.2649765462558,488.0028684731799,23208597
2023-03-16,481.1160888671875,485.8796144995359,480.1633837407178,481.1160888671875,21965994
2023-03-17,493.50128173828125,493.50128173828125,488.7377558527766,491.5958713840794,33118483
2023-03-20,487.7850341796875,493.5012650489807,485.8796238899231,492.5485599040985,11837312
2023-03-21,492.548583984375,492.548583984375,487.7850580270793,490.6431736014567,18284799
2023-03-22,507.7919006347656,507.7919006347656,499.21755334449756,499.21755334449756,42385987
2023-03-23,512.5553588867188,513.508064014761,503.0283076062965,503.0283076062965,26728246
2023-03-24,513.5081787109375,513.5081787109375,509.69735734759104,510.6500626884276,21926240
2023-03-27,505.886474609375,510.6500007356403,505.886474609375,507.7918850598811,16111177
2023-03-28,500.1701965332031,504.93372221447174,499.2174913969494,500.1701965332031,17234120
2023-03-29,504.9337158203125,507.7918311928803,500.1701901993662,507.7918311928803,17280749
2023-03-30,509.6971435546875,511.60255343713493,505.88632378979264,510.6498484959112,19201564
2023-03-31,507.7919006347656,512.5554269071367,506.8391953802914,512.5554269071367,23558838
2023-04-06,504.9337158203125,505.88642094450177,501.12289532355544,504.9337158203125,25423363
2023-04-07,505.886474609375,509.6972955103872,503.98106415886883,509.6972955103872,8557482
2023-04-10,503.98101806640625,507.7918386188933,503.0283129282845,507.7918386188933,7435151
2023-04-11,499.21746826171875,502.0755835380263,497.31205807751377,497.31205807751377,22675697
2023-04-12,495.4066467285156,499.2174670879657,492.548531458928,498.2647619981032,23816473
2023-04-13,485.879638671875,492.54857488894,485.879638671875,490.6431645412071,25536889
2023-04-14,491.5958251953125,495.40664554566376,488.737709932549,491.5958251953125,18072504
2023-04-17,495.4066467285156,495.4066467285156,489.6904161893404,494.4539416386531,14634287
2023-04-18,490.6430969238281,495.4066221366808,489.69039188125754,493.5012120515397,15168888
2023-04-19,485.879638671875,493.5012800628064,484.9269334980086,492.54857488894,21123233
2023-04-20,488.7377014160156,491.5958166289748,485.8795862030565,487.78499634502924,17221961
2023-04-21,486.83233642578125,495.40668285989483,485.8796312664353,495.40668285989483,25016683
2023-04-24,483.021484375,485.87959966715977,480.16336908284023,481.11607418022686,16886512
2023-04-25,474.44720458984375,481.1161412005444,474.44720458984375,480.1634359704443,36898412
2023-04-26,468.2545471191406,474.923482683401,467.7781945788363,474.4471301430967,31269245
2023-04-27,470.15997314453125,471.58903081366356,465.87280013713433,467.7782103626441,29537148
2023-04-28,478.2579650878906,478.2579650878906,474.44714464894327,474.9234972038117,24824100
2023-05-02,477.3052673339844,478.2579724584035,473.0180942740983,476.35256220956524,15325791
2023-05-03,472.541748046875,474.4471583212576,471.5890429096837,472.541748046875,11369311
2023-05-04,474.44720458984375,475.8762624349939,472.5417941296436,473.49449935974366,13140291
2023-05-05,476.35260009765625,478.2580104980469,474.92354229736327,476.35260009765625,7488897
2023-05-08,480.1634521484375,484.9269784594339,478.2580416240389,484.9269784594339,11243634
2023-05-09,485.879638671875,485.879638671875,481.11611280254294,483.02152315027575,16197743
2023-05-10,479.210693359375,483.9742191382952,476.35257789202285,483.9742191382952,18859212
2023-05-11,475.39984130859375,482.06877695821333,474.9234887621924,482.06877695821333,13382927
2023-05-12,472.541748046875,476.35256859564015,471.5890429096837,472.541748046875,18465362
2023-05-15,472.0653991699219,475.8762197484883,471.11269402528023,473.4944568868843,13315766
2023-05-16,481.1160888671875,483.9742042465965,476.3525632348391,479.21067861424814,21140315
2023-05-17,494.4539489746094,496.359359182604,482.0687826226442,483.97419283063886,41406763
2023-05-18,504.9337158203125,510.64994656544815,501.12289532355544,507.7918311928803,43096277
2023-05-19,506.8392028808594,509.6973186865785,503.98108707514024,509.6973186865785,32099068
2023-05-22,505.886474609375,507.7918850598811,503.98106415886883,506.83917983462806,17208135
2023-05-23,504.9337158203125,505.88642094450177,500.1701901993662,504.9337158203125,19588873
2023-05-24,500.1701965332031,503.02831194196426,499.2174913969494,502.07560680571055,19086681
2023-05-25,517.3190307617188,519.2244415564212,511.60279837761135,516.3663253643675,63827245
2023-05-26,539.2311401367188,541.1365505258944,536.3730245529553,541.1365505258944,95808471
2023-05-29,541.136474609375,546.852704974967,537.325654365647,546.852704974967,54657853
2023-05-30,539.2311401367188,541.1365505258944,536.3730245529553,539.2311401367188,40136130
2023-05-31,531.6094970703125,535.4203178378416,524.9405607271365,533.514907454077,81176782
2023-06-01,524.9405517578125,527.7986672846246,523.9878465822085,523.9878465822085,24477529
2023-06-02,535.4202880859375,537.3256983638234,530.6567623912227,532.5621726691087,30206141
2023-06-05,528.751220703125,533.5147452139639,528.751220703125,533.5147452139639,16827391
2023-06-06,533.5149536132812,535.4203641619001,526.8460166931152,527.7987219674246,20228086
2023-06-07,541.136474609375,541.136474609375,533.514834121919,534.467539182851,27604813
2023-06-08,532.5621948242188,541.1365414314065,528.7513741099131,535.420310359948,23080195
2023-06-09,538.2783203125,539.2310253042035,534.4675003456858,534.4675003456858,19091713
2023-06-12,546.8528442382812,546.8528442382812,543.9947283276282,546.8528442382812,26392389
2023-06-13,564.9542236328125,565.9069289003214,561.1434025627767,564.9542236328125,56174363
2023-06-14,562.0960083007812,563.0487133995962,559.2378930043367,562.0960083007812,23583314
2023-06-15,565.685302734375,567.5996354001427,561.8566374028394,564.728136401491,27392154
2023-06-16,563.7709350585938,564.7281013320379,558.9851036913731,564.7281013320379,38128802
2023-06-19,558.0278930664062,559.9422254611452,557.0707268690368,558.0278930664062,14346885
2023-06-20,558.0278930664062,559.9422254611452,554.1992282769284,554.1992282769284,16221413
2023-06-21,556.1135864257812,559.9422513925681,553.2420877006912,557.0707526674779,21703937
2023-06-26,549.4133911132812,553.2420558597153,549.4133911132812,551.3277234864983,27142262
2023-06-27,547.4990234375,550.3705218121722,544.6275250628278,545.5846911877186,21501718
2023-06-28,549.4133911132812,554.1992220463238,546.5418925534558,554.1992220463238,18175426
2023-06-29,548.4561767578125,555.1563394756217,545.58467845018,553.2420072705335,16937929
2023-06-30,551.32763671875,551.32763671875,543.6703084309896,545.5846405029297,22654976
2023-07-03,554.19921875,555.1563849309154,551.3277202072538,553.2420525690846,14785585
2023-07-04,559.9423217773438,559.9423217773438,555.156489967281,559.9423217773438,17219541
2023-07-05,557.0707397460938,563.7709032825588,554.1992410876087,563.7709032825588,14913592
2023-07-06,540.7988891601562,549.4133847396986,540.7988891601562,548.4562185641938,28564891
2023-07-07,540.7988891601562,547.4990523886892,538.8845568091468,540.7988891601562,18796190
2023-07-10,540.7988891601562,548.4562185641938,540.7988891601562,542.7132215111657,18454982
2023-07-11,552.2848510742188,552.2848510742188,545.58468823623,549.4133527150807,17850636
2023-07-12,553.2422485351562,553.2422485351562,547.4992494154142,549.4135824553282,15588228
2023-07-13,559.9423217773438,564.7281535874065,559.9423217773438,561.8566545013689,25442137
2023-07-14,565.685302734375,565.685302734375,561.8566374028394,563.7709700686072,23121873
2023-07-17,565.685302734375,565.685302734375,561.8566374028394,562.8138037357234,13807834
2023-07-18,556.1135864257812,562.8137501176582,555.1564201840846,561.8565838759614,20932006
2023-07-19,556.1135864257812,561.8565838759614,554.1992539423878,558.9850851508713,22499123
2023-07-20,554.19921875,558.9850496545769,553.2420525690846,555.1563849309154,15108109
2023-07-21,536.0130615234375,538.884560067313,533.141562979562,536.0130615234375,46711021
2023-07-24,534.0988159179688,538.8846476018215,533.1416495811982,533.1416495811982,25268835
2023-07-25,544.6275634765625,544.6275634765625,536.970233937349,536.970233937349,19590349
2023-07-26,541.7561645507812,546.5419963931026,538.8846654453885,544.627663656174,13314305
2023-07-27,544.6275634765625,545.5847296689642,541.7560648993574,545.5847296689642,12200358
2023-07-28,542.7132568359375,548.4562542627729,540.7989243603257,544.6275893115493,18540078
2023-07-31,540.7988891601562,550.3705509152032,536.0130582826328,550.3705509152032,24208467
2023-08-01,542.7132568359375,543.6704230737435,539.8417581225199,540.7989243603257,16259643
2023-08-02,536.97021484375,544.6275441106841,534.0987163686498,542.7132117939506,25583234
2023-08-04,530.2701416015625,536.0131395250451,528.3558089604016,532.1844742427234,26279173
2023-08-07,534.0988159179688,536.9703149282803,532.1844832444276,534.0988159179688,14369551
2023-08-08,528.3556518554688,534.0986480712891,527.3984858194988,534.0986480712891,19010690
2023-08-09,530.2701416015625,533.1416405633038,526.4414763192408,526.4414763192408,14389090
2023-08-10,527.3986206054688,530.2701194472409,526.4414543248781,528.3557868860595,17892615
2023-08-11,522.61279296875,534.0987884186127,522.61279296875,532.1844558436355,17608427
2023-08-14,517.8268432617188,519.74117539947,513.9981789862162,516.8696771928431,20939030
2023-08-15,518.7840576171875,521.6555560910833,516.869725301257,519.7412237751528,14066307
2023-08-16,518.7840576171875,519.7412237751528,513.0410606693957,517.8268914592222,28269840
2023-08-17,520.6985473632812,522.6128802579992,513.9983822317685,516.8698815738454,22843138
2023-08-18,515.9127197265625,520.6985520060297,515.9127197265625,516.869886182456,17592345
2023-08-21,513.9982299804688,520.6983931273277,511.1267314889577,520.6983931273277,16633821
2023-08-22,517.8268432617188,520.6983414683457,514.9553450550918,520.6983414683457,14594304
2023-08-23,528.3556518554688,528.3556518554688,520.6983235677084,522.6126556396484,20636332
2023-08-24,539.8417358398438,539.8417358398438,534.0987386500582,538.8845696415461,23280827
2023-08-25,522.61279296875,527.3986244061928,522.61279296875,525.4842918312157,24144537
2023-08-28,525.4841918945312,529.3128563163493,523.5698596836222,523.5698596836222,8991985
2023-08-29,528.3556518554688,529.3128178914388,522.6126556396484,527.3984858194988,10516678
2023-08-30,531.2272338867188,536.0130648226351,530.2700676995355,534.0987324482686,15117416
2023-08-31,525.4841918945312,532.1843546327129,524.5270257890768,529.3128563163493,40431378
2023-09-01,524.5271606445312,529.3129924022368,519.7413288868256,519.7413288868256,13669766
2023-09-04,533.1416015625,533.1416015625,525.4842715580116,525.4842715580116,9531157
2023-09-05,528.3556518554688,531.2271499633789,526.4413197835287,529.3128178914388,12220686
2023-09-06,526.4414672851562,532.1844651100852,526.4414672851562,532.1844651100852,14067008
2023-09-07,518.7840576171875,524.5270545649793,518.7840576171875,522.6127222490487,20717005
2023-09-08,515.9127197265625,516.869886182456,512.0840539029888,512.0840539029888,15283568
2023-09-11,513.0411987304688,516.8698643926364,513.0411987304688,515.9126979770945,14631968
2023-09-12,520.6985473632812,521.6557138106402,513.0412157844095,513.0412157844095,16028336
2023-09-13,517.8268432617188,524.5270057438482,517.8268432617188,521.6555075372213,16191392
2023-09-14,529.376953125,529.376953125,522.6394282670454,523.6019318181818,17144287
2023-09-15,537.0769653320312,537.0769653320312,526.4894265889267,528.4144336331275,42517441
2023-09-18,519.7518920898438,528.4144236246744,519.7518920898438,527.4519201208044,36684692
2023-09-19,517.8268432617188,522.6393603924039,517.8268432617188,518.7893466878558,18901683
2023-09-20,514.939453125,517.8269640771028,514.939453125,515.9019567757009,24635567
2023-09-21,507.2392578125,511.08927115453037,506.27675447699244,510.1267678190228,32012694
2023-09-22,502.4268798828125,505.3143906867367,502.4268798828125,503.3893834841206,29049309
2023-09-25,505.3143615722656,509.16437575567335,502.4268509347098,502.4268509347098,17116402
2023-09-26,499.5393371582031,504.35185485722246,499.5393371582031,501.46434423781085,26392692
2023-09-27,502.4268798828125,503.3893834841206,496.65185827496407,497.61436187627214,16846401
2023-09-28,503.3893127441406,505.3143196762406,500.50180234599065,503.3893127441406,19733331
2023-10-02,513.0144653320312,513.9769690193334,508.2019468955206,510.1269542701249,25427911
2023-10-03,509.1643981933594,513.0144125464283,508.2018946050922,508.2018946050922,14490129
2023-10-04,500.5018005371094,503.38931092482346,499.539297074538,501.46430399968074,28358964
2023-10-05,508.201904296875,509.1644079034978,503.3893862637606,503.3893862637606,24945684
2023-10-06,512.0518188476562,513.0143222665428,509.16430859099654,510.1268120098831,15336587
2023-10-11,523.6018676757812,523.6018676757812,519.7518539428711,521.6768608093262,46639969
2023-10-12,529.376953125,529.376953125,523.6019318181818,524.5644353693182,34161176
2023-10-13,532.2645263671875,533.2270300315043,527.4520080456035,529.3770153742371,31123496
2023-10-16,524.564453125,526.4894602924312,521.6769423738532,525.5269567087156,19875676
2023-10-17,530.3395385742188,531.3020422739905,527.4520274749036,529.3770348744471,18364998
2023-10-18,519.7518920898438,528.4144236246744,519.7518920898438,528.4144236246744,26418940
2023-10-19,525.5269165039062,527.4519235240671,519.7518954434238,519.7518954434238,22881262
2023-10-20,535.1520385742188,535.1520385742188,525.5270019092148,528.414512908716,45984177
2023-10-23,523.6018676757812,532.2643985748291,522.6393642425537,531.3018951416016,22747367
2023-10-24,523.6018676757812,525.5268745422363,519.7518539428711,522.6393642425537,15007814
2023-10-25,523.6018676757812,530.339391708374,523.6018676757812,523.6018676757812,16526355
2023-10-26,511.0892639160156,514.9392772035186,510.12676059413985,510.12676059413985,28188348
2023-10-27,513.0144653320312,515.9019763939376,512.0519616447291,513.9769690193334,15679643
2023-10-30,512.0518188476562,513.9768256854294,508.20180517210997,511.0893154287697,21404842
2023-10-31,509.1643981933594,514.9394197229627,507.239391016825,514.9394197229627,25667058
2023-11-01,508.201904296875,513.0144223299893,507.2394006902521,513.0144223299893,13603347
2023-11-02,526.489501953125,526.489501953125,514.9394580345921,515.9019616944698,29401438
2023-11-03,528.4144897460938,528.4144897460938,524.5644752488545,526.4894824974741,15426176
2023-11-06,529.376953125,535.1519744318182,529.376953125,532.2644637784091,29215201
2023-11-07,534.189453125,534.189453125,529.3769355292793,531.3019425675676,14777790
2023-11-08,535.1520385742188,536.1145422407192,529.3770165752164,529.3770165752164,15314834
2023-11-09,536.1145629882812,536.1145629882812,530.3395407657863,530.3395407657863,13165684
2023-11-10,536.1145629882812,536.1145629882812,533.2270518770338,534.1895555807829,12994933
2023-11-13,549.5895385742188,558.2520707058615,549.5895385742188,557.2895671356789,43866014
2023-11-14,550.5520629882812,554.4020774147727,549.5895593816583,554.4020774147727,21568576
2023-11-15,559.2144775390625,561.1394843464259,553.4394571169723,561.1394843464259,50305088
2023-11-16,561.1395874023438,561.1395874023438,556.3270695000938,559.2145802414437,28291435
2023-11-17,558.2520141601562,561.139524578226,557.2895106874663,557.2895106874663,22031704
2023-11-20,555.3645629882812,557.2895701390206,553.439555837542,554.4020594129116,22010114
2023-11-21,563.0646362304688,563.0646362304688,559.2146216237646,560.1771252754406,35921706
2023-11-22,555.3645629882812,557.2895701390206,552.4770522621724,554.4020594129116,21969125
2023-11-23,556.3270263671875,556.3270263671875,552.4770123438851,552.4770123438851,14486134
2023-11-24,553.4395751953125,556.3270860224185,552.4770715862771,555.3645824133831,10058969
2023-11-27,546.7019653320312,555.3644964728558,546.7019653320312,551.5144826324893,18528520
2023-11-28,553.4395751953125,554.4020788043479,543.8145391049592,543.8145391049592,26343906
2023-11-29,552.4769897460938,557.2895070783768,548.6269758802673,556.3270036119202,24868842
2023-11-30,555.3645629882812,555.3645629882812,548.6270379606938,554.4020594129116,47192647
2023-12-01,557.2897338867188,557.2897338867188,551.5147107376335,551.5147107376335,28051165
2023-12-04,552.4769897460938,560.1770174777466,549.5894793467239,560.1770174777466,26847171
2023-12-05,548.6270141601562,550.5520212273849,545.7395035593133,549.5895176937705,22229723
2023-12-06,548.6270141601562,553.4395318282278,546.7020070929276,546.7020070929276,21518089
2023-12-07,544.7770385742188,551.5145637862673,544.7770385742188,548.6270529811037,20840397
2023-12-08,548.6270141601562,555.3645388954563,548.6270141601562,552.4770282946134,33507214
2023-12-11,552.4769897460938,553.4394932125504,548.6269758802673,550.5519828131805,27378610
2023-12-12,556.3270263671875,559.2145368846642,553.4395158497107,558.2520333788386,29403010
2023-12-13,555.3645629882812,557.2895701390206,554.4020594129116,554.4020594129116,22977731
2023-12-14,563.1049194335938,563.1049194335938,560.202316756101,562.1373852077628,39409958
2023-12-15,566.0075073242188,566.975041524773,561.1698363214476,566.0075073242188,54323262
2023-12-18,566.0075073242188,566.0075073242188,558.267233719785,560.2023021208935,26122277
2023-12-19,566.0075073242188,568.9101099258814,561.1698363214476,568.9101099258814,28254292
2023-12-20,566.0075073242188,567.9425757253272,564.0724389231103,567.9425757253272,38121456
2023-12-21,558.26708984375,560.2021577461546,556.3320219413453,558.26708984375,24923414
2023-12-22,563.1049194335938,563.1049194335938,560.202316756101,563.1049194335938,18690214
2023-12-25,562.1372680664062,566.007404163249,561.1697340421956,563.1048020906169,9548143
2023-12-26,566.9749755859375,566.9749755859375,563.104839233815,564.0723733218457,16094308
2023-12-27,572.7802734375,572.7802734375,566.9750679634714,567.9426022091427,33401336
2023-12-28,573.7476806640625,573.7476806640625,569.8775445381666,572.7801466325885,25514849
2023-12-29,573.7476806640625,573.7476806640625,569.8775445381666,569.8775445381666,18416318
2024-01-02,573.7476806640625,573.7476806640625,569.8775445381666,570.8450785696406,26059058
2024-01-03,559.2347412109375,566.0074802913468,557.2996729022492,565.0399461370026,37106763
2024-01-04,561.1697387695312,562.1372728018925,558.2671366724475,561.1697387695312,15309129
2024-01-05,557.2996215820312,561.1697578430176,555.3645534515381,559.2346897125244,18158971
2024-01-08,564.0724487304688,566.0075171652217,560.2023118609629,563.1049145130924,17761275
2024-01-09,566.9749755859375,569.8775778500293,564.0723733218457,568.9100437619987,22501510
2024-01-10,565.0399169921875,566.9749852010649,561.1697805744328,562.1373146788715,13037716
2024-01-11,566.9749755859375,569.8775778500293,564.0723733218457,566.9749755859375,23997409
2024-01-12,565.0399169921875,568.9100534099422,562.1373146788715,562.1373146788715,16496053
2024-01-15,566.9749755859375,570.84511193806,566.0074414979068,570.84511193806,21143076
2024-01-16,561.1697387695312,568.9100110284213,560.20220473717,562.1372728018925,27223860
2024-01-17,562.1372680664062,565.0398701390383,559.2346659937742,564.0723361148276,42592335
2024-01-18,568.9099731445312,569.8775071124642,566.0073712407326,566.9749052086655,27209996
2024-01-19,605.6763305664062,606.6438646407935,594.0659216737595,604.708796492019,161106401
2024-01-22,605.6763305664062,612.4490690871169,602.7737283432446,612.4490690871169,65168775
2024-01-23,607.6114501953125,608.5789843516745,601.8062452571407,608.5789843516745,41072439
2024-01-24,606.6439208984375,609.5465233907745,603.7413184061005,607.6114550625498,26635005
2024-01-25,621.1568603515625,621.1568603515625,612.4490538980359,614.3841219988196,52243347
2024-01-26,623.0918579101562,625.0269257918649,618.2541882058848,623.0918579101562,41153025
2024-01-29,626.9620361328125,626.9620361328125,623.0919001073013,625.026968120057,27825490
2024-01-30,621.1568603515625,625.9945306035218,621.1568603515625,621.1568603515625,36161825
2024-01-31,607.6114501953125,616.3192576025701,605.6763818825885,613.4166551334843,41277950
2024-02-01,607.6114501953125,607.6114501953125,598.9036427880549,604.7088477262266,44946369
2024-02-02,614.38427734375,614.38427734375,607.6115372785433,612.449208753691,26334815
2024-02-05,625.0269775390625,625.9945115600208,617.2867053713961,624.0594435181042,44017740
2024-02-15,674.3712768554688,685.9816862130953,670.5011404029267,685.9816862130953,112945296
2024-02-16,660.8258056640625,676.306351623982,660.8258056640625,674.3712833789921,44232811
2024-02-19,655.9881591796875,659.8582958120161,652.1180225473589,652.1180225473589,34408673
2024-02-20,664.6958618164062,665.6633958219614,653.0854537497441,653.0854537497441,30166461
2024-02-21,658.8907470703125,660.8258153436467,655.9881446603111,655.9881446603111,30564485
2024-02-22,669.5335693359375,672.4361715151396,662.7608309177995,672.4361715151396,33145643
2024-02-23,674.3712768554688,680.176481534282,673.4037427423333,678.2414133080109,46448923
2024-02-26,675.3387451171875,677.2738131547726,672.4361430608099,677.2738131547726,28798079
2024-02-27,675.3387451171875,678.241347173565,668.5660069856398,677.2738131547726,33006829
2024-02-29,667.5984497070312,675.3387215876925,665.663381736866,668.565983692114,54368302
2024-03-01,666.6309814453125,674.3712540890897,665.6634473648403,674.3712540890897,23390635
2024-03-04,701.4622192382812,701.4622192382812,687.9167419012662,690.8193441877694,88861397
2024-03-05,706.2999267578125,714.0401999277611,704.3648584653254,711.1375974890304,64403889
2024-03-06,711.137451171875,714.0400530133929,693.7218401227678,694.6893740699405,43687122
2024-03-07,735.3258666992188,744.0336730153938,729.5206624884355,730.488196523566,71817344
2024-03-08,758.5467529296875,770.1571624133052,746.9363434460698,769.1896282896704,87139744
2024-03-11,741.1311645507812,752.7415744393052,736.2934937638962,743.0662328655352,64759810
2024-03-12,745.001220703125,745.9687547559862,729.5206758573457,732.4232780159294,58110339
2024-03-13,753.708984375,759.514188362484,751.773916379172,759.514188362484,36754557
2024-03-14,758.5467529296875,759.5142870533223,745.0012751988003,753.7090823115135,42010806
2024-03-15,728.5531005859375,751.7739165408677,728.5531005859375,745.9687125521352,73316437
2024-03-18,742.647705078125,743.6197570481226,732.9271853781496,732.9271853781496,43589856
2024-03-19,740.7035522460938,743.6197079635981,733.8991889052504,736.8153446227548,30152375
2024-03-20,736.8154296875,747.5080018861313,730.9831175791556,742.6477417958444,41280325
2024-03-21,762.0887451171875,762.0887451171875,750.4241214674347,751.3961734382474,46026103
2024-03-22,763.0607299804688,766.9489375217705,753.3402111272144,765.976885636445,30660820
2024-03-25,758.2005004882812,765.9769158779046,757.2284485645783,761.1166562593901,19877101
2024-03-26,760.1445922851562,769.8651113680867,754.312280835398,765.9769037349145,40990702
2024-03-27,757.2284545898438,763.060766178469,757.2284545898438,763.060766178469,18794479
2024-03-28,747.5079345703125,754.3122980839564,746.5358826397919,752.3681942229152,27190918
2024-03-29,754.312255859375,755.2843077354825,746.5358408505155,747.5078927266229,9802000
2024-04-01,748.47998046875,761.1166554636769,747.5079285460632,761.1166554636769,21041261
2024-04-02,767.9209594726562,767.9209594726562,761.1165965406201,762.0886483880538,37974481
2024-04-03,758.2005004882812,763.0607601067959,756.2563966408754,761.1166562593901,30890544
2024-04-08,761.1167602539062,769.8652287625719,761.1167602539062,766.9490725930166,32202226
2024-04-09,796.110595703125,797.0826477125305,769.8651914491759,772.7813474773924,56857731
2024-04-10,792.2223510742188,796.1105589322517,787.3620912516775,792.2223510742188,27480849
2024-04-11,797.0826416015625,797.0826416015625,788.3341735839844,788.3341735839844,25200651
2024-04-12,795.1385498046875,802.9149659396967,794.1664977878113,799.9988098890682,31508936
2024-04-15,783.4739379882812,789.3062501817424,780.5577818915507,781.5298339237942,38913470
2024-04-16,765.9769287109375,780.557707810765,763.060772890972,779.5856558707765,49508969
2024-04-17,781.52978515625,785.4179930425995,770.837213468789,775.6974733267258,34472074
2024-04-18,781.52978515625,787.3620969857743,769.8651614972015,773.753369383551,43598591
2024-04-19,729.0389404296875,748.4799788411458,725.1507327473959,747.5079269205729,130968654
2024-04-22,721.2625122070312,735.8432907556909,719.3184084005433,719.3184084005433,46540798
2024-04-23,732.9271240234375,739.7314872438143,730.983020246187,739.7314872438143,30423647
2024-04-24,761.1167602539062,763.0608643669431,747.5080314626487,748.480083519167,39457128
2024-04-25,744.591796875,752.3682125081593,743.619744920855,748.4800046915797,28534926
2024-04-26,760.1445922851562,766.9489556432075,760.1445922851562,765.9769037349145,32571247
2024-04-29,772.7813720703125,772.7813720703125,765.0049557475924,767.9211118686123,26765837
2024-04-30,767.9209594726562,779.5855816418612,767.9209594726562,774.7253224046924,39051972
2024-05-02,750.424072265625,766.948954685982,750.424072265625,766.948954685982,40527228
2024-05-03,758.2005004882812,765.9769158779046,751.3961370223608,765.9769158779046,29901556
2024-05-06,764.0327758789062,770.8371390228659,764.0327758789062,768.8930352674489,32599878
2024-05-07,777.6416015625,777.6416015625,769.8651855468751,774.7254455566407,33890214
2024-05-08,779.5856323242188,779.5856323242188,769.8651132179317,771.8092170391891,21757193
2024-05-09,773.7533569335938,779.5856686692741,773.7533569335938,775.6974608454872,21923999
2024-05-10,779.5856323242188,784.4458918773622,775.697424681704,780.5576842348474,25101318
2024-05-13,796.110595703125,801.9429077595581,795.1385436937195,799.9988037407471,34812619
2024-05-14,801.9428100585938,801.9428100585938,788.3340835848722,793.1943430397728,28691846
2024-05-15,815.5516357421875,820.4118957883269,813.6075317237318,814.5795837329597,39467772
2024-05-16,817.4957275390625,832.0765074594976,813.6075195602798,828.1882994807149,43927195
2024-05-17,811.6634521484375,824.3001286489521,810.6914001099364,824.3001286489521,26207289
2024-05-20,811.6634521484375,814.5796082639408,799.0267756479229,810.6914001099364,28808661
2024-05-21,817.4957275390625,817.4957275390625,806.8031555974101,806.8031555974101,19705349
2024-05-22,839.8528442382812,840.8248961413348,819.4397542741564,821.3838580802635,36628342
2024-05-23,850.5454711914062,852.489575125558,842.7690554547991,850.5454711914062,37266618
2024-05-24,842.7691040039062,847.629364119269,834.0206357962533,834.0206357962533,34136382
2024-05-27,844.7131958007812,853.4616638815718,841.797039773851,847.6293518277114,26726954
2024-05-28,840.824951171875,848.6013669052566,840.824951171875,842.7690551052204,25329216
2024-05-29,833.048583984375,843.7411562408839,832.076531961056,836.9367920776509,33436835
2024-05-30,814.5794677734375,824.299986481951,814.5794677734375,817.4956233859915,38065102
2024-05-31,798.0545654296875,822.3558615755367,798.0545654296875,814.579446808865,77438401
2024-06-03,822.35595703125,829.1603207419104,813.6074894032579,815.5515933205895,28345488
2024-06-04,815.5516357421875,827.216259852922,813.6075317237318,820.4118957883269,28223635
2024-06-05,830.1323852539062,833.0485411740019,811.6633977599669,817.4957096001582,31975446
2024-06-06,869.0144653320312,873.8747252052528,860.2659975602322,868.0424133573869,62925136
2024-06-07,854.4337768554688,863.1822455604736,854.4337768554688,860.266089325472,41075399
2024-06-11,858.3219604492188,869.9865850532851,858.3219604492188,867.0704289022685,48228488
2024-06-12,883.59521484375,888.4554745513614,863.1821240717823,863.1821240717823,48106925
2024-06-13,896.7684326171875,912.381375948934,888.9619609513143,900.6716684501241,55857091
2024-06-14,899.6958618164062,899.6958618164062,883.1071094835658,893.8410080518743,38408123
2024-06-17,898.7200317382812,902.6232674895876,890.9135602356686,890.9135602356686,26292426
2024-06-18,920.1878662109375,927.0185290566178,917.2604392770744,921.1636751888918,37876013
2024-06-19,957.2685546875,960.1959814602446,929.9459048085499,929.9459048085499,72228052
2024-06-20,957.2685546875,957.2685546875,947.5104654450178,947.5104654450178,48225374
2024-06-21,946.5347290039062,954.3412009956911,936.7766390141753,937.7524480131484,88376132
2024-06-24,917.2604370117188,936.7766165226063,917.2604370117188,934.8249985715175,66391994
2024-06-25,922.1395263671875,922.1395263671875,900.6717278697503,902.6233459149719,57368432
2024-06-26,936.7766723632812,936.7766723632812,927.9943910598755,927.9943910598755,44967166
2024-06-27,936.7766723632812,937.7524813969931,926.042772992452,927.9943910598755,39729446
2024-06-28,942.6315307617188,947.5105759519968,931.897631343107,932.8734403811627,39138210
2024-07-01,944.5831298828125,953.3654110490783,941.6557028273905,944.5831298828125,19935737
2024-07-02,936.7766723632812,947.5105717341105,935.8008633295696,943.6073355992635,25427569
2024-07-03,955.3170166015625,955.3170166015625,943.6073085329018,952.3895895843973,24070411
2024-07-04,980.68798828125,985.5670329990671,972.8815167327425,975.8089435634329,41893299
2024-07-05,980.68798828125,985.5670329990671,975.8089435634329,980.68798828125,19998094
2024-07-08,1009.9623413085938,1024.5994766898777,975.8090254189311,980.6880705460258,40146763
2024-07-09,1014.84130859375,1029.4784428523137,1000.2041743351863,1005.0832190880409,46373121
2024-07-10,1019.7203979492188,1024.599442915483,990.4461281516335,995.3251731178976,46206302
2024-07-11,1053.8736572265625,1053.8736572265625,1029.4784336796513,1039.2365230984158,41724336
2024-07-12,1014.84130859375,1019.7203533466045,1000.2041743351863,1005.0832190880409,68983062
2024-07-15,1014.84130859375,1019.7203533466045,1000.2041743351863,1014.84130859375,38393309
2024-07-16,1029.478515625,1044.1156509182465,1009.9623352340047,1014.8413803317536,32125609
2024-07-17,1005.0833129882812,1019.7204486143243,995.3252225709193,1009.9623581969622,54022399
2024-07-18,980.68798828125,980.68798828125,962.1476183535448,964.0992362406716,81990095
2024-07-19,946.5347290039062,970.9299539782337,946.5347290039062,964.099290985422,92507621
2024-07-22,916.28466796875,941.6557024385982,915.3088589506789,940.6798934205272,83062356
2024-07-23,955.3170166015625,955.3170166015625,932.873409469963,939.704072510015,47213266
2024-07-26,901.6474609375,907.5023145799513,892.8651804738231,892.8651804738231,82081735
2024-07-29,921.1636962890625,925.0669322902874,913.3572242866129,919.2120782884501,40809258
2024-07-30,917.2604370117188,926.0427177916182,903.5991113540974,907.5023472562749,41761392
2024-07-31,911.4055786132812,917.2604324373494,905.5507247892131,906.5265337598911,39894991
2024-08-01,936.7766723632812,945.558953666687,925.0669639587403,945.558953666687,47382270
2024-08-02,881.155517578125,905.5507423172758,881.155517578125,895.7926524216155,76144485
2024-08-05,795.2843627929688,836.2683422252445,793.3327447247652,831.3892970547355,144057989
2024-08-06,858.7119140625,873.3490489612926,819.6795543323864,847.0022061434659,102930842
2024-08-07,897.7442626953125,897.7442626953125,871.3974202031675,879.2038920526919,59158704
2024-08-08,874.3248901367188,883.1071713992527,865.5426088741847,879.2039352825709,38236391
2024-08-09,911.4055786132812,911.4055786132812,899.6958709651449,904.574915818535,49494621
2024-08-12,917.2604370117188,925.0669088160738,908.4781562318193,919.2120549628074,38331663
2024-08-13,918.236328125,922.1395643763284,914.3330918736717,922.1395643763284,25764381
2024-08-14,925.06689453125,931.897557254582,922.139467649822,927.994321412678,36780856
2024-08-15,920.1878662109375,927.0185290566178,918.2362482550288,922.1394841668462,19476402
2024-08-16,945.5588989257812,945.5588989257812,934.8250001763657,939.7040450624637,44062316
2024-08-19,949.462158203125,951.4137762055981,940.6798771919964,945.558922198179,21348863
2024-08-20,949.462158203125,953.365394208071,944.5831131969425,953.365394208071,24039959
2024-08-21,934.8250122070312,940.6798661456974,932.8733942274758,937.7524391763643,29758188
2024-08-22,927.994384765625,940.6799021178365,925.0669576843454,934.8250479552773,24349754
2024-08-23,926.0427856445312,928.9702127856625,916.2846951740936,921.1637404093124,27592153
2024-08-26,927.0185546875,937.7524537417763,922.1395096628289,933.8492177220395,25057581
2024-08-27,919.2120971679688,923.1153332493615,917.2604791272724,922.1395242290133,18693037
2024-08-28,940.6798706054688,940.6798706054688,920.1878817229845,922.1394997117925,31059233
2024-08-29,920.1878662109375,924.0911021227548,914.3330123432114,919.2120572329832,43530708
2024-08-30,921.1636962890625,928.9701682915122,918.236269288144,921.1636962890625,63834981
2024-09-02,925.06689453125,931.897557254582,920.18784972887,927.018512452202,18646835
2024-09-03,917.2604370117188,928.9701447182513,916.2846280361744,925.0669088160738,19547575
2024-09-04,867.494140625,883.1070835383858,866.5183316929133,872.373185285433,79709021
2024-09-05,880.1796875,892.8652040604213,878.2280695676275,885.0587323309313,30512026
2024-09-06,895.7926635742188,895.7926635742188,881.1555285484961,887.0103825587852,24458336
2024-09-09,877.252197265625,878.2280061613599,869.4457260997463,870.4215349954811,35885268
2024-09-10,882.13134765625,888.9620107465086,879.2039206175677,885.0587746949323,33498628
2024-09-11,879.203857421875,884.0829021356479,878.2280484791205,884.0829021356479,18029342
2024-09-12,921.3509521484375,925.2715944980054,909.589025099734,917.4303097988696,39454846
2024-09-13,928.2120971679688,936.0533820437277,920.3708122922097,936.0533820437277,25347586
2024-09-16,928.2120971679688,933.1129002153181,924.2914547300892,933.1129002153181,13626239
2024-09-18,922.3311157226562,929.1922398566187,914.4898309981279,926.2517580849205,28424324
2024-09-19,940.9541625976562,940.9541625976562,917.4303085327149,921.3509508768718,32739630
2024-09-20,953.6962280273438,962.517673096456,951.7359069008744,961.5375125332213,60133709
2024-09-23,957.6168212890625,957.6168212890625,951.7358582105217,951.7358582105217,14497067
2024-09-24,967.41845703125,967.41845703125,951.7358883255763,956.6366910460993,26785975
2024-09-25,985.0613403320312,985.0613403320312,978.2002165685245,980.1605376438122,39405222
2024-09-26,994.8629760742188,994.8629760742188,985.0613703986106,989.9621732364146,38321585
2024-09-27,980.1605224609375,1004.6645355224609,980.1605224609375,999.7637329101562,35783779
2024-09-30,938.0135498046875,970.3588446255388,938.0135498046875,958.5969192361383,61603217
2024-10-01,952.716064453125,957.6168672538098,947.8152616524402,947.8152616524402,26760355
2024-10-04,957.6168212890625,966.4382659068738,947.8152161581612,966.4382659068738,40934818
2024-10-07,985.0613403320312,989.9621430202503,969.3787717297303,973.2994138803055,39667071
2024-10-08,989.9620971679688,989.9620971679688,977.2200107687771,980.1604922455136,30845902
2024-10-09,999.7637939453125,1014.4662026798024,999.7637939453125,1009.5653997683058,46975717
2024-10-11,1024.267822265625,1029.1686252429724,999.7638073788876,1004.664610356235,43058754
2024-10-14,1024.267822265625,1034.06942822032,1014.46621631093,1024.267822265625,36858874
2024-10-15,1048.7718505859375,1053.6726536260587,1029.1686384254526,1029.1686384254526,42850176
2024-10-16,1024.267822265625,1048.7718371523624,1014.46621631093,1019.3670192882776,52652149
2024-10-17,1014.4661865234375,1034.0693978572237,1009.565383689991,1029.1685950237772,54173771
2024-10-18,1063.47412109375,1078.176528297811,1053.6725162910427,1073.2757258964573,85011961
2024-10-21,1063.47412109375,1073.2757258964573,1058.5733186923962,1068.3749234951038,36491060
2024-10-22,1053.672607421875,1053.672607421875,1038.970198946221,1043.8710017714388,41197877
2024-10-23,1038.97021484375,1048.7718206441627,1034.0694119435436,1038.97021484375,31423466
2024-10-24,1038.97021484375,1053.6726235443691,1034.0694119435436,1048.7718206441627,38236996
2024-10-25,1043.87109375,1048.7718970070423,1038.9702904929577,1043.87109375,22009575
2024-10-28,1029.16845703125,1058.5732700892856,1029.16845703125,1053.6724679129463,40142324
2024-10-29,1019.366943359375,1019.366943359375,999.7637329101562,1014.4661407470703,45415773
2024-10-30,1009.5654296875,1034.0694449711773,1009.5654296875,1019.3670358009709,38201984
2024-11-01,1004.6646118164062,1009.5654148008765,976.2399545064786,976.2399545064786,54480255
2024-11-04,1019.366943359375,1024.2677459716797,1004.6645355224609,1009.5653381347656,26747978
2024-11-05,1029.16845703125,1034.0692592075893,1009.5652483258929,1009.5652483258929,32385622
2024-11-06,1038.97021484375,1058.5734264445755,1019.3670032429245,1029.1686090433373,55349259
2024-11-07,1043.87109375,1053.6727002640844,1029.168683978873,1029.168683978873,43975446
2024-11-08,1068.3751220703125,1068.3751220703125,1058.5735154458143,1063.4743187580634,37099479
2024-11-11,1063.47412109375,1068.3749234951038,1048.771713889689,1058.5733186923962,34690205
2024-11-12,1029.16845703125,1043.870863560268,1029.16845703125,1038.9700613839286,51099848
2024-11-13,1014.4661865234375,1029.1685950237772,1014.4661865234375,1024.2677921903307,42331232
2024-11-14,1014.4661865234375,1019.3669893568841,1004.6645808565444,1009.565383689991,44627940
2024-11-15,1014.4661865234375,1024.2677921903307,1009.565383689991,1019.3669893568841,34791611
2024-11-18,1004.6646118164062,1014.4662177853468,999.763808831936,1009.5654148008765,31815076
2024-11-19,1019.366943359375,1024.2677459716797,1004.6645355224609,1009.5653381347656,24349599
2024-11-20,1004.6646118164062,1004.6646118164062,1004.6646118164062,1004.6646118164062,40203197
2024-11-21,989.9620971679688,1004.6645045516515,989.9620971679688,999.7637020904239,41429227
2024-11-22,1019.366943359375,1029.1685485839844,1014.4661407470703,1014.4661407470703,25187973
2024-11-25,1009.5654296875,1029.1686419144419,1009.5654296875,1024.2678388577065,49566674
2024-11-26,989.9620971679688,999.7637020904239,989.9620971679688,994.8628996291964,27312402
2024-11-27,980.1605224609375,999.7637329101562,980.1605224609375,989.9621276855469,31276090
2024-11-28,985.0613403320312,985.0613403320312,972.3192533426617,985.0613403320312,33689956
2024-11-29,976.2398681640625,989.9621153069309,974.2795471436527,975.2597076538576,40094983
2024-12-02,1014.4661865234375,1019.3669893568841,994.8629751896513,999.7637780230979,31168404
2024-12-03,1034.0694580078125,1043.8710642448534,1034.0694580078125,1038.9702611263328,43414538
2024-12-04,1048.7718505859375,1048.7718505859375,1034.0694414655738,1043.8710475458163,33466290
2024-12-05,1053.672607421875,1058.573410247093,1048.771804596657,1048.771804596657,31425359
2024-12-06,1043.87109375,1058.5735035211267,1038.9702904929577,1053.6727002640844,30765288
2024-12-09,1053.672607421875,1053.672607421875,1043.8710017714388,1048.771804596657,22247131
2024-12-10,1043.87109375,1053.6727002640844,1038.9702904929577,1048.7718970070423,28506584
2024-12-11,1024.267822265625,1038.9702311976675,1024.267822265625,1024.267822265625,25264194
2024-12-12,1042.9619140625,1047.8815457326061,1038.0422823923939,1042.9619140625,22791260
2024-12-13,1047.8817138671875,1052.801346326658,1038.0424489482468,1042.962081407717,20423659
2024-12-16,1067.56005859375,1067.56005859375,1057.7207953809045,1067.56005859375,39722392
2024-12-17,1057.720947265625,1077.3994765170785,1057.720947265625,1072.4798442042152,37880707
2024-12-18,1067.56005859375,1072.4796902001729,1052.8011637744817,1057.7207953809045,41863190
2024-12-19,1052.80126953125,1052.80126953125,1038.04237322941,1047.8816374306366,42702851
2024-12-20,1018.3638916015625,1042.9620532344504,1018.3638916015625,1042.9620532344504,52030520
2024-12-23,1062.6405029296875,1062.6405029296875,1042.9619750976562,1047.881607055664,30728473
2024-12-24,1062.6405029296875,1077.399398803711,1062.6405029296875,1077.399398803711,26461906
2024-12-25,1067.56005859375,1072.4796902001729,1062.6404269873271,1072.4796902001729,15481622
2024-12-26,1067.56005859375,1072.4796902001729,1067.56005859375,1067.56005859375,14374900
2024-12-27,1072.4798583984375,1077.399490776412,1062.6405936424885,1062.6405936424885,24948385
2024-12-30,1072.4798583984375,1077.399490776412,1067.560226020463,1072.4798583984375,23954634
2024-12-31,1057.720947265625,1067.5602118913519,1057.720947265625,1062.6405795784883,28397820
2025-01-02,1047.8817138671875,1057.7209787861282,1038.0424489482468,1052.801346326658,43177098
2025-01-03,1057.720947265625,1067.5602118913519,1057.720947265625,1062.6405795784883,30415096
2025-01-06,1106.917236328125,1106.917236328125,1077.399443359375,1082.3190755208334,69289786
2025-01-07,1111.8367919921875,1141.354582930033,1111.8367919921875,1131.5153192840846,48758688
2025-01-08,1087.2386474609375,1111.836806905755,1087.2386474609375,1092.158279349901,45211419
2025-01-09,1082.319091796875,1097.0779885031961,1082.319091796875,1082.319091796875,27263215
2025-01-10,1082.319091796875,1092.1583562677556,1082.319091796875,1082.319091796875,22021522
2025-01-13,1057.720947265625,1097.078005768532,1052.8013149527617,1092.1583734556687,56690300
2025-01-14,1072.4798583984375,1072.4798583984375,1057.720961264514,1067.560226020463,28695247
2025-01-15,1047.8817138671875,1067.560243705069,1047.8817138671875,1067.560243705069,35489482
2025-01-16,1087.2386474609375,1097.0779112388645,1072.479751794047,1077.3993836830105,47542962
2025-01-17,1101.9976806640625,1106.917313167027,1077.3995181492396,1106.917313167027,59214050
2025-01-20,1101.9976806640625,1116.7565781729563,1101.9976806640625,1106.917313167027,29834528
2025-01-21,1101.9976806640625,1106.917313167027,1092.1584156581334,1097.078048161098,21904213
2025-01-22,1116.7564697265625,1131.5153658022439,1116.7564697265625,1121.6761017517897,42960405
2025-02-03,1052.80126953125,1057.7209016318632,1042.9620053300234,1047.8816374306366,97946226
2025-02-04,1077.3994140625,1082.3190460901826,1062.640517979452,1067.5601500071348,53308108
2025-02-05,1092.1583251953125,1101.9975893862613,1087.2386930998382,1092.1583251953125,40385340
2025-02-06,1097.0780029296875,1101.9976352298206,1087.2387383294213,1101.9976352298206,29971252
2025-02-07,1106.917236328125,1106.917236328125,1087.2387076822918,1092.15833984375,27883220
2025-02-10,1087.2386474609375,1106.9171750167916,1077.3993836830105,1106.9171750167916,28527108
2025-02-11,1092.1583251953125,1097.0779572907868,1082.3190610043637,1092.1583251953125,18898928
2025-02-12,1082.319091796875,1097.0779885031961,1082.319091796875,1092.1583562677556,24172954
2025-02-13,1072.4798583984375,1077.399490776412,1062.6405936424885,1072.4798583984375,33210403
2025-02-14,1042.9619140625,1052.8011774027123,1042.9619140625,1047.8815457326061,64486940
2025-02-17,1067.56005859375,1067.56005859375,1047.8815321680588,1047.8815321680588,35491271
2025-02-18,1082.319091796875,1082.319091796875,1062.6405628551136,1067.560195090554,21616188
2025-02-19,1072.4798583984375,1077.399490776412,1067.560226020463,1072.4798583984375,26400293
2025-02-20,1062.6405029296875,1067.5601348876953,1052.8012390136719,1062.6405029296875,29643124
2025-02-21,1077.3994140625,1077.3994140625,1062.640517979452,1067.5601500071348,28972910
2025-02-24,1057.720947265625,1067.5602118913519,1057.720947265625,1062.6405795784883,30822970
2025-02-25,1038.0423583984375,1042.961990428762,1033.1227263681133,1038.0423583984375,45158522
2025-02-26,1042.9619140625,1042.9619140625,1028.2030190521816,1028.2030190521816,36768449
2025-02-27,1023.2835083007812,1047.8816695580117,1023.2835083007812,1047.8816695580117,55283596
2025-03-03,1003.60498046875,1003.60498046875,983.9264514399509,983.9264514399509,65621663
2025-03-04,983.9263916015625,993.7656555175781,979.9906860351563,979.9906860351563,64569262
2025-03-05,1003.60498046875,1013.4442449831495,998.6853482115503,1003.60498046875,41994320
2025-03-06,988.8460693359375,1008.5245980789413,988.8460693359375,1003.6049658931903,45187017
2025-03-07,988.8460693359375,993.7657015216885,983.9264371501865,988.8460693359375,40822280
2025-03-10,981.9586181640625,988.8461034618065,976.0550593374248,988.8461034618065,46849886
2025-03-11,955.3925170898438,963.2639281472266,947.5211060324608,953.424664325498,50204233
2025-03-12,972.1193237304688,979.0068088176279,960.3122064381959,964.2479122022868,34184887
2025-03-13,949.489013671875,988.8460712334034,949.489013671875,983.9264390382124,37035693
2025-03-14,943.58544921875,953.4247135484554,939.6497434868679,949.4890078165733,34333748
2025-03-17,954.4086303710938,969.1675267170385,952.4407775249679,961.2961153325347,31491061
2025-03-18,959.845458984375,966.7650451974447,956.8799220359166,964.788020565139,21575327
2025-03-19,941.0637817382812,955.8914673749139,939.0867569867303,953.9144426233629,35245036
2025-03-20,973.6846313476562,973.6846313476562,959.8454589224104,966.7650451350333,28715956
2025-03-21,960.833984375,975.6616693190587,958.8569597157922,973.6846446598508,39214916
2025-03-24,960.833984375,975.6616693190587,960.833984375,974.6731569894547,16121506
2025-03-25,978.627197265625,983.5697588679767,973.6846356632734,977.6386849451548,26167428
2025-03-26,968.7421264648438,983.5698120739995,968.7421264648438,983.5698120739995,21735917
2025-03-27,946.9948120117188,952.9258859909153,946.9948120117188,949.960349001317,34563256
2025-03-28,941.0637817382812,944.0293188656078,935.1327074836282,935.1327074836282,33101234
2025-03-31,899.5462646484375,913.3854379507211,899.5462646484375,909.431388435783,51064611
2025-04-01,933.1556396484375,935.1326643087096,914.3739053758524,918.3279546963967,32197752
2025-04-02,931.1786499023438,941.0637735743431,927.224600433544,938.0982364727433,24849656
2025-04-07,838.2584228515625,838.2584228515625,838.2584228515625,838.2584228515625,23820773
2025-04-08,806.6260986328125,833.3159327787512,787.8443634930779,787.8443634930779,116648736
2025-04-09,775.982177734375,816.5111831956608,771.0396160927547,799.7064736141521,107582838
2025-04-10,853.086181640625,853.086181640625,853.086181640625,853.086181640625,19416428
2025-04-11,878.7874755859375,878.7874755859375,826.3963212484182,838.2584694003093,76103586
2025-04-14,855.0631713867188,892.6266401875226,855.0631713867188,884.7185414926165,66326054
2025-04-15,866.92529296875,868.9023175821337,855.0631452884478,863.9597560486744,30562095
2025-04-16,845.1780395507812,859.0172121282209,842.2125025699013,857.040187474301,42128082
2025-04-17,837.2699584960938,846.166569625332,832.327396757628,839.24698319148,33684502
2025-04-18,840.2354736328125,848.1435722081801,840.2354736328125,843.2010105985753,20101219
2025-04-21,825.4078369140625,837.2699854685161,822.4422997754491,834.3044483299027,18415705
2025-04-22,806.6260986328125,819.4767595178942,806.6260986328125,816.5112223905676,28888527
2025-04-23,862.9712524414062,862.9712524414062,838.2584445249856,843.2010061082698,37863656
2025-04-24,854.0746459960938,875.821917074698,849.1320843873201,875.821917074698,32238198
2025-04-25,877.7988891601562,890.6495485735369,875.8218646350207,889.6610363109692,34640282
2025-04-28,886.695556640625,887.6840689668687,882.7415073356501,887.6840689668687,21830091
2025-04-29,891.6381225585938,891.6381225585938,882.7415115796277,886.6955609036127,24362874
2025-04-30,897.5692138671875,897.5692138671875,888.6726027165216,890.6496274166695,35405654
2025-05-02,939.0867309570312,939.0867309570312,921.2935086862665,927.2245827765214,43873135
2025-05-05,927.224609375,946.0063445329158,912.396923724014,945.0178321561834,52770209
2025-05-06,909.4313354492188,919.3164586606233,905.4772861646569,905.4772861646569,37538894
2025-05-07,917.3394165039062,921.2934657129748,900.5347073653649,914.3738795971049,36907620
2025-05-08,907.454345703125,928.2131052453533,907.454345703125,922.2820310904309,27985917
2025-05-09,938.0982055664062,938.0982055664062,923.2705205469161,927.2245698854468,36383573
2025-05-12,946.0062255859375,950.9487868481419,941.0636643237331,943.0406888286149,23402547
2025-05-13,957.8684692382812,978.6272286335382,957.8684692382812,978.6272286335382,38047856
2025-05-14,987.5238037109375,987.5238037109375,976.6501682346409,978.6271928666948,40475123
2025-05-15,981.5927734375,988.5123599572005,981.5927734375,988.5123599572005,24662270
2025-05-16,986.5353393554688,986.5353393554688,977.6387280787161,979.6157528068834,16878650
2025-05-19,972.6961669921875,982.581290640482,968.7421175328697,981.5927782756526,19906139
2025-05-20,966.7650756835938,982.5812732407896,966.7650756835938,979.6157361988154,20897857
2025-05-21,978.627197265625,987.523808149858,971.7076110223328,974.6731479837438,26248757
2025-05-22,970.7191162109375,976.6501902407396,967.7535791960364,976.6501902407396,18747545
2025-05-23,972.6961669921875,981.5927782756526,963.7995557087223,981.5927782756526,22213030
2025-05-26,964.7880249023438,972.6961234671171,963.7995125817471,963.7995125817471,19329052
2025-05-27,953.9144287109375,963.7995523245223,949.9603792655035,959.8455028790884,26355315
2025-05-28,955.8914184570312,973.6846403104196,955.8914184570312,972.6961279852314,26471533
2025-05-29,955.8914184570312,974.6731526356078,955.8914184570312,974.6731526356078,48602590
2025-06-02,935.1326293945312,949.9603137929646,935.1326293945312,946.9947769132779,33676511
2025-06-03,939.0867309570312,953.9144161826686,939.0867309570312,948.9718544407895,26020787
2025-06-04,978.627197265625,978.627197265625,958.8569508562185,962.8110001380998,37233567
2025-06-05,986.5353393554688,988.512364083636,979.6157528068834,988.512364083636,24414444
2025-06-06,983.5697631835938,985.546787833209,979.6157138843632,985.546787833209,13670307
2025-06-09,993.4548950195312,998.3974566862951,988.5123333527674,993.4548950195312,21674308
2025-06-10,1032.9954833984375,1037.9380455199612,1008.2826727908193,1013.225234912343,44877640
2025-06-11,1052.7657470703125,1057.7083092631308,1042.8806226846757,1052.7657470703125,37178498
2025-06-12,1037.3787841796875,1052.2693887372907,1037.3787841796875,1047.3058538847563,25221606
2025-06-13,1022.4880981445312,1032.4151670585559,1017.5245636875189,1032.4151670585559,28393455
2025-06-16,1017.5245971679688,1022.4881317883003,1007.5975279273057,1022.4881317883003,28580673
2025-06-17,1037.3787841796875,1042.342319032222,1027.4517144746187,1032.415249327153,26517379
2025-06-18,1047.3057861328125,1047.3057861328125,1022.4881134756369,1032.4151825385072,37931721
2025-06-19,1027.45166015625,1037.3787293365037,1022.4881255661232,1037.3787293365037,24002557
2025-06-20,1047.3057861328125,1047.3057861328125,1017.5245789442017,1022.4881134756369,57831332
2025-06-23,1012.56103515625,1022.4881041283701,1007.5975006701899,1017.52456964231,32143872
2025-06-24,1042.3421630859375,1042.3421630859375,1032.4150948660713,1037.3786289760044,28163537
2025-06-25,1062.1964111328125,1062.1964111328125,1047.3058072384272,1052.269341869889,38783736
2025-06-26,1067.159912109375,1072.1234465843024,1057.2328431595204,1067.159912109375,36056692
2025-06-27,1072.1234130859375,1072.1234130859375,1052.2692758065682,1062.1963444462529,32549027
2025-06-30,1052.269287109375,1072.1234246020047,1052.269287109375,1067.1598902288474,32413717
2025-07-01,1077.0869140625,1087.0139823948732,1067.1598457301268,1072.1233798963135,44299887
2025-07-02,1077.0869140625,1077.0869140625,1062.19631156394,1067.1598457301268,23822731
2025-07-03,1082.050537109375,1096.9411408310636,1082.050537109375,1096.9411408310636,36973556
2025-07-04,1077.0869140625,1091.97751656106,1072.1233798963135,1087.0139823948732,20363322
2025-07-07,1072.1234130859375,1077.0869474057797,1062.1963444462529,1072.1234130859375,18829372
2025-07-08,1072.1234130859375,1072.1234130859375,1057.2328101264106,1062.1963444462529,27461252
2025-07-09,1082.050537109375,1082.050537109375,1057.2328642398938,1062.1963988137902,23618216
2025-07-10,1091.9776611328125,1091.9776611328125,1082.0505914861506,1087.0141263094815,22350503
2025-07-11,1091.9776611328125,1091.9776611328125,1082.0505914861506,1087.0141263094815,28249780
2025-07-14,1087.0140380859375,1091.9775725064212,1077.08696924497,1091.9775725064212,25760632
2025-07-15,1101.9046630859375,1106.8681976043426,1082.050525012317,1087.014059530722,45416390
2025-07-16,1121.7587890625,1121.7587890625,1111.8317201327434,1111.8317201327434,31013743
2025-07-17,1121.7587890625,1126.7223235273784,1106.868185667865,1121.7587890625,30648595
2025-07-18,1146.576416015625,1151.5399502840908,1136.6493474786932,1146.576416015625,46645034
2025-07-21,1141.613037109375,1141.613037109375,1126.7224322775137,1136.6495021654212,26749324
2025-07-22,1121.7587890625,1151.5399958517698,1121.7587890625,1136.649392457135,50457506
2025-07-23,1136.6494140625,1136.6494140625,1126.7223449440503,1131.6858795032751,29747757
2025-07-24,1136.6494140625,1146.5764831809497,1136.6494140625,1141.6129486217249,15055463
2025-07-25,1136.6494140625,1146.5764831809497,1131.6858795032751,1141.6129486217249,22476546
2025-07-28,1136.6494140625,1151.5400177401746,1136.6494140625,1146.5764831809497,20606376
2025-07-29,1126.7222900390625,1136.649358673768,1116.795221404357,1136.649358673768,31763255
2025-07-30,1146.576416015625,1151.5399502840908,1136.6493474786932,1141.612881747159,34182363
2025-07-31,1151.5399169921875,1156.5034511171539,1146.5763828672211,1151.5399169921875,33230751
2025-08-04,1126.7222900390625,1126.7222900390625,1116.795221404357,1121.7587557217098,23939021
2025-08-05,1141.613037109375,1141.613037109375,1131.6859672214675,1136.6495021654212,17012960
2025-08-06,1116.7952880859375,1126.722357313368,1116.7952880859375,1121.758822699653,22023406
2025-08-07,1171.3941650390625,1171.3941650390625,1146.5764920509466,1151.54002664857,61370031
2025-08-08,1166.4306640625,1176.357733543883,1161.4671293218084,1171.3941988031916,25958258
2025-08-11,1171.3941650390625,1186.2847688319318,1156.503561246193,1161.4670958438162,35579367
2025-08-12,1171.3941650390625,1181.3212342343088,1161.4670958438162,1171.3941650390625,28917167
2025-08-13,1191.248291015625,1191.248291015625,1176.3576873779298,1176.3576873779298,37809952
2025-08-14,1166.4306640625,1181.3212682845744,1166.4306640625,1176.357733543883,32991791
2025-08-15,1171.3941650390625,1176.3576996366855,1161.4670958438162,1166.4306304414392,22231552
2025-08-18,1171.3941650390625,1176.3576996366855,1161.4670958438162,1161.4670958438162,18219895
2025-08-19,1176.357666015625,1176.357666015625,1166.4305971041008,1171.394131559863,17867547
2025-08-20,1126.7222900390625,1156.5034959431787,1126.7222900390625,1156.5034959431787,66982023
2025-08-21,1141.613037109375,1146.5765720533288,1131.6859672214675,1131.6859672214675,23424804
2025-08-22,1126.7222900390625,1146.5764273084733,1126.7222900390625,1146.5764273084733,19205763
2025-08-25,1161.467041015625,1171.3941097422542,1151.5399722889956,1156.5035066523103,25103514
2025-08-26,1166.4306640625,1176.357733543883,1151.5400598404256,1156.5035945811169,35508897
2025-08-27,1181.3211669921875,1181.3211669921875,1171.3940983620012,1181.3211669921875,21952558
2025-08-28,1151.5399169921875,1176.3575876170191,1151.5399169921875,1176.3575876170191,19975237
2025-08-29,1151.5399169921875,1176.3575876170191,1151.5399169921875,1171.3940534920528,19522740
2025-09-01,1156.5035400390625,1156.5035400390625,1136.6494020126408,1141.6129365192462,22018940
2025-09-02,1151.5399169921875,1166.4305193670866,1146.5763828672211,1161.4669852421202,14037411
2025-09-03,1151.5399169921875,1151.5399169921875,1136.6493146172886,1146.5763828672211,19511981
2025-09-04,1151.5399169921875,1166.4305193670866,1151.5399169921875,1161.4669852421202,24333323
2025-09-05,1171.3941650390625,1171.3941650390625,1161.4670958438162,1166.4306304414392,27133819
2025-09-08,1171.3941650390625,1186.2847688319318,1171.3941650390625,1186.2847688319318,27281959
2025-09-09,1191.248291015625,1191.248291015625,1181.321221923828,1186.2847564697265,31329096
2025-09-10,1216.06591796875,1221.0294523278062,1206.1388492506378,1211.102383609694,39665156
2025-09-11,1230.95654296875,1250.8106807585687,1225.9930085212955,1245.8471463111139,30345708
2025-09-12,1250.810791015625,1250.810791015625,1240.8837212456597,1245.8472561306423,26492972
2025-09-15,1245.84716796875,1250.8107025024901,1240.88363343501,1250.8107025024901,24589707
2025-09-16,1275.74755859375,1280.7309474945068,1255.8140029907227,1260.7973918914795,40130070
2025-09-17,1260.79736328125,1270.7641408565958,1260.79736328125,1265.780752068923,29283972
2025-09-18,1280.73095703125,1280.73095703125,1260.7974012797908,1270.7641791555204,24191307
2025-09-19,1260.79736328125,1285.7143072196147,1260.79736328125,1280.7309184319417,44913316
2025-09-22,1290.69775390625,1290.69775390625,1265.780808850145,1265.780808850145,28859955
2025-09-23,1335.5482177734375,1335.5482177734375,1310.6312734119927,1315.6146622842816,33953781
2025-09-24,1335.5482177734375,1350.4983843903044,1320.5980511565706,1345.5149955180154,44737182
2025-09-25,1315.6146240234375,1325.5814014781606,1315.6146240234375,1315.6146240234375,25861812
2025-09-26,1295.6810302734375,1310.6311960073617,1290.6976416954626,1305.647807429387,25793295
2025-09-30,1300.6644287109375,1315.6145945581898,1300.6644287109375,1305.6478173266883,36642789
2025-10-01,1320.5980224609375,1345.5149662809552,1320.5980224609375,1320.5980224609375,33837323
2025-10-02,1360.465087890625,1365.448476490957,1350.498310689961,1355.4816992902931,29593487
2025-10-03,1395.348876953125,1395.348876953125,1360.465155029297,1360.465155029297,31032341
2025-10-07,1430.2325439453125,1440.199321255036,1415.2823779807275,1415.2823779807275,38395572
2025-10-08,1410.299072265625,1415.28246121356,1400.332294369755,1405.31568331769,23064494
2025-10-09,1435.2159423828125,1450.1661084493,1425.249165005154,1435.2159423828125,39052134
2025-10-13,1410.299072265625,1415.28246121356,1385.3821275259497,1385.3821275259497,53850992
2025-10-14,1420.2657470703125,1455.149467173794,1415.282358484101,1450.1660785875822,39889256
2025-10-15,1460.1329345703125,1460.1329345703125,1420.2658237288024,1430.23260143918,41056405
2025-10-16,1480.0665283203125,1490.0333062887994,1460.1329723833385,1460.1329723833385,37737678
2025-10-17,1445.1827392578125,1460.1329055259969,1445.1827392578125,1450.166128013874,38077331
2025-10-20,1475.0831298828125,1490.033296739733,1450.1661851212787,1455.1495740735854,33015553
2025-10-21,1475.0831298828125,1495.0166856920398,1475.0831298828125,1480.0665188351193,34601251
2025-10-22,1455.1495361328125,1465.116313777558,1450.16614731044,1455.1495361328125,27360948
2025-10-23,1445.1827392578125,1450.166128013874,1430.2325729896284,1435.2159617456898,23570046
2025-10-27,1475.0831298828125,1495.0166856920398,1475.0831298828125,1495.0166856920398,32851952
2025-10-28,1470.0997314453125,1485.0498982057734,1465.1163425251589,1475.0831203654661,28381919
2025-10-29,1500.0,1509.9667774086379,1485.0498338870432,1490.0332225913621,30631103
2025-10-30,1500.0,1514.9501661129568,1495.016611295681,1509.9667774086379,27867757
2025-10-31,1495.0166015625,1519.933544921875,1495.0166015625,1509.966767578125,31928423
2025-11-03,1504.9833984375,1514.950175910596,1485.049843491308,1504.9833984375,29118770
2025-11-04,1500.0,1519.9335548172758,1490.0332225913621,1514.9501661129568,33925673
2025-11-05,1455.1495361328125,1480.0664802446759,1450.16614731044,1475.0830914223031,56305422
2025-11-06,1460.1329345703125,1475.083101135879,1460.1329345703125,1465.1163234255014,27411394
2025-11-07,1455.1495361328125,1460.1329249551852,1450.16614731044,1455.1495361328125,20329390
2025-11-10,1470.0997314453125,1480.0665092856198,1460.1329536050055,1465.1163425251589,25281744
2025-11-11,1460.1329345703125,1490.0332677014453,1460.1329345703125,1485.0498788462564,22444166
2025-11-12,1470.0997314453125,1480.0665092856198,1455.1495646848518,1465.1163425251589,23642502
2025-11-13,1455.1495361328125,1465.116313777558,1455.1495361328125,1455.1495361328125,21255597
2025-11-14,1425.2491455078125,1435.2159227491259,1420.2657568871557,1420.2657568871557,26861702
2025-11-17,1440.1993408203125,1455.1495069879973,1440.1993408203125,1445.182729542874,26602730
2025-11-18,1400.332275390625,1430.232608672987,1400.332275390625,1430.232608672987,42198432
2025-11-19,1390.365478515625,1410.2990337631609,1390.365478515625,1395.348867327509,35591948
2025-11-20,1450.1661376953125,1455.1495264846435,1435.2159713273195,1445.1827489059815,25964403
2025-11-21,1380.398681640625,1400.3322366101647,1380.398681640625,1390.3654591253949,54518246
2025-11-24,1370.431884765625,1400.332216796875,1370.431884765625,1395.348828125,79134658
2025-11-25,1410.299072265625,1420.265850161495,1400.332294369755,1420.265850161495,27427405
2025-11-26,1435.2159423828125,1435.2159423828125,1420.265776316325,1425.249165005154,29213211
2025-11-27,1430.2325439453125,1450.1660985647595,1425.2491552904507,1445.1827099098978,22039774
2025-11-28,1435.2159423828125,1450.1661084493,1430.2325536939834,1435.2159423828125,23152513
2025-12-01,1405.315673828125,1440.199396228114,1405.315673828125,1440.199396228114,30559208
2025-12-02,1425.2491455078125,1435.2159227491259,1415.2823682664991,1425.2491455078125,23544477
2025-12-03,1445.1827392578125,1445.1827392578125,1430.2325729896284,1435.2159617456898,20301540
2025-12-04,1440.1993408203125,1445.182729542874,1425.2491746526275,1440.1993408203125,20696944
2025-12-05,1455.1495361328125,1455.1495361328125,1435.215980843322,1440.1993696656946,21072604
2025-12-08,1490.033203125,1490.033203125,1455.1494826505018,1460.1328712897157,24257260
2025-12-09,1475.0831298828125,1495.0166856920398,1475.0831298828125,1490.033296739733,24235825
2025-12-10,1500.0,1500.0,1480.0664451827242,1485.0498338870432,23319221
2025-12-11,1470.0,1515.0,1465.0,1510.0,28924982
2025-12-12,1480.0,1485.0,1470.0,1475.0,22107664
2025-12-15,1450.0,1455.0,1445.0,1450.0,25889058
2025-12-16,1435.0,1445.0,1425.0,1435.0,32168064
2025-12-17,1430.0,1445.0,1425.0,1435.0,30535812
2025-12-18,1430.0,1435.0,1415.0,1420.0,30534136
2025-12-19,1430.0,1455.0,1430.0,1455.0,38763280
2025-12-22,1465.0,1470.0,1455.0,1465.0,22661665
2025-12-23,1490.0,1490.0,1470.0,1475.0,20739075
2025-12-24,1495.0,1500.0,1485.0,1495.0,12987261
2025-12-26,1510.0,1510.0,1495.0,1505.0,18823612
