date,DayTradingVolume,DT_Buy,DT_Sell
2016-01-05,1523000,50221150,50618900
2016-01-06,3847000,133513000,134094950
2016-01-07,2239000,75327600,73822900
2016-01-08,3758000,122763450,124351900
2016-01-11,2191000,73182900,73561350
2016-01-12,1846000,60171400,60189300
2016-01-13,1377000,45117750,45172000
2016-01-14,1837000,57740450,57634600
2016-01-15,2472000,74543250,74005150
2016-01-18,2418000,74752200,75566650
2016-01-19,4193000,141908100,143895050
2016-01-20,2286000,76866500,75883600
2016-01-21,3267000,109365100,110388750
2016-01-22,3279000,113453050,112227050
2016-01-25,1789000,61896850,62100750
2016-01-26,3726000,132908850,132987050
2016-01-27,3847000,137046400,137475800
2016-01-28,2516000,90881500,90585650
2016-01-29,1761000,60822400,60546300
2016-02-01,1713000,56801300,56569050
2016-02-02,2360000,78379150,77870500
2016-02-03,1235000,40693850,40834250
2016-02-15,1292000,41390500,41141400
2016-02-16,1409000,45025800,45171300
2016-02-17,1099000,35394150,35179850
2016-02-18,2771000,91835100,93067800
2016-02-19,1330000,44195150,44041250
2016-02-22,1383000,46039500,45890300
2016-02-23,391000,12901600,12857600
2016-02-24,625000,20363150,20271050
2016-02-25,553000,17671700,17603650
2016-02-26,1308000,42247750,42334250
2016-03-01,2766000,93601750,94459200
2016-03-02,2712000,95383550,95027850
2016-03-03,806000,27078650,26942800
2016-03-04,1536000,52117600,52485700
2016-03-07,3125000,111531950,111895300
2016-03-08,1196000,41541600,41465850
2016-03-09,2982000,104848950,105063200
2016-03-10,1469000,51726150,51589000
2016-03-11,889000,30868900,30981600
2016-03-14,977000,34270350,34455150
2016-03-15,1103000,38480700,38253900
2016-03-16,883000,30303900,30449900
2016-03-17,837000,28741300,28495050
2016-03-18,1909000,63865200,64197800
2016-03-21,987000,34295700,34377100
2016-03-22,9862000,365073650,368999750
2016-03-23,4351000,165426600,164485600
2016-03-24,4546000,169177300,167449650
2016-03-25,2670000,98795600,99018550
2016-03-28,934000,34492450,34468400
2016-03-29,1389000,49316700,49111700
2016-03-30,784000,27824600,27811600
2016-03-31,1386000,48272250,48492900
2016-04-01,698000,24366000,24425500
2016-04-06,549000,19063000,19097600
2016-04-07,495000,17199250,17190500
2016-04-08,904000,31537250,31490650
2016-04-11,1742000,58431050,58588600
2016-04-12,2180000,69158900,67706550
2016-04-13,863000,27921650,28149900
2016-04-14,460000,15094600,14930750
2016-04-15,673000,21047550,20955700
2016-04-18,872000,27372500,27335650
2016-04-19,1823000,57323800,57761050
2016-04-20,655000,20452250,20399500
2016-04-21,1734000,52495250,52539550
2016-04-22,1651000,49235150,49285700
2016-04-25,763000,23222350,23248850
2016-04-26,701000,21662700,21740050
2016-04-27,857000,26932400,26996600
2016-04-28,512000,15979200,15884650
2016-04-29,573000,17409400,17445200
2016-05-03,876000,25848650,25870650
2016-05-04,1680000,48531150,48577600
2016-05-05,503000,14757150,14842100
2016-05-06,1943000,60337800,60824350
2016-05-09,1720000,55442750,55237300
2016-05-10,1103000,35224700,35250150
2016-05-11,3610000,122919850,123746950
2016-05-12,7842000,284092050,285658150
2016-05-13,2537000,91922950,92001600
2016-05-16,6178000,235880750,236048800
2016-05-17,5531000,218228950,218710500
2016-05-18,4076000,161389750,161535300
2016-05-19,1712000,67213350,67233000
2016-05-20,3209000,125853750,126068150
2016-05-23,3699000,148153550,148529600
2016-05-24,1183000,47293300,47350250
2016-05-25,4970000,205924250,207216100
2016-05-26,2767000,115032650,114819850
2016-05-27,1825000,73903700,74154600
2016-05-30,3751000,161183450,161808750
2016-05-31,1942000,83637400,83314050
2016-06-01,3617000,157241900,156841800
2016-06-02,1607000,67600800,67797700
2016-06-03,1331000,55440050,55418050
2016-06-06,1626000,72006600,71993950
2016-06-07,1915000,85473000,85335900
2016-06-08,2637000,118529700,118635750
2016-06-13,3259000,149988900,150387450
2016-06-14,2323000,107597600,107758850
2016-06-15,4805000,232685300,233195600
2016-06-16,2334000,111962600,111917250
2016-06-17,2849000,132584650,132198150
2016-06-20,2572000,115603150,115688450
2016-06-21,2271000,103846700,104096100
2016-06-22,1257000,57397900,57464100
2016-06-23,1374000,61611800,61697450
2016-06-24,1367000,60606200,60123450
2016-06-27,866000,37752400,37835750
2016-06-28,1724000,74809950,75237050
2016-06-29,1690000,74809600,74148050
2016-06-30,1475000,63421200,63518650
2016-07-01,889000,39012700,38788700
2016-07-04,3225000,148716650,149945650
2016-07-05,3496000,168367100,167780250
2016-07-06,2752000,130825000,131523750
2016-07-07,1463000,69333150,68331750
2016-07-11,2015000,96438400,96191600
2016-07-12,1004000,46430650,46017750
2016-07-13,2128000,100709350,101819950
2016-07-14,2716000,131728000,132486800
2016-07-15,1723000,84564250,84871200
2016-07-18,868000,42766300,42866300
2016-07-19,2227000,112159250,112611000
2016-07-20,1035000,52459800,52586900
2016-07-21,2398000,126591400,126801700
2016-07-22,1009000,52961800,53031000
2016-07-25,1951000,104170700,104419000
2016-07-26,3666000,203707000,204658000
2016-07-27,2583000,146787300,146813300
2016-07-28,2087000,112971200,113255400
2016-07-29,2206000,122388800,122328600
2016-08-01,1161000,63521500,63549500
2016-08-02,4055000,220020800,217444300
2016-08-03,2286000,119588000,120049000
2016-08-04,1016000,53662600,53564300
2016-08-05,2424000,125642900,126072000
2016-08-08,2109000,105650050,106182700
2016-08-09,1707000,87725800,87708300
2016-08-10,2393000,116966450,115937800
2016-08-11,1531000,73786650,73762200
2016-08-12,1253000,61137150,60931050
2016-08-15,990000,48556600,48620150
2016-08-16,1343000,66749000,66960500
2016-08-17,674000,33495050,33596350
2016-08-18,1451000,73479450,72940450
2016-08-19,584000,29268200,29245050
2016-08-22,459000,22834500,22808700
2016-08-23,350000,17480350,17512400
2016-08-24,525000,26054550,26139100
2016-08-25,778000,38401000,38485700
2016-08-26,1195000,61216900,61260100
2016-08-29,629000,31558250,31319750
2016-08-30,716000,35725050,35803800
2016-08-31,682000,34219950,34208300
2016-09-01,817000,40150200,40094850
2016-09-02,1494000,70504200,70206250
2016-09-05,1172000,55306700,55445500
2016-09-06,1632000,79950800,80163250
2016-09-07,963000,47485150,47509100
2016-09-08,551000,27252300,27290650
2016-09-09,620000,30738300,30883300
2016-09-12,1154000,55494500,54833150
2016-09-13,2070000,100217500,100291150
2016-09-14,873000,42738900,42778050
2016-09-19,1250000,63006850,63233550
2016-09-20,585000,29424450,29442900
2016-09-21,1260000,64065200,63850100
2016-09-22,626000,31109900,30966650
2016-09-23,671000,32813300,32806250
2016-09-26,208000,10030200,10032650
2016-09-27,0,0,0
2016-09-28,0,0,0
2016-09-29,465000,22461100,22382650
2016-09-30,555000,26536100,26606550
2016-10-03,352000,16992400,16932950
2016-10-04,608000,29126100,29034900
2016-10-05,1335000,61781850,61686900
2016-10-06,978000,45061100,45213300
2016-10-07,382000,17803150,17883700
2016-10-11,1279000,60807450,61016400
2016-10-12,479000,22935900,22973900
2016-10-13,668000,32029600,31950600
2016-10-14,614000,28608800,28455450
2016-10-17,769000,35146850,35349150
2016-10-18,339000,15874550,15875000
2016-10-19,350000,16374350,16337450
2016-10-20,755000,34817000,34830450
2016-10-21,506000,23350100,23420700
2016-10-24,298000,13872200,13922800
2016-10-25,358000,16822750,16811200
2016-10-26,208000,9731400,9740900
2016-10-27,1011000,48631350,49016800
2016-10-28,2721000,134104450,134642350
2016-10-31,1122000,55851600,56115550
2016-11-01,1083000,54455300,54339050
2016-11-02,696000,33943950,33870850
2016-11-03,798000,37738900,37588950
2016-11-04,892000,41740000,41942550
2016-11-07,621000,30256850,30567550
2016-11-08,1300000,64595400,64597250
2016-11-09,1511000,73763150,72943600
2016-11-10,2447000,117732350,118665650
2016-11-11,2287000,105591650,105766500
2016-11-14,1854000,82032000,82279800
2016-11-15,1331000,58040050,58246450
2016-11-16,1379000,61055200,60751750
2016-11-17,2196000,93190650,93168050
2016-11-18,948000,40305300,40455000
2016-11-21,338000,14491450,14488000
2016-11-22,888000,39082700,39265200
2016-11-23,522000,23143500,23066500
2016-11-24,1130000,48472700,48464350
2016-11-25,729000,31297750,31322450
2016-11-28,294000,12933800,12950500
2016-11-29,278000,12241000,12301850
2016-11-30,221000,9685350,9674500
2016-12-01,624000,27582550,27916550
2016-12-02,353000,15660650,15666000
2016-12-05,374000,16588700,16642350
2016-12-06,379000,17132300,17126000
2016-12-07,508000,22904300,22927150
2016-12-08,875000,40120700,40269050
2016-12-09,1221000,56629700,57159350
2016-12-12,570000,26594200,26429300
2016-12-13,268000,12441350,12498250
2016-12-14,524000,24699500,24704450
2016-12-15,184000,8615500,8635050
2016-12-16,488000,23100450,23135100
2016-12-19,293000,13805600,13860800
2016-12-20,467000,22257100,22362550
2016-12-21,1317000,64507450,64840300
2016-12-22,1134000,56075300,56177150
2016-12-23,607000,29976350,29868400
2016-12-26,565000,28058950,28058550
2016-12-27,1214000,61772800,61785300
2016-12-28,1130000,57529400,57709300
2016-12-29,484000,24629000,24700600
2016-12-30,379000,19372400,19407300
2017-01-03,338000,17332400,17378600
2017-01-04,1380000,73067400,73433500
2017-01-05,586000,31396000,31448000
2017-01-06,544000,29615900,29621000
2017-01-09,486000,26008500,26013500
2017-01-10,1983000,108868300,109193000
2017-01-11,1811000,102535300,102647400
2017-01-12,651000,36586000,36697900
2017-01-13,834000,47176600,47220200
2017-01-16,737000,41345500,41565000
2017-01-17,720000,40781500,40647100
2017-01-18,636000,34848300,34782100
2017-01-19,579000,31746600,31805100
2017-01-20,263000,14422700,14350400
2017-01-23,1124000,63385100,63626800
2017-01-24,456000,25838000,25830400
2017-02-02,347000,19684000,19710200
2017-02-03,438000,24549700,24554500
2017-02-06,558000,30607100,30575200
2017-02-07,702000,37966100,38114700
2017-02-08,2113000,120430900,122456500
2017-02-09,3094000,185104500,186742900
2017-02-10,944000,56349500,56338300
2017-02-13,813000,48448000,48409600
2017-02-14,429000,25022800,24974000
2017-02-15,561000,32940400,32960600
2017-02-16,299000,17464300,17446500
2017-02-17,332000,19086300,19084600
2017-02-20,294000,16923700,16813500
2017-02-21,1023000,56711700,56494700
2017-02-22,762000,42676400,43001000
2017-02-23,442000,25095700,25135800
2017-02-24,270000,15196300,15283500
2017-03-01,531000,30405900,30549800
2017-03-02,894000,51672100,51817900
2017-03-03,3231000,195724200,197187400
2017-03-06,1181000,72539000,72458200
2017-03-07,365000,22188800,22254200
2017-03-08,757000,46687800,46822900
2017-03-09,653000,39229300,39072800
2017-03-10,1089000,63434600,63742300
2017-03-13,884000,51858900,52222800
2017-03-14,451000,26753400,26845300
2017-03-15,805000,48370000,48250400
2017-03-16,1124000,68360400,68442500
2017-03-17,776000,47479300,47513400
2017-03-20,2337000,148825800,149274300
2017-03-21,3512000,231363600,232823900
2017-03-22,1858000,119632800,120410100
2017-03-23,961000,61903700,61658700
2017-03-24,1033000,66200500,66395500
2017-03-27,646000,41559600,41358300
2017-03-28,1062000,67483200,67363300
2017-03-29,1098000,71819800,72012300
2017-03-30,1802000,120408800,120942600
2017-03-31,1658000,113423800,112916600
2017-04-05,1254000,86215700,86639900
2017-04-06,1196000,84106000,83943500
2017-04-07,1301000,91625200,92020100
2017-04-10,514000,36349700,35930000
2017-04-11,1064000,72682300,71247500
2017-04-12,1518000,104149900,105463000
2017-04-13,695000,47910100,48561400
2017-04-14,468000,32274500,32078800
2017-04-17,667000,45195100,45360700
2017-04-18,636000,43917900,43957700
2017-04-19,348000,23977300,23985800
2017-04-20,883000,59509400,59348500
2017-04-21,1124000,74956900,75018500
2017-04-24,624000,40822500,40772000
2017-04-25,1090000,72166900,72666100
2017-04-26,1059000,72180500,72572100
2017-04-27,686000,46776100,46773500
2017-04-28,1358000,92567100,93197700
2017-05-02,1491000,99225900,98298000
2017-05-03,4036000,253219900,253118700
2017-05-04,6126000,378444800,381704200
2017-05-05,1322000,84617900,84670000
2017-05-08,1630000,104888200,105138700
2017-05-09,1025000,65841700,65795900
2017-05-10,3881000,257589900,257757000
2017-05-11,1926000,128129800,128212300
2017-05-12,950000,63012500,63012200
2017-05-15,982000,65476000,65594000
2017-05-16,923000,60970700,60879400
2017-05-17,852000,55121700,55148600
2017-05-18,1504000,96665000,96934800
2017-05-19,431000,28113600,28132500
2017-05-22,283000,18465800,18460600
2017-05-23,1012000,66775600,67009700
2017-05-24,1251000,81786800,82120900
2017-05-25,3657000,247051700,248431900
2017-05-26,1337000,90656500,90624600
2017-05-31,526000,35483300,35551600
2017-06-01,792000,53709200,53689300
2017-06-02,447000,30428900,30456100
2017-06-05,1323000,93624000,93609300
2017-06-06,908000,64479700,64615700
2017-06-07,1490000,105765400,105668700
2017-06-08,623000,43483200,43535100
2017-06-09,1395000,99052400,99308400
2017-06-12,10060000,761486300,769626000
2017-06-13,6473000,507771300,507437400
2017-06-14,3358000,253365400,252329700
2017-06-15,3355000,247294000,247831600
2017-06-16,4912000,371584100,373246300
2017-06-19,1858000,142133500,142337400
2017-06-20,1143000,87560800,87656700
2017-06-21,1874000,144489300,144728000
2017-06-22,8242000,672075200,674488700
2017-06-23,4124000,338300100,338220400
2017-06-26,1601000,130255800,130394400
2017-06-27,1505000,122355500,122558000
2017-06-28,2799000,221880900,221095300
2017-06-29,1064000,83430000,83491000
2017-06-30,1411000,108787700,109009800
2017-07-03,940000,73282400,73364700
2017-07-04,1096000,84149900,83795600
2017-07-05,1133000,86449700,86519600
2017-07-06,454000,35192400,34739500
2017-07-07,292000,22253300,22356200
2017-07-10,449000,34154700,34012100
2017-07-11,995000,73609900,73063700
2017-07-12,971000,72928300,73164800
2017-07-13,3936000,310031300,311444600
2017-07-14,1357000,107499100,107499900
2017-07-17,4254000,347657700,349553800
2017-07-18,2310000,192100700,192361800
2017-07-19,1427000,118646100,118750600
2017-07-20,1395000,114091900,113842000
2017-07-21,1864000,150290000,150754600
2017-07-24,1638000,131335000,132360700
2017-07-25,1107000,90551100,90282000
2017-07-26,1158000,94105300,94626600
2017-07-27,1244000,101952400,102102200
2017-07-28,1847000,152156200,152261600
2017-07-31,752000,61120600,60902700
2017-08-01,1058000,85290200,85534300
2017-08-02,2081000,170576200,170714800
2017-08-03,927000,74018800,73802900
2017-08-04,1103000,87039300,87228000
2017-08-07,711000,56268000,56010200
2017-08-08,819000,63933100,64062500
2017-08-09,1365000,106934600,106681800
2017-08-10,3945000,312020300,312609100
2017-08-11,2104000,167346300,167676500
2017-08-14,1352000,107096400,106433700
2017-08-15,785000,61700500,61717600
2017-08-16,981000,76586200,76538100
2017-08-17,803000,62346600,62363000
2017-08-18,1188000,90481600,90631700
2017-08-21,692000,52618300,52494800
2017-08-22,633000,48105800,48144700
2017-08-23,2027000,158071300,159218100
2017-08-24,1207000,95753700,95775800
2017-08-25,548000,42962500,42906700
2017-08-28,682000,53719800,53892200
2017-08-29,343000,26908100,26932500
2017-08-30,740000,58567500,58575200
2017-08-31,506000,39952400,40115500
2017-09-01,12362000,1043615100,1047932500
2017-09-04,2897000,246428400,247109800
2017-09-05,4907000,438559200,439513600
2017-09-06,2799000,248822300,250206800
2017-09-07,3286000,296770200,296387300
2017-09-08,2014000,180031300,180354200
2017-09-11,973000,87659800,87436700
2017-09-12,1874000,170194500,170456800
2017-09-13,3768000,348061300,349162600
2017-09-14,1681000,154551700,155160700
2017-09-15,4819000,459032200,460628700
2017-09-18,1663000,159553300,159518900
2017-09-19,1321000,123944000,123310200
2017-09-20,1192000,110252600,110305100
2017-09-21,823000,76370700,76745700
2017-09-22,540000,50178800,50274600
2017-09-25,940000,85255200,85551600
2017-09-26,1212000,110645500,110903700
2017-09-27,3830000,364023000,364007600
2017-09-28,1437000,137505100,137537800
2017-09-29,8147000,809129600,808267100
2017-10-02,1627000,161074800,161186900
2017-10-03,2629000,262392300,262575000
2017-10-05,1224000,122978100,122951000
2017-10-06,1088000,107199900,106798300
2017-10-11,1144000,111747500,111898600
2017-10-12,1524000,151935700,152169400
2017-10-13,723000,72029400,72048400
2017-10-16,2503000,254018600,253716900
2017-10-17,775000,75681700,75543400
2017-10-18,1159000,110504200,110311000
2017-10-19,1460000,140965400,141520600
2017-10-20,547000,52612400,52597500
2017-10-23,1497000,147793000,147982700
2017-10-24,2755000,275988900,274720000
2017-10-25,954000,93052500,93002900
2017-10-26,1191000,114284700,114936100
2017-10-27,1379000,132193700,131673000
2017-10-30,1615000,155751900,156494000
2017-10-31,817000,79786000,79949600
2017-11-01,597000,58609100,58589100
2017-11-02,1290000,127508400,127652500
2017-11-03,853000,83390000,83256200
2017-11-06,313000,30252300,30244600
2017-11-07,345000,33529000,33578600
2017-11-08,316000,30627800,30562600
2017-11-09,529000,50001700,49898200
2017-11-10,805000,75914800,76269600
2017-11-13,1335000,128499300,128301000
2017-11-14,7342000,732558900,734996100
2017-11-15,4993000,500980800,500036800
2017-11-16,4701000,479236000,480742100
2017-11-17,3012000,316586500,316302000
2017-11-20,1525000,160295500,160024500
2017-11-21,708000,74194000,74312500
2017-11-22,1991000,209042000,209603000
2017-11-23,2755000,294485000,295806000
2017-11-24,2576000,280300000,281196500
2017-11-27,2559000,280499500,280703000
2017-11-28,689000,73219500,73725500
2017-11-29,1801000,197191500,198150500
2017-11-30,1868000,198729500,200710000
2017-12-01,1702000,179970000,180568000
2017-12-04,560000,58520500,58546000
2017-12-05,1199000,121908600,121605600
2017-12-06,983000,99468500,99535500
2017-12-07,1657000,164577800,164780900
2017-12-08,1702000,170157900,171561800
2017-12-11,1440000,145422300,145326200
2017-12-12,1679000,171500600,172342100
2017-12-13,1242000,125656900,124866700
2017-12-14,1521000,150565300,150238900
2017-12-15,4533000,432574800,434669000
2017-12-18,1634000,160591400,161653800
2017-12-19,1008000,99277800,98680800
2017-12-20,1222000,120538000,120738000
2017-12-21,706000,70199000,70325600
2017-12-22,259000,25595800,25599300
2017-12-25,731000,73665400,73794400
2017-12-26,495000,49460500,49443300
2017-12-27,554000,55626300,55693500
2017-12-28,1994000,208495500,209458500
2017-12-29,1809000,192362000,193064500
2018-01-02,2979000,327932500,329238000
2018-01-03,1977000,222496500,223197500
2018-01-04,5583000,662562500,666175500
2018-01-05,3441000,418823000,419622000
2018-01-08,1234000,149086500,149165500
2018-01-09,1114000,132390000,132708500
2018-01-10,2265000,260656000,261852000
2018-01-11,1796000,209056500,209196000
2018-01-12,3609000,396151000,396011500
2018-01-15,2203000,233734500,235731000
2018-01-16,1154000,121632000,121051000
2018-01-17,3090000,329901500,331463000
2018-01-18,1574000,169128500,169426500
2018-01-19,1429000,155660500,156028000
2018-01-22,2946000,331216000,332183000
2018-01-23,1756000,202897000,203797500
2018-01-24,983000,110212000,110374500
2018-01-25,1298000,142898500,142377000
2018-01-26,2408000,267810000,268897000
2018-01-29,1356000,156223500,157126500
2018-01-30,962000,108795000,108928500
2018-01-31,1925000,220647000,222063500
2018-02-01,1012000,117742500,117857000
2018-02-02,767000,87831000,87998000
2018-02-05,1488000,168134500,169409500
2018-02-06,3261000,351995000,351639500
2018-02-07,2145000,237025000,237506000
2018-02-08,2374000,248567500,248469500
2018-02-09,2206000,223321100,224889700
2018-02-12,1328000,137218000,137103500
2018-02-21,1331000,142157500,142957000
2018-02-22,769000,81020500,81121500
2018-02-23,588000,62944000,62962000
2018-02-26,711000,78066500,78125000
2018-02-27,2011000,228011000,228075000
2018-03-01,2009000,229818000,229810500
2018-03-02,1473000,170447500,171078000
2018-03-05,895000,101694000,100989500
2018-03-06,617000,69449000,69526000
2018-03-07,622000,69956500,70053500
2018-03-08,1991000,227854000,227130500
2018-03-09,1198000,136975500,137120500
2018-03-12,795000,92354500,92322500
2018-03-13,350000,40243000,40362000
2018-03-14,437000,49718500,49702500
2018-03-15,325000,36432000,36543500
2018-03-16,636000,70943000,70703000
2018-03-19,324000,35953500,35965000
2018-03-20,386000,42894000,43078500
2018-03-21,1589000,177616000,177461000
2018-03-22,1244000,139258000,138842000
2018-03-23,2232000,233377000,235263500
2018-03-26,4108000,402292700,398828500
2018-03-27,6925000,650463900,652170900
2018-03-28,2765000,254784300,253785100
2018-03-29,5527000,519161200,522990400
2018-03-30,4751000,465194700,465235100
2018-04-02,1306000,123996000,123749900
2018-04-03,1466000,134073400,134525400
2018-04-09,4076000,357750700,356299000
2018-04-10,2366000,202225200,204514800
2018-04-11,1626000,142395200,142825600
2018-04-12,1028000,89694200,89829300
2018-04-13,493000,43007000,43017400
2018-04-16,1008000,86998000,87051100
2018-04-17,3177000,262916100,264239500
2018-04-18,1238000,104709800,104895000
2018-04-19,973000,82263100,82347000
2018-04-20,4581000,360475900,358786600
2018-04-23,10211000,730980100,722017700
2018-04-24,8096000,562662900,562854500
2018-04-25,3220000,226576000,227043000
2018-04-26,9202000,669425300,669775100
2018-04-27,3030000,219294100,219398300
2018-04-30,6034000,415749100,416061500
2018-05-02,5462000,393832900,394952600
2018-05-03,10068000,770129200,774016300
2018-05-04,6608000,506276200,503703200
2018-05-07,2856000,216769200,216971700
2018-05-08,6761000,509685500,511766400
2018-05-09,3443000,262604800,261940300
2018-05-10,2088000,157376900,156797100
2018-05-11,2079000,154485200,154173700
2018-05-14,1739000,127731600,127633300
2018-05-15,3216000,234725000,234418400
2018-05-16,1126000,81474900,81597000
2018-05-17,1220000,89338100,89739700
2018-05-18,1083000,78880600,78497600
2018-05-21,2171000,161263100,162397900
2018-05-22,7417000,585006500,589990300
2018-05-23,10440000,880230700,887499300
2018-05-24,3718000,317520500,317403300
2018-05-25,1944000,164544700,165163200
2018-05-28,1238000,105202600,104749500
2018-05-29,4111000,353705000,353616800
2018-05-30,2498000,207806800,207645100
2018-05-31,1616000,138693300,138869300
2018-06-01,5733000,518932700,520212600
2018-06-04,2985000,269618800,269828900
2018-06-05,1866000,170144700,170387400
2018-06-06,3026000,284326400,284321900
2018-06-07,1460000,135108900,135070400
2018-06-08,1200000,111002500,110715600
2018-06-11,769000,69602400,69974200
2018-06-12,2126000,198040100,197918100
2018-06-13,1489000,133362400,133187000
2018-06-14,1249000,111973700,111862000
2018-06-15,552000,49284600,49212800
2018-06-19,1112000,99639100,99455800
2018-06-20,2554000,214280500,213710700
2018-06-21,1380000,117124300,117706700
2018-06-22,1426000,118597400,119006200
2018-06-25,785000,65151400,65138500
2018-06-26,844000,68116000,68156500
2018-06-27,631000,51029500,51111800
2018-06-28,2101000,174029600,176084200
2018-06-29,4108000,360176800,361703600
2018-07-02,1913000,169849000,169932500
2018-07-03,2983000,267340200,268065900
2018-07-04,2424000,218672700,218197200
2018-07-05,958000,85750600,85744500
2018-07-06,5382000,500558600,504332600
2018-07-09,3270000,314357100,315510200
2018-07-10,2993000,293787400,293713000
2018-07-11,2452000,229885900,230182100
2018-07-12,2088000,194693200,196677200
2018-07-13,6826000,677990700,682241600
2018-07-16,9060000,951493500,956231500
2018-07-17,5779000,608038500,605838500
2018-07-18,4945000,513173000,513433000
2018-07-19,4836000,484408100,485372000
2018-07-20,3277000,331101100,332766400
2018-07-23,3056000,303246000,303560500
2018-07-24,3450000,355169800,358518400
2018-07-25,2397000,245955000,245446000
2018-07-26,2409000,244709600,245201200
2018-07-27,2781000,290290000,291237000
2018-07-30,1986000,206696500,206583000
2018-07-31,1087000,111251000,111202500
2018-08-01,2901000,303564500,303888000
2018-08-02,3591000,366214200,363935500
2018-08-03,2274000,225701000,225717900
2018-08-06,792000,79228200,79155400
2018-08-07,1293000,127125600,126960000
2018-08-08,4410000,445629800,447373900
2018-08-09,905000,90514000,90701800
2018-08-10,2327000,239116600,240421400
2018-08-13,2796000,288804500,289404500
2018-08-14,2161000,227052000,227028500
2018-08-15,15044000,1565263800,1548177200
2018-08-16,10940000,1023190600,1028112900
2018-08-17,4384000,440468600,440656700
2018-08-20,2450000,250880000,250920000
2018-08-21,687000,69953500,69954500
2018-08-22,2025000,202476800,202623500
2018-08-23,1463000,148608700,148956700
2018-08-24,975000,99172000,99444500
2018-08-27,1395000,145688500,145867500
2018-08-28,1293000,136308500,136114000
2018-08-29,642000,67564500,67613000
2018-08-30,1193000,127117500,127247500
2018-08-31,2267000,246332000,246787000
2018-09-03,7640000,845944500,844661000
2018-09-04,1316000,143359000,143443000
2018-09-05,2579000,283975000,284951500
2018-09-06,1719000,186933500,187075000
2018-09-07,3840000,406653000,406643500
2018-09-10,3312000,331888900,330428400
2018-09-11,7107000,670037100,672696700
2018-09-12,3795000,347690300,348246300
2018-09-13,2817000,260785600,261069300
2018-09-14,3959000,377801200,380077700
2018-09-17,1663000,162807500,163099400
2018-09-18,1191000,114985900,115076500
2018-09-19,4901000,464790600,466495300
2018-09-20,9291000,849802600,844999900
2018-09-21,7138000,630568300,629872100
2018-09-25,2964000,268781600,269384900
2018-09-26,6229000,549131800,549388200
2018-09-27,9272000,777150000,777749700
2018-09-28,6730000,568649600,570081300
2018-10-01,3522000,300822300,301152900
2018-10-02,3407000,298408100,298806200
2018-10-03,4581000,390938800,390523300
2018-10-04,3510000,293272100,293338400
2018-10-05,4749000,386885200,387893100
2018-10-08,2201000,184001700,184212800
2018-10-09,3155000,260689100,260936900
2018-10-11,7759000,611073000,611096400
2018-10-12,4927000,406341700,407262800
2018-10-15,2532000,211497100,211872800
2018-10-16,3122000,267845100,268709800
2018-10-17,5214000,466810800,468182800
2018-10-18,5025000,453187600,453796500
2018-10-19,2925000,257651800,257515100
2018-10-22,2439000,214931200,215858300
2018-10-23,2182000,191860700,191889800
2018-10-24,3568000,317964000,318753000
2018-10-25,3614000,308620800,309314300
2018-10-26,3853000,330802200,330173900
2018-10-29,5785000,461223200,463725800
2018-10-30,4558000,353629400,354566200
2018-10-31,3053000,255003300,255170500
2018-11-01,3571000,315960600,316976400
2018-11-02,3114000,277949400,277867800
2018-11-05,1834000,164143700,164215300
2018-11-06,2184000,195824400,195074800
2018-11-07,2121000,190925700,191329700
2018-11-08,1543000,141337000,140733600
2018-11-09,1443000,131410200,131491800
2018-11-12,1698000,155270300,155287200
2018-11-13,1957000,175991300,176925700
2018-11-14,2462000,230460800,230594500
2018-11-15,1534000,143627800,143691200
2018-11-16,922000,87616000,87738300
2018-11-19,3777000,372438000,374320900
2018-11-20,4090000,396059900,392796800
2018-11-21,5233000,496978200,497945900
2018-11-22,2565000,242750700,242360400
2018-11-23,1000000,93163000,93139300
2018-11-26,1012000,94593000,94684500
2018-11-27,1472000,140998300,141846600
2018-11-28,2436000,235958200,235844800
2018-11-29,3316000,324087700,323951000
2018-11-30,1283000,125391900,125402700
2018-12-03,2567000,260714100,262452300
2018-12-04,1416000,144508500,144957000
2018-12-05,3779000,381509400,380972500
2018-12-06,2641000,255316700,256425000
2018-12-07,5775000,569752200,569082500
2018-12-10,3338000,310897100,312068100
2018-12-11,3595000,347087600,348139200
2018-12-12,2523000,250988100,250899900
2018-12-13,2473000,247385700,246843100
2018-12-14,1040000,102978300,103032900
2018-12-17,1680000,165516100,165153500
2018-12-18,1685000,162993500,163567500
2018-12-19,1747000,167232600,167181300
2018-12-20,1407000,134415300,134708800
2018-12-21,1776000,173573000,173764100
2018-12-24,1371000,131427800,131497500
2018-12-25,2096000,193133700,193422100
2018-12-26,3542000,331448400,333039000
2018-12-27,8130000,801388700,802274800
2018-12-28,2238000,220073000,220290400
2019-01-02,4915000,486219900,484027800
2019-01-03,3727000,371251600,371455000
2019-01-04,3151000,315075700,315218900
2019-01-07,3070000,310973900,310453000
2019-01-08,3019000,305511700,306180900
2019-01-09,3966000,410578000,409739000
2019-01-10,1090000,109871600,110254900
2019-01-11,1567000,159498500,159553500
2019-01-14,2007000,209101500,209194000
2019-01-15,13853000,1525673500,1532879500
2019-01-16,5395000,592876500,594243500
2019-01-17,4558000,488680000,486999500
2019-01-18,2065000,219089500,219325000
2019-01-21,1815000,193596000,193993000
2019-01-22,4759000,504178000,504236000
2019-01-23,3419000,362884500,362811000
2019-01-24,1367000,146604500,146655500
2019-01-25,1770000,189316000,189448000
2019-01-28,711000,75818500,75830500
2019-01-29,1521000,158615000,158631500
2019-01-30,4183000,448577000,449334500
2019-02-11,4360000,477655500,477587000
2019-02-12,1323000,145028000,145034500
2019-02-13,2157000,232998500,232746500
2019-02-14,1705000,177224500,177751500
2019-02-15,3491000,355173200,354353700
2019-02-18,1553000,155894900,156206500
2019-02-19,1119000,113483500,113666500
2019-02-20,750000,76149000,76275500
2019-02-21,1967000,197776300,198904800
2019-02-22,3450000,358334500,360111500
2019-02-25,3286000,353165500,354398000
2019-02-26,1187000,128332500,128489500
2019-02-27,1651000,177603500,178012000
2019-03-04,2832000,309397000,308904500
2019-03-05,1128000,120996500,121277000
2019-03-06,786000,83378500,83417500
2019-03-07,1545000,162188500,162662000
2019-03-08,1366000,145426000,145779500
2019-03-11,582000,62602500,62744000
2019-03-12,702000,75880500,75235500
2019-03-13,1094000,118555500,118767000
2019-03-14,987000,107732000,107817500
2019-03-15,1518000,167370500,168030000
2019-03-18,7720000,894508500,900759000
2019-03-19,4693000,555891000,557696500
2019-03-20,3105000,371864000,372382500
2019-03-21,1513000,181827500,181513000
2019-03-22,4310000,517630000,516966000
2019-03-25,1584000,186564000,187476500
2019-03-26,5024000,616637500,619069500
2019-03-27,1729000,208174500,208430500
2019-03-28,1600000,195623000,196005500
2019-03-29,3438000,429202500,429247500
2019-04-01,3198000,408794000,409278000
2019-04-02,4144000,537058500,538444500
2019-04-03,1149000,146448500,147056000
2019-04-08,762000,99225000,99276500
2019-04-09,1171000,154918000,155365000
2019-04-10,1588000,211458500,211016000
2019-04-11,851000,112023500,111226500
2019-04-12,797000,103617500,104789000
2019-04-15,2013000,267951500,267382000
2019-04-16,728000,96043500,96168000
2019-04-17,952000,126350000,126341000
2019-04-18,901000,117088500,116989500
2019-04-19,840000,108122500,108555000
2019-04-22,890000,116166500,116469500
2019-04-23,4454000,604004000,606567500
2019-04-24,2795000,386484500,387000500
2019-04-25,1099000,148355000,147787000
2019-04-26,2681000,344569000,344753000
2019-04-29,2522000,321262500,323018000
2019-04-30,1423000,183022000,183504000
2019-05-02,1627000,216638000,216355500
2019-05-03,1452000,197077500,197146000
2019-05-06,982000,130447500,130884500
2019-05-07,3800000,517896500,518259500
2019-05-08,2874000,380837000,381596000
2019-05-09,1428000,187969500,187830500
2019-05-10,2931000,379358500,378931500
2019-05-13,1621000,210202000,211088500
2019-05-14,5386000,663433000,667464500
2019-05-15,2184000,282044000,282795000
2019-05-16,1342000,173115000,173129000
2019-05-17,2872000,354836500,354028500
2019-05-20,2342000,278926000,279409000
2019-05-21,1929000,229091500,231143000
2019-05-22,1384000,168075500,168136000
2019-05-23,1812000,214542500,214734500
2019-05-24,1206000,144030000,144557000
2019-05-27,3272000,370583500,372300500
2019-05-28,2082000,238658000,238811500
2019-05-29,1361000,157201500,157259000
2019-05-30,1667000,197257000,197496000
2019-05-31,2185000,262628000,262590000
2019-06-03,1489000,179228000,179639500
2019-06-04,2503000,303182000,303983500
2019-06-05,1034000,123753000,124065500
2019-06-06,2000000,234427500,235245000
2019-06-10,1731000,210317000,211073000
2019-06-11,1782000,219032500,219423000
2019-06-12,1070000,132586500,132567500
2019-06-13,1596000,200401500,200898500
2019-06-14,2507000,306744000,306193500
2019-06-17,1424000,169413500,169554000
2019-06-18,1007000,120614000,121137500
2019-06-19,1912000,237053000,238054000
2019-06-20,1192000,148608000,149038000
2019-06-21,1519000,187233000,187220500
2019-06-24,915000,111106000,111332000
2019-06-25,8510000,1090470500,1091850500
2019-06-26,3551000,456978500,457698000
2019-06-27,2758000,361055000,361041000
2019-06-28,1410000,183050000,183048500
2019-07-01,3178000,428308500,429289000
2019-07-02,2582000,350319500,351529000
2019-07-03,4064000,528295500,526917500
2019-07-04,1105000,142920000,143112000
2019-07-05,976000,126425500,126577000
2019-07-08,608000,79940000,79714500
2019-07-09,289000,37653000,37659000
2019-07-10,447000,58561500,58987500
2019-07-11,693000,90102500,90085500
2019-07-12,263000,34045500,33933000
2019-07-15,1063000,135822500,136261000
2019-07-16,719000,92640000,92745000
2019-07-17,513000,66335500,66585000
2019-07-18,360000,46635500,46510500
2019-07-19,1089000,142276000,142615500
2019-07-22,2689000,361532500,363000500
2019-07-23,2217000,302484000,301725000
2019-07-24,862000,116020500,116374000
2019-07-25,1401000,191317500,191582500
2019-07-26,1247000,169073000,169458500
2019-07-29,609000,83484000,83448000
2019-07-30,2569000,351945000,350242500
2019-07-31,905000,119948500,120526000
2019-08-01,983000,132578500,132750000
2019-08-02,1818000,240027000,241147500
2019-08-05,4130000,565680500,566920000
2019-08-06,4146000,568791000,573078000
2019-08-07,7405000,1065385000,1071422000
2019-08-08,5196000,768085000,769598000
2019-08-09,0,0,0
2019-08-12,6719000,1008756000,1014178000
2019-08-13,3474000,525046500,524056500
2019-08-14,1592000,240863500,240707000
2019-08-15,3126000,472281000,473810000
2019-08-16,1862000,283515500,283509500
2019-08-19,1241000,189505500,189354000
2019-08-20,2166000,332070000,331744500
2019-08-21,1595000,245592500,246101000
2019-08-22,2070000,325710000,324738000
2019-08-23,1018000,156800500,156879500
2019-08-26,2079000,318982000,319423500
2019-08-27,5441000,856727000,857576500
2019-08-28,4857000,777528500,779349000
2019-08-29,2003000,323353000,323607000
2019-08-30,4316000,715855000,716950000
2019-09-02,3806000,628229000,632139500
2019-09-03,2451000,399262500,400073500
2019-09-04,1337000,217396500,217784500
2019-09-05,1538000,250006500,250713000
2019-09-06,1168000,191128000,191778000
2019-09-09,3307000,548982000,550008500
2019-09-10,1937000,323203500,323180000
2019-09-11,2813000,471499000,472774500
2019-09-12,1450000,244404000,244373000
2019-09-16,2033000,347190500,347517500
2019-09-17,1583000,272418000,272849000
2019-09-18,3577000,627027000,627668500
2019-09-19,3845000,662018000,663721000
2019-09-20,1835000,311598500,311666500
2019-09-23,3326000,549290000,548763000
2019-09-24,1782000,294458000,294493500
2019-09-25,1611000,261692500,262155000
2019-09-26,1301000,214151500,214469000
2019-09-27,924000,151914500,151994500
2019-09-30,0,0,0
2019-10-01,1338000,216626500,217292000
2019-10-02,1900000,314545000,315527000
2019-10-03,4185000,714026500,718614500
2019-10-04,1928000,336604000,336822000
2019-10-07,3906000,696730500,697443000
2019-10-08,2359000,422219500,422629500
2019-10-09,3997000,730588000,732140500
2019-10-14,3053000,567945000,568821000
2019-10-15,3722000,713371500,714831500
2019-10-16,3029000,573837000,575162000
2019-10-17,2195000,408574500,409602500
2019-10-18,1381000,261002000,261362000
2019-10-21,713000,133542000,133721500
2019-10-22,1783000,337820500,337995500
2019-10-23,940000,178254500,178450500
2019-10-24,924000,174241000,174724500
2019-10-25,768000,143938500,144138000
2019-10-28,530000,100333000,100374500
2019-10-29,1799000,329974500,331654000
2019-10-30,2493000,457487000,457866000
2019-10-31,1247000,228868500,229261500
2019-11-01,3693000,648864000,649758000
2019-11-04,3867000,662330000,664624500
2019-11-05,1726000,302554500,302958500
2019-11-06,2240000,400596500,401278000
2019-11-07,3950000,684453000,685552500
2019-11-08,7072000,1249615500,1247214500
2019-11-11,2429000,421436500,422243000
2019-11-12,3221000,555922000,556378000
2019-11-13,2691000,473043500,473070000
2019-11-14,1645000,289012000,289626500
2019-11-15,1748000,309592000,309803500
2019-11-18,1964000,340090500,339404000
2019-11-19,1273000,218792500,219149500
2019-11-20,1140000,193512000,193735000
2019-11-21,2202000,367312000,367962000
2019-11-22,2394000,395000500,396013500
2019-11-25,2315000,391609500,392718000
2019-11-26,10594000,1791627500,1797042000
2019-11-27,2509000,414183000,413027000
2019-11-28,2275000,367455000,367194000
2019-11-29,2039000,325842500,326173500
2019-12-02,1460000,229254000,230267000
2019-12-03,1193000,188327500,188369500
2019-12-04,2119000,336220000,336745000
2019-12-05,1773000,286566000,287813000
2019-12-06,2423000,392844000,393368500
2019-12-09,2003000,326837000,328022500
2019-12-10,1182000,194481500,194601500
2019-12-11,922000,151123000,151698500
2019-12-12,1348000,221774500,222453000
2019-12-13,687000,112730000,112866500
2019-12-16,509000,84060000,84207000
2019-12-17,1302000,216921500,216835000
2019-12-18,603000,99722500,99893500
2019-12-19,280000,46588000,46613000
2019-12-20,649000,108681500,108933500
2019-12-23,359000,60459000,60571500
2019-12-24,1185000,192609500,192779500
2019-12-25,904000,143771000,144195500
2019-12-26,797000,126374000,126489000
2019-12-27,1073000,172932000,173210500
2019-12-30,977000,158999000,159602000
2019-12-31,4262000,718741500,719851000
2020-01-02,2343000,404489500,405607000
2020-01-03,1884000,326608500,327606500
2020-01-06,591000,100122500,100224000
2020-01-07,1738000,287732000,288409000
2020-01-08,1486000,240950500,242672500
2020-01-09,2038000,339676000,339742500
2020-01-10,1453000,241990000,242420000
2020-01-13,594000,98798500,98989000
2020-01-14,1665000,283261500,283853500
2020-01-15,994000,166706500,167298000
2020-01-16,715000,120519500,120902500
2020-01-17,1885000,324502500,325074500
2020-01-20,1488000,258301000,259010500
2020-01-30,2320000,378685500,378258500
2020-01-31,1851000,301657500,302316500
2020-02-03,3150000,496350000,499900500
2020-02-04,2086000,347780500,348287500
2020-02-05,1687000,290642500,291645500
2020-02-06,1434000,252040000,252183500
2020-02-07,3236000,571775500,571205500
2020-02-10,3452000,613821000,615881000
2020-02-11,3713000,681177500,681940000
2020-02-12,3663000,678506500,679269000
2020-02-13,1933000,350531500,350661500
2020-02-14,1112000,201154500,201407000
2020-02-17,1111000,201223500,202204000
2020-02-18,1264000,230015000,229596000
2020-02-19,1069000,194946000,195313500
2020-02-20,3334000,616561000,618223500
2020-02-21,2103000,385175500,383931000
2020-02-24,1724000,301552500,302157000
2020-02-25,982000,171875000,172373500
2020-02-26,876000,152072500,152013000
2020-02-27,2744000,457695000,458095000
2020-03-02,1851000,299295500,299936000
2020-03-03,1678000,278415500,278644500
2020-03-04,1250000,207061000,207816000
2020-03-05,2786000,488485500,489123000
2020-03-06,1812000,318727000,319877500
2020-03-09,2097000,359751000,359432500
2020-03-10,1939000,326817000,327987000
2020-03-11,2169000,376235000,376565500
2020-03-12,3861000,637578000,640021000
2020-03-13,6817000,1083228500,1086108000
2020-03-16,2693000,452653500,453426500
2020-03-17,5209000,863959000,866169500
2020-03-18,4806000,813408000,813492000
2020-03-19,4538000,703107000,707736500
2020-03-20,10974000,1674915500,1674550500
2020-03-23,2296000,318915000,318625500
2020-03-24,5390000,763881500,766620500
2020-03-25,4995000,757804000,759957500
2020-03-26,2870000,435302500,435745000
2020-03-27,2887000,455455000,456476000
2020-03-30,1578000,245229500,245576000
2020-03-31,2419000,389562000,390989500
2020-04-01,2678000,440193000,440646500
2020-04-06,2951000,506794500,508723500
2020-04-07,3794000,668466500,670600000
2020-04-08,2309000,407422500,408023000
2020-04-09,1812000,317995000,318331000
2020-04-10,3377000,601442500,602473500
2020-04-13,1058000,189264000,189553500
2020-04-14,606000,109859500,109153500
2020-04-15,1260000,230533500,230724500
2020-04-16,1131000,208612500,210474000
2020-04-17,5875000,1182645500,1189757500
2020-04-20,5963000,1163020000,1161771500
2020-04-21,4908000,917994500,917744000
2020-04-22,3976000,735193500,737705000
2020-04-23,5044000,970277000,972340500
2020-04-24,3332000,643440500,643931500
2020-04-27,3873000,764008000,764302000
2020-04-28,7079000,1471348500,1479651500
2020-04-29,9416000,2091814000,2094073000
2020-04-30,3413000,747578000,748953500
2020-05-04,2313000,482251500,482461000
2020-05-05,2551000,537485500,537863000
2020-05-06,2157000,454698000,456844000
2020-05-07,1134000,240367000,240728000
2020-05-08,1579000,331215000,331075500
2020-05-11,1996000,419699500,419662500
2020-05-12,1671000,340295500,340864500
2020-05-13,1585000,327411000,327827500
2020-05-14,3573000,759575000,760503500
2020-05-15,2737000,580863500,580862500
2020-05-18,4750000,1035529500,1036826500
2020-05-19,3150000,677275000,677972500
2020-05-20,1070000,227550000,228372000
2020-05-21,1127000,245019000,245197000
2020-05-22,1831000,399345500,399580500
2020-05-25,5956000,1342678500,1346362500
2020-05-26,2167000,498583000,498684500
2020-05-27,1534000,352972500,353308500
2020-05-28,5907000,1410844000,1412901500
2020-05-29,2389000,565381000,564954500
2020-06-01,1384000,334912000,335145500
2020-06-02,4162000,954277500,959215000
2020-06-03,2660000,596974500,597545000
2020-06-04,2580000,578000000,579412500
2020-06-05,1419000,318295500,318651000
2020-06-08,4489000,965573500,966195500
2020-06-09,4024000,852942500,854806500
2020-06-10,2585000,554434500,555229500
2020-06-11,2881000,642409500,643734000
2020-06-12,1989000,442001000,443545000
2020-06-15,1451000,323009000,323841000
2020-06-16,1301000,292664000,292697000
2020-06-17,1215000,271360000,272052000
2020-06-18,832000,185218000,185450500
2020-06-19,2722000,624822000,626819500
2020-06-22,842000,192359000,192650500
2020-06-23,943000,215198000,214878000
2020-06-24,1461000,331422000,331183000
2020-06-29,1367000,306202500,306814500
2020-06-30,1261000,287936000,287967000
2020-07-01,1419000,328749500,328797000
2020-07-02,1419000,331870500,331829500
2020-07-03,1903000,462381500,462555000
2020-07-06,2793000,719540000,723491000
2020-07-07,2255000,582476500,584723500
2020-07-08,1313000,334268000,334564000
2020-07-09,1041000,269134000,269824500
2020-07-10,1145000,292512500,293290000
2020-07-13,1355000,353932500,354078500
2020-07-14,876000,225948500,226265500
2020-07-15,1605000,413550500,413067500
2020-07-16,1970000,482638000,484090000
2020-07-17,1246000,297391000,297639500
2020-07-20,496000,117160500,118052000
2020-07-21,399000,97133000,96928500
2020-07-22,581000,143347500,143722500
2020-07-23,334000,80442500,80330000
2020-07-24,548000,132030000,131276000
2020-07-27,779000,185658500,185810000
2020-07-28,1297000,299652500,300903500
2020-07-29,1156000,269409500,270790000
2020-07-30,957000,222831000,223029500
2020-07-31,663000,153199500,153801500
2020-08-03,1604000,378281500,378355000
2020-08-04,1185000,285219500,285912500
2020-08-05,905000,225275500,225441500
2020-08-06,763000,184123000,184275500
2020-08-07,1269000,291345000,291455000
2020-08-10,1224000,271028500,271261000
2020-08-11,2279000,482095500,484376000
2020-08-12,1856000,395517500,396971000
2020-08-13,3006000,649308500,650132500
2020-08-14,2101000,474956500,476337500
2020-08-17,1996000,467643500,469368500
2020-08-18,1387000,327269000,328433500
2020-08-19,1173000,277077000,277486000
2020-08-20,1609000,362749500,363792000
2020-08-21,969000,220341500,220786000
2020-08-24,2287000,542606000,546397500
2020-08-25,2279000,547732000,548438000
2020-08-26,1520000,350191500,350105000
2020-08-27,1857000,436190500,437219500
2020-08-28,1599000,382998000,384082000
2020-08-31,1425000,335988000,336051000
2020-09-01,786000,185568500,186057500
2020-09-02,540000,128786500,128793000
2020-09-03,852000,200863500,200377000
2020-09-04,1832000,416137500,416012500
2020-09-07,722000,163605000,163734500
2020-09-08,712000,158671000,159013500
2020-09-09,1129000,245365500,245657000
2020-09-10,1925000,435696500,437077500
2020-09-11,944000,205361500,205264000
2020-09-14,906000,199097000,199386000
2020-09-15,732000,161720000,161579500
2020-09-16,475000,104853000,104883000
2020-09-17,591000,128500500,128689500
2020-09-18,636000,138919500,139111500
2020-09-21,369000,80556500,80597500
2020-09-22,698000,152462000,152657500
2020-09-23,1966000,414549000,414708500
2020-09-24,2130000,445022500,446748500
2020-09-25,1464000,306910000,307750000
2020-09-28,1539000,334247500,336459000
2020-09-29,1477000,325691000,326641500
2020-09-30,735000,163048000,163375000
2020-10-05,1818000,405777500,406911000
2020-10-06,1036000,230948000,231389000
2020-10-07,969000,214255500,214186500
2020-10-08,692000,151430000,151793000
2020-10-12,739000,161303500,161360500
2020-10-13,814000,176300000,176829500
2020-10-14,460000,101335500,101637500
2020-10-15,274000,60034000,60268500
2020-10-16,440000,96762000,96776000
2020-10-19,256000,56388000,56502000
2020-10-20,359000,79626500,79733000
2020-10-21,331000,72966500,72998500
2020-10-22,491000,105754500,105713500
2020-10-23,718000,150417500,150274500
2020-10-26,582000,123540500,123556500
2020-10-27,388000,81295000,81327000
2020-10-28,253000,52815500,52824000
2020-10-29,619000,127029500,127142500
2020-10-30,400000,83201000,83347500
2020-11-02,372000,77437500,77279000
2020-11-03,180000,37553000,37620500
2020-11-04,388000,81516000,81667000
2020-11-05,195000,41356000,41357000
2020-11-06,262000,55854000,55885500
2020-11-09,296000,64153000,64236000
2020-11-10,852000,187146000,186829000
2020-11-11,769000,165751500,165899000
2020-11-12,4206000,957411500,959843000
2020-11-13,1339000,305461000,305699000
2020-11-16,1410000,333843500,333725500
2020-11-17,1350000,326546500,327023500
2020-11-18,1077000,263086000,262935000
2020-11-19,981000,240217500,240128000
2020-11-20,265000,64489000,64502000
2020-11-23,661000,157358000,157766500
2020-11-24,158000,37341500,37397500
2020-11-25,1046000,240801000,240844000
2020-11-26,1305000,305243500,306325000
2020-11-27,671000,160643000,161088500
2020-11-30,902000,216471500,217597000
2020-12-01,445000,107252500,107748500
2020-12-02,355000,86060000,86396000
2020-12-03,1674000,416827500,418459000
2020-12-04,607000,151314000,151485000
2020-12-07,721000,182470500,183590500
2020-12-08,1101000,285938000,286039500
2020-12-09,406000,105165000,105240500
2020-12-10,2299000,615843500,616051500
2020-12-11,2570000,706073000,706450000
2020-12-14,2257000,640348000,641391000
2020-12-15,2254000,649873500,650549500
2020-12-16,2403000,711570500,714317000
2020-12-17,2669000,776332500,778290000
2020-12-18,1693000,497968000,498532000
2020-12-21,898000,258440000,258695000
2020-12-22,561000,160984500,161187000
2020-12-23,512000,145554000,145878500
2020-12-24,620000,178919000,179248500
2020-12-25,271000,78359500,78357500
2020-12-28,1513000,450288000,451564000
2020-12-29,1103000,335291500,335587500
2020-12-30,1502000,469614000,469514500
2020-12-31,1229000,385973000,387099500
2021-01-04,949000,290154500,290161500
2021-01-05,868000,258405000,258797000
2021-01-06,1059000,311877500,312489000
2021-01-07,701000,207714000,207788500
2021-01-08,396000,116196000,116050500
2021-01-11,889000,260639000,261868000
2021-01-12,686000,198946000,198474000
2021-01-13,864000,250118000,250764500
2021-01-14,671000,191033000,191158500
2021-01-15,783000,220229000,220280000
2021-01-18,947000,263364500,264773000
2021-01-19,384000,108399500,108569500
2021-01-20,773000,217373500,218112500
2021-01-21,918000,263193000,263834500
2021-01-22,933000,268403000,270189500
2021-01-25,490000,142348000,142526500
2021-01-26,1149000,336982000,336466500
2021-01-27,568000,164840000,164582000
2021-01-28,1516000,416829500,417906000
2021-01-29,1294000,354336000,356266500
2021-02-01,1139000,311226500,313414000
2021-02-02,1344000,380948500,385270500
2021-02-03,798000,227178500,227424000
2021-02-04,705000,192732500,192837500
2021-02-05,379000,103504000,103367000
2021-02-17,2123000,562417500,564737500
2021-02-18,619000,169701000,170415500
2021-02-19,574000,158360500,158678000
2021-02-22,602000,165893000,166323000
2021-02-23,271000,73747500,73831000
2021-02-24,690000,187971500,188356000
2021-02-25,323000,87658500,87862000
2021-02-26,844000,221833000,222589500
2021-03-02,628000,169322500,169664000
2021-03-03,916000,239671000,241289500
2021-03-04,799000,205902000,206266000
2021-03-05,919000,229899000,232279500
2021-03-08,691000,180163000,180393000
2021-03-09,432000,109289500,109592000
2021-03-10,707000,181202000,181828000
2021-03-11,354000,89871000,90041500
2021-03-12,748000,194234000,194980500
2021-03-15,228000,59558000,59712000
2021-03-16,275000,72779000,72935500
2021-03-17,364000,96054500,96525500
2021-03-18,618000,163432000,163757500
2021-03-19,1554000,419440000,419929000
2021-03-22,681000,182418500,182889500
2021-03-23,456000,122570500,122761500
2021-03-24,456000,122637500,122944500
2021-03-25,724000,191189000,192959000
2021-03-26,677000,179969000,180851000
2021-03-29,1085000,299394000,300189500
2021-03-30,633000,175750000,175929000
2021-03-31,663000,183887500,184593500
2021-04-01,984000,274809500,276049000
2021-04-06,431000,119304000,119554000
2021-04-07,321000,89534500,89635000
2021-04-08,515000,143377500,143902000
2021-04-09,257000,71935000,72022000
2021-04-12,322000,88112500,87578000
2021-04-13,217000,59060500,58874000
2021-04-14,239000,63754500,63720000
2021-04-15,106000,28272500,28299000
2021-04-16,374000,102115000,102901000
2021-04-19,348000,95494500,95766000
2021-04-20,161000,44183000,44246000
2021-04-21,211000,57503000,57498500
2021-04-22,823000,228578000,228436000
2021-04-23,1568000,448244000,449746500
2021-04-26,1701000,499205500,501061000
2021-04-27,573000,169031500,169833000
2021-04-28,859000,258615000,259508500
2021-04-29,1205000,376355000,377753500
2021-05-03,1221000,380320500,382381000
2021-05-04,1710000,525157500,527400000
2021-05-05,815000,241510500,242742000
2021-05-06,719000,209952000,211163000
2021-05-07,607000,177828500,177988000
2021-05-10,406000,117587000,118008000
2021-05-11,1381000,364850000,366052500
2021-05-12,2308000,607675500,609864500
2021-05-13,957000,253801000,256581500
2021-05-14,1654000,453856000,455651500
2021-05-17,1038000,278532000,279162000
2021-05-18,1224000,349521000,352250500
2021-05-19,981000,291619000,291975500
2021-05-20,612000,180321500,180875000
2021-05-21,628000,186689500,186756500
2021-05-24,522000,157205500,158013500
2021-05-25,612000,186380000,187062000
2021-05-26,369000,110780000,111169500
2021-05-27,292000,86896000,87352000
2021-05-28,581000,169754500,170164000
2021-05-31,522000,156948500,157907000
2021-06-01,289000,88616000,88705500
2021-06-02,367000,111014500,111606000
2021-06-03,486000,142549500,142665500
2021-06-04,208000,60291000,60468500
2021-06-07,924000,264760000,265811500
2021-06-08,460000,132189500,132443000
2021-06-09,293000,83206500,83812000
2021-06-10,471000,136784500,137542500
2021-06-11,340000,100201000,100476000
2021-06-15,352000,104432000,104754000
2021-06-16,386000,114358500,114433000
2021-06-17,320000,93296000,93629000
2021-06-18,695000,204139000,204429500
2021-06-21,320000,93966000,94429500
2021-06-22,412000,122666000,123074000
2021-06-23,1055000,326651500,328008000
2021-06-24,408000,128524500,128611000
2021-06-25,1608000,529037000,534783500
2021-06-28,673000,223316500,223551000
2021-06-29,729000,241036000,241681000
2021-06-30,312000,102814000,103044000
2021-07-01,580000,186429000,187027500
2021-07-02,547000,179374500,179854000
2021-07-05,454000,147125500,147997500
2021-07-06,499000,167312500,167678500
2021-07-07,716000,235758000,237521500
2021-07-08,541000,178746500,179247500
2021-07-09,291000,96263500,96553500
2021-07-12,395000,133227500,134065500
2021-07-13,863000,301199500,301473500
2021-07-14,1268000,422483000,425225500
2021-07-15,515000,174386000,176297000
2021-07-16,436000,150340500,150671000
2021-07-19,482000,163985000,164267000
2021-07-20,385000,132619500,132798500
2021-07-21,453000,155635500,156134500
2021-07-22,355000,122138500,122163500
2021-07-23,404000,136437500,136431000
2021-07-26,181000,61562000,61600000
2021-07-27,275000,92126500,92578000
2021-07-28,290000,95073000,95102000
2021-07-29,408000,136043500,136746500
2021-07-30,220000,72217500,72466500
2021-08-02,846000,267804500,269843000
2021-08-03,353000,116531000,116850500
2021-08-04,98000,32848500,32673000
2021-08-05,66000,22055500,22034000
2021-08-06,88000,29188500,29320500
2021-08-09,360000,115112500,116362500
2021-08-10,55000,17949500,17979500
2021-08-11,139000,45140500,45242500
2021-08-12,171000,56187000,56294500
2021-08-13,867000,259870500,260300500
2021-08-16,3170000,857966500,857209500
2021-08-17,2946000,789304000,793339000
2021-08-18,1782000,494552000,495459500
2021-08-19,1292000,367177000,368336500
2021-08-20,450000,128128000,128210000
2021-08-23,343000,98599500,98855500
2021-08-24,505000,149475500,149766000
2021-08-25,390000,114349000,114625500
2021-08-26,470000,134947500,135327500
2021-08-27,357000,103340500,103747000
2021-08-30,385000,110556000,110801000
2021-08-31,1191000,329675500,331042500
2021-09-01,715000,199024500,199752000
2021-09-02,1920000,550619500,555067000
2021-09-03,880000,248322000,248884500
2021-09-06,565000,162118000,162466500
2021-09-07,1264000,351277000,351705000
2021-09-08,427000,117533500,117880500
2021-09-09,374000,102894000,103277000
2021-09-10,515000,140502500,140870500
2021-09-13,363000,99936500,100062500
2021-09-14,279000,77661500,77707500
2021-09-15,375000,102179000,102135500
2021-09-16,559000,150543000,150524000
2021-09-17,990000,264599500,265057000
2021-09-22,947000,253102500,254514500
2021-09-23,494000,133922500,134345500
2021-09-24,441000,120963500,121053000
2021-09-27,443000,121220500,121296500
2021-09-28,341000,91128500,91357000
2021-09-29,528000,139549000,139970500
2021-09-30,288000,75978500,76109500
2021-10-01,1367000,347073500,348154500
2021-10-04,666000,166185000,167411000
2021-10-05,561000,137170500,137350500
2021-10-06,1088000,254343000,255851000
2021-10-07,1918000,476499000,477255500
2021-10-08,959000,243500000,244593000
2021-10-12,595000,152630000,152763000
2021-10-13,556000,143639000,144562000
2021-10-14,345000,87077000,87172000
2021-10-15,698000,171491000,171996000
2021-10-18,1174000,276533500,278143500
2021-10-19,802000,190577000,191448500
2021-10-20,455000,107424500,107634500
2021-10-21,441000,104337500,104349500
2021-10-22,291000,69493500,69695000
2021-10-25,174000,40908500,41042500
2021-10-26,527000,128060000,128669000
2021-10-27,791000,197697500,198250500
2021-10-28,545000,135573500,136027500
2021-10-29,500000,122396500,122986000
2021-11-01,484000,121344000,121784500
2021-11-02,823000,209420500,209791000
2021-11-03,1017000,263169000,264768500
2021-11-04,1029000,275726000,277304000
2021-11-05,2745000,785400000,788440000
2021-11-08,1819000,517623000,518367000
2021-11-09,803000,229291000,229744500
2021-11-10,1338000,389473500,391395000
2021-11-11,416000,121268500,121431500
2021-11-12,1977000,555434000,558022500
2021-11-15,776000,218234500,218268500
2021-11-16,1042000,302260500,304273000
2021-11-17,670000,196709500,197172500
2021-11-18,326000,95281500,95497000
2021-11-19,416000,121389000,121674000
2021-11-22,270000,78721500,78905000
2021-11-23,325000,95292500,95509500
2021-11-24,979000,296411500,296730000
2021-11-25,332000,100227000,100238500
2021-11-26,340000,101888500,102120500
2021-11-29,556000,161618500,162281500
2021-11-30,651000,189605500,190337000
2021-12-01,314000,91683500,92002000
2021-12-02,456000,131118000,132244500
2021-12-03,533000,148890000,149128000
2021-12-06,585000,164648500,164998500
2021-12-07,768000,220265000,221092500
2021-12-08,501000,147516500,148052500
2021-12-09,724000,217671500,218365500
2021-12-10,607000,183892000,184360500
2021-12-13,395000,118595500,119103500
2021-12-14,962000,284418000,286633000
2021-12-15,580000,170252000,170964000
2021-12-16,1681000,468027000,467847000
2021-12-17,2103000,544520500,544906500
2021-12-20,1543000,400680000,401557500
2021-12-21,264000,68691500,68649000
2021-12-22,484000,125403500,125584500
2021-12-23,801000,208530500,209348500
2021-12-24,245000,63563500,63541000
2021-12-27,285000,74031500,74212000
2021-12-28,359000,93768500,94031000
2021-12-29,214000,55804000,55742500
2021-12-30,143000,37274000,37199000
2022-01-03,195000,50999500,51017000
2022-01-04,493000,130512000,130644500
2022-01-05,1144000,309064500,310451000
2022-01-06,661000,176779000,177267500
2022-01-07,285000,74680000,74823500
2022-01-10,1171000,307020500,307949000
2022-01-11,594000,155713500,155623000
2022-01-12,575000,146844500,146999000
2022-01-13,620000,161818000,162904500
2022-01-14,345000,90225000,90435500
2022-01-17,490000,130404500,130811000
2022-01-18,415000,111850000,112111500
2022-01-19,316000,84636500,84751500
2022-01-20,279000,73810000,73815500
2022-01-21,718000,187226000,187889500
2022-01-24,480000,125092500,125932000
2022-01-25,1782000,486495000,487776000
2022-01-26,1047000,282204000,282835500
2022-02-07,1133000,295445500,296652000
2022-02-08,540000,140750000,140946000
2022-02-09,275000,72318500,72654500
2022-02-10,607000,164090000,164897000
2022-02-11,335000,90508000,90770000
2022-02-14,327000,85243500,85551500
2022-02-15,272000,70649000,70761000
2022-02-16,696000,188164500,188720000
2022-02-17,477000,130080500,130525000
2022-02-18,227000,61889000,62144500
2022-02-21,354000,95777000,96329500
2022-02-22,503000,132861500,133091000
2022-02-23,165000,43818500,43902500
2022-02-24,571000,146617000,147247000
2022-02-25,461000,116724000,117322000
2022-03-01,349000,91362500,92023500
2022-03-02,205000,53696000,53888000
2022-03-03,628000,166006500,166216500
2022-03-04,545000,140183000,140187000
2022-03-07,812000,195230000,197137500
2022-03-08,1513000,347468500,350335500
2022-03-09,758000,173292000,174734500
2022-03-10,682000,160207500,161508500
2022-03-11,587000,136821500,137794000
2022-03-14,603000,138959000,139766500
2022-03-15,519000,115067000,115313000
2022-03-16,777000,169948000,170759000
2022-03-17,743000,173480000,174053500
2022-03-18,1583000,350372500,351450000
2022-03-21,871000,190489000,190768000
2022-03-22,955000,207438500,208745500
2022-03-23,618000,133480000,133962000
2022-03-24,484000,104102500,104603000
2022-03-25,1065000,220233000,221861500
2022-03-28,1707000,341943500,343330500
2022-03-29,696000,142980000,143035000
2022-03-30,1652000,350091000,352296000
2022-03-31,3347000,748262500,747967000
2022-04-01,2561000,581577000,583941500
2022-04-06,2264000,533132500,534697000
2022-04-07,1073000,249635000,250744500
2022-04-08,873000,198529500,199147500
2022-04-11,1267000,279601000,276812500
2022-04-12,919000,198607500,198813500
2022-04-13,483000,105956000,106975500
2022-04-14,401000,90078000,90595000
2022-04-15,276000,62226500,62301500
2022-04-18,404000,89004500,89118500
2022-04-19,500000,112019000,112455000
2022-04-20,540000,120553500,121050000
2022-04-21,362000,82143500,82303500
2022-04-22,421000,93181000,93776500
2022-04-25,467000,98996500,99447500
2022-04-26,929000,203210000,204617500
2022-04-27,1087000,233108500,233774500
2022-04-28,711000,155769000,156091000
2022-04-29,2445000,564720500,567662500
2022-05-03,880000,203685000,204099500
2022-05-04,737000,171992000,172177500
2022-05-05,629000,148065000,147620500
2022-05-06,619000,138923500,139302000
2022-05-09,423000,93012000,93339500
2022-05-10,1245000,257916500,258171500
2022-05-11,1973000,423897000,426769000
2022-05-12,1607000,357030000,358872500
2022-05-13,2429000,557801000,560478000
2022-05-16,1419000,334871500,335402000
2022-05-17,1389000,316785000,316786500
2022-05-18,853000,195338000,195811500
2022-05-19,1477000,337333500,337721000
2022-05-20,968000,213926500,214556500
2022-05-23,812000,175722000,175694000
2022-05-24,778000,166327000,167095000
2022-05-25,789000,166804000,167472000
2022-05-26,1641000,343855000,346694500
2022-05-27,1153000,240422500,241522500
2022-05-30,1398000,304507500,306125500
2022-05-31,2157000,487956000,491472500
2022-06-01,1232000,280273000,281126500
2022-06-02,897000,202734500,203130500
2022-06-06,820000,179457000,179878500
2022-06-07,1121000,247711500,249033000
2022-06-08,1383000,315878500,316351500
2022-06-09,989000,228508500,229447500
2022-06-10,1839000,438137000,442060500
2022-06-13,1391000,330074500,331777000
2022-06-14,1685000,402362500,403054000
2022-06-15,1393000,335071500,335692500
2022-06-16,2977000,736890000,737770500
2022-06-17,1412000,326884500,328864500
2022-06-20,1810000,423403000,424027000
2022-06-21,2738000,672333500,673969000
2022-06-22,1605000,396383000,397815500
2022-06-23,1772000,430098000,430713500
2022-06-24,1146000,278673500,278922500
2022-06-27,1197000,295949500,296437000
2022-06-28,650000,158092000,158535000
2022-06-29,944000,228105000,228992500
2022-06-30,1100000,263060000,263804500
2022-07-01,1700000,376015500,377727500
2022-07-04,2521000,515374000,517841500
2022-07-05,2495000,524239000,525752500
2022-07-06,1893000,398531000,400064500
2022-07-07,2948000,641497000,645033500
2022-07-08,2056000,474319000,475295500
2022-07-11,1503000,338399500,341204000
2022-07-12,1348000,284841000,285461000
2022-07-13,1292000,294197500,294731000
2022-07-14,4341000,1041956000,1049031000
2022-07-15,4673000,1159147500,1161160500
2022-07-18,3258000,839552500,841624000
2022-07-19,1604000,415060000,415877000
2022-07-20,2964000,757081000,756081000
2022-07-21,1638000,414587000,414453000
2022-07-22,1201000,298314500,299002000
2022-07-25,989000,246637500,247050500
2022-07-26,709000,174032000,174221500
2022-07-27,738000,181084500,181177000
2022-07-28,1635000,407241500,408516000
2022-07-29,1688000,422906500,422814000
2022-08-01,1246000,313132000,315950000
2022-08-02,1847000,470781000,472642000
2022-08-03,1161000,298591500,295894000
2022-08-04,1578000,404502000,403571000
2022-08-05,1600000,413927000,414037000
2022-08-08,2338000,613418500,614736000
2022-08-09,6230000,1710241000,1722447500
2022-08-10,3468000,963717000,965729000
2022-08-11,4583000,1263434000,1267278000
2022-08-12,2618000,720561500,722312000
2022-08-15,1492000,414379500,415378000
2022-08-16,1775000,495837500,495469000
2022-08-17,1542000,432745000,435290500
2022-08-18,1563000,443696000,444599500
2022-08-19,3295000,943350000,943276500
2022-08-22,1292000,357982500,358137000
2022-08-23,1420000,390908000,391676500
2022-08-24,945000,259817500,259968500
2022-08-25,1251000,355293500,356818000
2022-08-26,1374000,393375500,394273500
2022-08-29,627000,172998500,173539500
2022-08-30,1540000,438796500,440066500
2022-08-31,1522000,429528000,430159500
2022-09-01,4218000,1116188000,1120206500
2022-09-02,2548000,664744000,666852000
2022-09-05,1619000,428270500,428711000
2022-09-06,1178000,310609500,312072000
2022-09-07,1917000,503327000,504682000
2022-09-08,1500000,404533000,405015000
2022-09-12,2170000,616954500,618165500
2022-09-13,1255000,352850500,353502500
2022-09-14,1352000,382287000,383571000
2022-09-15,1428000,407501000,408490500
2022-09-16,1132000,321471000,321654000
2022-09-19,1087000,304679000,305769500
2022-09-20,1245000,358009500,359490000
2022-09-21,848000,240869000,241252000
2022-09-22,1395000,398040500,398622000
2022-09-23,1132000,320616500,321448000
2022-09-26,1407000,385187500,386080000
2022-09-27,1419000,396029500,396208000
2022-09-28,1810000,485947500,488479000
2022-09-29,1723000,468373500,469284500
2022-09-30,1363000,365953000,366022500
2022-10-03,1150000,306733500,307353000
2022-10-04,1824000,512596500,513506000
2022-10-05,1634000,469337000,469798000
2022-10-06,929000,267157500,267265500
2022-10-07,2064000,592982000,593089000
2022-10-11,1466000,401404000,402989500
2022-10-12,1780000,470279500,471665500
2022-10-13,1427000,368486500,369896000
2022-10-14,2224000,564329500,565601000
2022-10-17,2213000,535762500,539091000
2022-10-18,1576000,392081500,392386000
2022-10-19,1267000,309048500,309490500
2022-10-20,2303000,534315000,535410500
2022-10-21,2018000,459561000,461387500
2022-10-24,1231000,279891500,280244500
2022-10-25,1309000,289982000,290824000
2022-10-26,2561000,542452500,545755000
2022-10-27,5505000,1267315500,1272362500
2022-10-28,1711000,404152500,404954000
2022-10-31,1357000,329799000,329712500
2022-11-01,915000,222600500,222968000
2022-11-02,651000,157397500,157905000
2022-11-03,855000,208928000,209818500
2022-11-04,753000,186180500,186854500
2022-11-07,1007000,249921000,250390500
2022-11-08,734000,184691500,184550000
2022-11-09,816000,206946000,207466500
2022-11-10,2138000,521827000,524256000
2022-11-11,1904000,494593000,495450000
2022-11-14,1212000,310082500,310711000
2022-11-15,977000,248961500,249896500
2022-11-16,1245000,323188000,323699000
2022-11-17,814000,213077000,213314500
2022-11-18,694000,180804500,180632500
2022-11-21,859000,220084500,221040500
2022-11-22,919000,237638000,238446000
2022-11-23,307000,80565500,80649500
2022-11-24,940000,251171500,252108000
2022-11-25,503000,134727500,134951000
2022-11-28,445000,117699000,118420000
2022-11-29,473000,126523000,126671000
2022-11-30,825000,223719000,224144500
2022-12-01,818000,224616500,225098000
2022-12-02,2067000,539432500,538970000
2022-12-05,1149000,295571000,296315500
2022-12-06,1145000,297652500,297811500
2022-12-07,1293000,325277000,326566000
2022-12-08,901000,223303500,223786500
2022-12-09,1179000,292334500,293080500
2022-12-12,538000,133558500,133921500
2022-12-13,742000,186259500,186686500
2022-12-14,705000,179397500,180443000
2022-12-15,681000,177240500,177585500
2022-12-16,420000,107762000,107730000
2022-12-19,253000,64236500,64522000
2022-12-20,459000,115315500,115314000
2022-12-21,498000,125532500,125970500
2022-12-22,337000,85920500,86108500
2022-12-23,1398000,334463000,335218500
2022-12-26,637000,149421500,150268500
2022-12-27,416000,99329000,99469500
2022-12-28,611000,143715500,143812000
2022-12-29,504000,116946500,116998000
2022-12-30,342000,80823000,81064000
2023-01-03,494000,118842000,119338000
2023-01-04,538000,131179000,131248500
2023-01-05,672000,165794500,166429500
2023-01-06,1853000,469801000,470782500
2023-01-09,2636000,650456000,652555500
2023-01-10,1797000,456865500,457036500
2023-01-11,748000,189579000,189829500
2023-01-12,463000,117517000,117800500
2023-01-13,781000,193329000,193160500
2023-01-16,430000,105837500,106007500
2023-01-17,372000,93022500,93261500
2023-01-30,1022000,259838000,261448000
2023-01-31,1338000,332810500,335510500
2023-02-01,1085000,267985000,269119500
2023-02-02,1780000,449321500,452261500
2023-02-03,803000,205124000,205391000
2023-02-06,510000,131028000,131330500
2023-02-07,3079000,818150000,824742500
2023-02-08,1667000,456106000,457080500
2023-02-09,716000,195803500,196120500
2023-02-10,1131000,307602000,308616500
2023-02-13,582000,157505500,157837000
2023-02-14,580000,159404500,160042500
2023-02-15,915000,252095500,252294000
2023-02-16,1005000,281259000,282965500
2023-02-17,1546000,441226000,441120500
2023-02-20,833000,230720500,230850500
2023-02-21,448000,123521500,123709500
2023-02-22,1100000,298715500,300117500
2023-02-23,991000,275305000,277099000
2023-02-24,900000,255353500,256691000
2023-03-01,1021000,286530500,289338500
2023-03-02,595000,170170000,170264000
2023-03-03,532000,152650000,153005500
2023-03-06,1959000,589553500,594941500
2023-03-07,3165000,975359500,975932000
2023-03-08,1070000,318773500,319998500
2023-03-09,779000,237077500,237378000
2023-03-10,1141000,343893500,344407000
2023-03-13,937000,276821000,278809500
2023-03-14,1217000,354500500,355045000
2023-03-15,1762000,532432500,535368000
2023-03-16,1418000,419775000,420155000
2023-03-17,1232000,365035500,366244000
2023-03-20,685000,200984000,201348000
2023-03-21,1835000,556341000,558072500
2023-03-22,1798000,555972000,557086500
2023-03-23,730000,226749000,227451000
2023-03-24,1088000,342863000,342793000
2023-03-27,764000,234939000,235847500
2023-03-28,1368000,418416500,418921000
2023-03-29,560000,171600000,172096500
2023-03-30,1204000,373944000,374046000
2023-03-31,987000,310557500,311708500
2023-04-06,2336000,736849000,738036000
2023-04-07,1263000,395222500,395679500
2023-04-10,468000,143139000,143773500
2023-04-11,423000,131097000,131638500
2023-04-12,401000,125195000,125409000
2023-04-13,529000,163066500,161081500
2023-04-14,610000,188499000,191301500
2023-04-17,370000,115967500,116058500
2023-04-18,780000,243981500,244770500
2023-04-19,806000,256375500,256954500
2023-04-20,1381000,419615500,421795000
2023-04-21,1377000,405518500,406560500
2023-04-24,379000,112326500,112721500
2023-04-25,1020000,295095500,295798500
2023-04-26,1173000,340113500,341355500
2023-04-27,1032000,298699500,299676500
2023-04-28,787000,231543000,233549000
2023-05-02,700000,209144500,209711000
2023-05-03,1248000,364807000,366129000
2023-05-04,566000,167889000,168040000
2023-05-05,1665000,481841500,483603000
2023-05-08,558000,164025000,164269500
2023-05-09,331000,97137500,97173500
2023-05-10,628000,179872000,180212500
2023-05-11,751000,211632500,212082500
2023-05-12,616000,175954000,176503000
2023-05-15,596000,171096500,171654000
2023-05-16,680000,199984000,200670000
2023-05-17,485000,143637000,143892000
2023-05-18,692000,206480500,206406500
2023-05-19,865000,251835500,252909000
2023-05-22,946000,268040000,268660500
2023-05-23,513000,147400000,147648000
2023-05-24,362000,102434500,102623000
2023-05-25,1334000,388832000,392644500
2023-05-26,3014000,964380500,970584000
2023-05-29,2554000,906575000,909122500
2023-05-30,7517000,2699848500,2719187000
2023-05-31,3418000,1205741000,1214303000
2023-06-01,2836000,964331000,966010000
2023-06-02,2502000,853191000,855760000
2023-06-05,805000,276584500,277441500
2023-06-06,1935000,684497500,686454500
2023-06-07,1312000,464185000,465066000
2023-06-08,1317000,452046000,453759000
2023-06-09,779000,268080500,268219500
2023-06-12,890000,309951500,310676000
2023-06-13,874000,311252000,312767500
2023-06-14,1422000,520768500,520413000
2023-06-15,1697000,641441500,642133000
2023-06-16,2156000,784004000,787348500
2023-06-19,517000,187546000,187907000
2023-06-20,683000,245190000,245517000
2023-06-21,733000,260277500,261086500
2023-06-26,1333000,453420000,460598000
2023-06-27,759000,261606000,261871000
2023-06-28,991000,341486500,341773000
2023-06-29,748000,258591500,258795000
2023-06-30,722000,249907500,250682000
2023-07-03,2018000,738545500,744198500
2023-07-04,1186000,440421000,440347000
2023-07-05,843000,313058500,314194500
2023-07-06,1171000,423690500,424948500
2023-07-07,1071000,377438500,379240000
2023-07-10,779000,276976000,277778500
2023-07-11,1008000,371046000,372429500
2023-07-12,2297000,882061500,888899000
2023-07-13,3049000,1249750000,1258571000
2023-07-14,1999000,793508500,799105500
2023-07-17,990000,391568500,391815500
2023-07-18,1246000,489935000,491018500
2023-07-19,1242000,480909500,481657500
2023-07-20,556000,212673000,212960500
2023-07-21,732000,279599500,281939500
2023-07-24,1189000,474201500,476348000
2023-07-25,1397000,559181500,560200000
2023-07-26,746000,297881000,297917500
2023-07-27,2405000,911250500,916041500
2023-07-28,823000,318156000,320532500
2023-07-31,1296000,514521000,507047500
2023-08-01,2472000,999418000,991471500
2023-08-02,1429000,539433000,535913500
2023-08-03,0,0,0
2023-08-04,896000,333228500,334722500
2023-08-07,1205000,466566000,470698000
2023-08-08,1153000,452028000,453660500
2023-08-09,1025000,397250000,396379000
2023-08-10,848000,310157000,310908000
2023-08-11,1347000,512804000,515603000
2023-08-14,1437000,555627000,556864500
2023-08-15,1290000,502730000,502903000
2023-08-16,2319000,910891500,911893000
2023-08-17,1071000,427699500,428245500
2023-08-18,2313000,945469000,949649500
2023-08-21,2762000,1184638000,1199333000
2023-08-22,6473000,3012963500,3020264500
2023-08-23,2178000,1021914000,1022519000
2023-08-24,4026000,2018246500,2029116500
2023-08-25,3282000,1571194500,1575969000
2023-08-28,1917000,914758500,917035000
2023-08-29,1770000,833372500,837014500
2023-08-30,1280000,613013500,612956000
2023-08-31,1587000,765285500,767786000
2023-09-01,1071000,503240500,505649500
2023-09-04,954000,446849500,448570000
2023-09-05,1188000,563025500,563999000
2023-09-06,717000,340111500,340519500
2023-09-07,626000,293960500,294352500
2023-09-08,1216000,558483500,559362500
2023-09-11,569000,258516000,259618500
2023-09-12,922000,416302500,418073500
2023-09-13,1214000,540374000,545023500
2023-09-14,3054000,1454088000,1467570500
2023-09-15,2765000,1363242500,1373830000
2023-09-18,917000,454104500,455066500
2023-09-19,3076000,1577085000,1583554000
2023-09-20,2851000,1363913000,1365948000
2023-09-21,2099000,959307000,961858000
2023-09-22,2109000,962775500,967055500
2023-09-25,2789000,1350746000,1354602000
2023-09-26,1238000,602570000,603952000
2023-09-27,1821000,875239000,881208000
2023-09-28,1696000,828706000,831496500
2023-10-02,1518000,763568500,764922500
2023-10-03,1314000,640220500,640886500
2023-10-04,2164000,1028415000,1037100500
2023-10-05,3189000,1624587000,1632616000
2023-10-06,1883000,979685000,982166000
2023-10-11,2995000,1619618000,1626409000
2023-10-12,1434000,759072000,759086000
2023-10-13,2137000,1162022000,1163971000
2023-10-16,916000,491302000,493229000
2023-10-17,1139000,604042000,605426000
2023-10-18,2727000,1340255500,1343896500
2023-10-19,2596000,1277152000,1282814500
2023-10-20,1519000,757796000,759972000
2023-10-23,1044000,526781500,527786000
2023-10-24,1463000,729947000,734336500
2023-10-25,675000,344205000,344123000
2023-10-26,1041000,517491500,518901500
2023-10-27,0,0,0
2023-10-30,611000,312003000,311932000
2023-10-31,2234000,1150641000,1151400000
2023-11-01,1641000,817213000,817512000
2023-11-02,1519000,777590000,778781000
2023-11-03,1737000,920551000,924494000
2023-11-06,956000,514859000,515982000
2023-11-07,1062000,575890000,578089000
2023-11-08,1233000,682428000,683369000
2023-11-09,666000,367852000,368876000
2023-11-10,934000,511581000,513591000
2023-11-13,1575000,846087000,846853000
2023-11-14,981000,520455000,523618000
2023-11-15,2289000,1242187000,1247046000
2023-11-16,1146000,607195000,608969000
2023-11-17,877000,466435000,469110000
2023-11-20,2439000,1347635000,1350856000
2023-11-21,1933000,1094079000,1097431000
2023-11-22,1082000,602054000,603483000
2023-11-23,959000,529467000,531356000
2023-11-24,741000,401975000,401773000
2023-11-27,659000,351178000,351992000
2023-11-28,996000,529928000,531985000
2023-11-29,1054000,572147000,573501000
2023-11-30,1431000,760758000,763058000
2023-12-01,602000,322616000,322642000
2023-12-04,1189000,620255000,622332000
2023-12-05,736000,386960000,386875000
2023-12-06,585000,311756000,312020000
2023-12-07,613000,323359000,324165000
2023-12-08,531000,284342000,284547000
2023-12-11,566000,300378000,301585000
2023-12-12,1091000,584397000,584425000
2023-12-13,1764000,920199000,924911000
2023-12-14,1209000,645554000,646187000
2023-12-15,1733000,889045000,894425000
2023-12-18,1154000,585445500,589365000
2023-12-19,472000,241791000,242202000
2023-12-20,2262000,1119389000,1126048500
2023-12-21,1058000,516832000,518429000
2023-12-22,1147000,565328500,566445500
2023-12-25,370000,184061500,184192000
2023-12-26,585000,295981000,296864500
2023-12-27,664000,341998000,343623000
2023-12-28,770000,402790000,403175000
2023-12-29,406000,210889000,211735000
2024-01-02,614000,307518500,310512000
2024-01-03,1058000,514048000,515961500
2024-01-04,453000,222522000,222486500
2024-01-05,638000,314364500,316394000
2024-01-08,457000,225938500,226369000
2024-01-09,1488000,767370000,767584000
2024-01-10,411000,209646000,209924000
2024-01-11,871000,449928000,450613000
2024-01-12,716000,365361000,366509000
2024-01-15,686000,352579000,354344000
2024-01-16,407000,208282000,208723000
2024-01-17,496000,252540000,253106000
2024-01-18,529000,267459000,267901000
2024-01-19,476000,244118000,244711000
2024-01-22,931000,497607000,498720000
2024-01-23,578000,304947000,305625000
2024-01-24,443000,230330000,231311000
2024-01-25,443000,230085000,229934000
2024-01-26,353000,180773000,180919000
2024-01-29,274000,141210000,141206000
2024-01-30,687000,354081000,354805000
2024-01-31,554000,291574000,292823000
2024-02-01,848000,456312000,456337000
2024-02-02,937000,518318000,519730000
2024-02-05,759000,414298000,415615000
2024-02-15,4051000,2089876000,2106170000
2024-02-16,1143000,629478000,631857000
2024-02-19,882000,495479000,497875000
2024-02-20,1005000,572325000,573700000
2024-02-21,717000,393591000,394535000
2024-02-22,1041000,558276000,561166000
2024-02-23,607000,327104000,328053000
2024-02-26,1367000,712651000,719321000
2024-02-27,1502000,757353000,760036000
2024-02-29,1236000,623760000,631282500
2024-03-01,761000,385593000,386403000
2024-03-04,762000,389591000,389298000
2024-03-05,759000,388353000,389372000
2024-03-06,564000,287748000,289096000
2024-03-07,1230000,633466000,632596000
2024-03-08,1925000,954265000,959221500
2024-03-11,1536000,746144000,749125000
2024-03-12,2467000,1172011500,1175080500
2024-03-13,1349000,629700000,629579000
2024-03-14,1355000,630017000,631918000
2024-03-15,1666000,759188000,759959500
2024-03-18,1188000,543058500,545037000
2024-03-19,1190000,536303500,537569500
2024-03-20,1328000,587476500,587513500
2024-03-21,2359000,1071436500,1075864500
2024-03-22,1757000,838258000,842397500
2024-03-25,931000,442469500,444289500
2024-03-26,1050000,493139000,493533000
2024-03-27,954000,435730000,437827000
2024-03-28,752000,342542000,343778500
2024-03-29,238000,109804000,110142500
2024-04-01,627000,289687000,290131000
2024-04-02,809000,371842000,372151500
2024-04-03,759000,345666000,347875000
2024-04-08,559000,261459500,262941000
2024-04-09,843000,403049000,397479000
2024-04-10,532000,252367500,254910500
2024-04-11,350000,167490500,167479000
2024-04-12,741000,342032500,340622000
2024-04-15,1528000,670965000,673149500
2024-04-16,1027000,431324500,432830000
2024-04-17,1562000,642742000,643175500
2024-04-18,1347000,545431500,547370000
2024-04-19,1877000,748865500,751464000
2024-04-22,1006000,390839500,392455000
2024-04-23,1701000,685969000,689679500
2024-04-24,1498000,621072500,624965500
2024-04-25,671000,272074000,274421500
2024-04-26,1136000,476282000,480389500
2024-04-29,3008000,1366334500,1370379000
2024-04-30,1788000,828071500,834839500
2024-05-02,1636000,762185500,767802000
2024-05-03,2130000,957995000,964006000
2024-05-06,1414000,643885000,647021000
2024-05-07,1219000,543868000,544998000
2024-05-08,1037000,458567500,463178500
2024-05-09,748000,335025000,336452000
2024-05-10,2483000,1153666000,1156318500
2024-05-13,956000,435026000,437446500
2024-05-14,1040000,485963000,486893500
2024-05-15,574000,268742000,270124000
2024-05-16,3582000,1764686000,1772566500
2024-05-17,1434000,715156000,716985000
2024-05-20,813000,407762000,407954500
2024-05-21,735000,367624500,368492500
2024-05-22,749000,378921000,379414000
2024-05-23,784000,398827000,398613000
2024-05-24,1169000,601171000,603239000
2024-05-27,786000,406022000,406784000
2024-05-28,485000,246566000,247121000
2024-05-29,2079000,1076509000,1086930000
2024-05-30,1371000,721701000,726150000
2024-05-31,1526000,782867000,781407000
2024-06-03,653000,339933000,341690000
2024-06-04,1403000,746962000,747490000
2024-06-05,993000,524917000,526120000
2024-06-06,3382000,1848463000,1849084000
2024-06-07,1521000,806592000,810351000
2024-06-11,1320000,699236000,700974000
2024-06-12,923000,496184000,497626000
2024-06-13,1109000,602520000,605929000
2024-06-14,1573000,879419000,885021000
2024-06-17,648000,352450000,353584000
2024-06-18,559000,303328000,303810000
2024-06-19,574000,314964000,315672000
2024-06-20,422000,233004000,233442000
2024-06-21,693000,385030000,385947000
2024-06-24,380000,207080000,206722000
2024-06-25,647000,339928000,341352000
2024-06-26,499000,265848000,266366000
2024-06-27,357000,190177000,191162000
2024-06-28,809000,447178000,448107000
2024-07-01,610000,336872000,338666000
2024-07-02,761000,414266000,416329000
2024-07-03,437000,239363000,239104000
2024-07-04,1455000,824667000,828036000
2024-07-05,442000,248567000,248212000
2024-07-08,612000,340376000,341037000
2024-07-09,466000,262416000,263393000
2024-07-10,383000,218642000,219230000
2024-07-11,634000,366546000,366351000
2024-07-12,798000,458864000,459630000
2024-07-15,800000,438787000,440109000
2024-07-16,553000,298659000,299839000
2024-07-17,717000,381351000,380890000
2024-07-18,1390000,696816000,698927000
2024-07-19,1405000,706361500,715718000
2024-07-22,1458000,744724000,747265000
2024-07-23,1324000,674774000,676078000
2024-07-24,0,0,0
2024-07-25,0,0,0
2024-07-26,1291000,649412500,654768000
2024-07-29,701000,366005000,363497000
2024-07-30,503000,253885000,255249500
2024-07-31,533000,267385000,269322500
2024-08-01,338000,176075000,176958000
2024-08-02,783000,396035000,395786500
2024-08-05,915000,413757500,416355500
2024-08-06,1674000,753347500,757826000
2024-08-07,1498000,724065500,734542000
2024-08-08,1265000,626499500,627643500
2024-08-09,1400000,695916500,698321000
2024-08-12,628000,318470500,322331500
2024-08-13,546000,277199000,277039000
2024-08-14,681000,344553000,344464000
2024-08-15,506000,255371000,254871000
2024-08-16,716000,367367000,370665000
2024-08-19,250000,130358000,130751000
2024-08-20,846000,452782000,453652000
2024-08-21,328000,173585000,174168000
2024-08-22,279000,146135000,146010000
2024-08-23,399000,205125000,205282000
2024-08-26,392000,203344000,204637000
2024-08-27,411000,215496000,216038000
2024-08-28,409000,210286000,210160000
2024-08-29,368000,187165000,188329000
2024-08-30,696000,357048000,357956000
2024-09-02,1559000,824532000,828535000
2024-09-03,548000,288313000,288624000
2024-09-04,980000,495322000,495679500
2024-09-05,916000,474820000,474297000
2024-09-06,1374000,708791000,707912000
2024-09-09,565000,288725000,289635000
2024-09-10,722000,367227000,367238000
2024-09-11,549000,273150500,273370000
2024-09-12,1246000,642650000,646113000
2024-09-13,506000,264480000,265067000
2024-09-16,1474000,791705000,800129000
2024-09-18,664000,352966000,354778000
2024-09-19,941000,498442000,504419000
2024-09-20,807000,442608000,444175000
2024-09-23,689000,380972000,382728000
2024-09-24,676000,375961000,377958000
2024-09-25,1868000,1044569000,1052067000
2024-09-26,1810000,976949000,982496000
2024-09-27,1188000,643339000,644267000
2024-09-30,889000,474241000,475894000
2024-10-01,687000,359770000,361906000
2024-10-02,0,0,0
2024-10-04,1110000,563766000,565915000
2024-10-07,1202000,612119000,614497000
2024-10-08,1785000,901961500,916719000
2024-10-09,1914000,1030730000,1034850000
2024-10-11,878000,466811000,468454000
2024-10-14,687000,375029000,375906000
2024-10-15,1007000,557874000,559074000
2024-10-16,1056000,577537000,580267000
2024-10-17,819000,445633000,446545000
2024-10-18,1959000,1109387000,1112900000
2024-10-21,952000,545638000,546980000
2024-10-22,932000,537628000,538817000
2024-10-23,860000,488447000,489276000
2024-10-24,692000,390806000,392065000
2024-10-25,1973000,1165957000,1168028000
2024-10-28,1157000,675089000,674758000
2024-10-29,1775000,985386000,985636000
2024-10-30,1514000,839103000,844030000
2024-10-31,0,0,0
2024-11-01,1176000,637717000,643676000
2024-11-04,1094000,592264000,593764000
2024-11-05,1172000,643245000,644112000
2024-11-06,1652000,945299000,947446000
2024-11-07,1589000,924085000,931081000
2024-11-08,2424000,1428782000,1431677000
2024-11-11,1423000,829277000,832317000
2024-11-12,1004000,571565000,572703000
2024-11-13,2740000,1633712000,1646629000
2024-11-14,2044000,1240189000,1249431000
2024-11-15,1235000,738759000,738802000
2024-11-18,1158000,691342000,692783000
2024-11-19,781000,471671000,472310000
2024-11-20,1057000,650276000,652664000
2024-11-21,1498000,931699000,935813000
2024-11-22,2435000,1573577000,1576362000
2024-11-25,2023000,1313104000,1326399000
2024-11-26,1129000,725217000,725738000
2024-11-27,3268000,2145302000,2161414000
2024-11-28,1849000,1204732000,1208312000
2024-11-29,1500000,973940000,978175000
2024-12-02,6057000,4261825000,4272666000
2024-12-03,2758000,1948780000,1954996000
2024-12-04,2388000,1715886000,1724710000
2024-12-05,2464000,1754069000,1756810000
2024-12-06,2440000,1742793000,1742992000
2024-12-09,2648000,1904464000,1913892000
2024-12-10,2937000,2091720000,2096557000
2024-12-11,4076000,2970951000,2980533000
2024-12-12,2675000,1944162000,1949541000
2024-12-13,4924000,3646892000,3657407000
2024-12-16,3513000,2615945000,2621260000
2024-12-17,1452000,1064081000,1066668000
2024-12-18,1656000,1203496000,1206443000
2024-12-19,2789000,2041627000,2055476000
2024-12-20,4945000,3785540000,3805852000
2024-12-23,1881000,1429597000,1433356000
2024-12-24,1817000,1385904000,1388458000
2024-12-25,1533000,1166516000,1169033000
2024-12-26,942000,713393000,714044000
2024-12-27,2006000,1549034000,1552409000
2024-12-30,561000,429512000,429709000
2024-12-31,1847000,1423773000,1427111000
2025-01-02,1875000,1426269000,1432675000
2025-01-03,1679000,1273057000,1275797000
2025-01-06,2001000,1532447000,1537697000
2025-01-07,1446000,1111945000,1112991000
2025-01-08,8372000,6513892000,6525386000
2025-01-09,2345000,1779872000,1778852000
2025-01-10,1960000,1431574000,1432819000
2025-01-13,2521000,1779997000,1777335000
2025-01-14,3043000,2197671000,2216488000
2025-01-15,1737000,1262968000,1263451000
2025-01-16,2042000,1509343000,1511630000
2025-01-17,1435000,1043642000,1048004000
2025-01-20,1045000,764333000,766410000
2025-01-21,1504000,1118105000,1119039000
2025-01-22,2842000,2150502000,2156900000
2025-02-03,3474000,2435041000,2449771000
2025-02-04,2629000,1914711000,1922967000
2025-02-05,1947000,1467273000,1468879000
2025-02-06,1730000,1310683000,1311439000
2025-02-07,2173000,1664651000,1668208000
2025-02-10,1827000,1390514000,1391976000
2025-02-11,1743000,1337294000,1339581000
2025-02-12,1957000,1468671000,1475881000
2025-02-13,1943000,1417116000,1420137000
2025-02-14,1804000,1308118000,1310141000
2025-02-17,1667000,1240876000,1247848000
2025-02-18,1227000,926663000,929100000
2025-02-19,4550000,3246745000,3262230000
2025-02-20,2603000,1860905000,1862344000
2025-02-21,3453000,2487304000,2485475000
2025-02-24,4365000,3040470000,3050071000
2025-02-25,2554000,1752093000,1760937000
2025-02-26,1542000,1059534000,1063212000
2025-02-27,2447000,1661310000,1662279000
2025-03-03,2017000,1333746000,1337366000
2025-03-04,3134000,2094757000,2104336000
2025-03-05,1610000,1100261000,1102047000
2025-03-06,2808000,1948052000,1951992000
2025-03-07,2900000,1943769000,1942395000
2025-03-10,1712000,1123102000,1123776000
2025-03-11,1853000,1152178000,1159096000
2025-03-12,1399000,897713000,898560000
2025-03-13,2213000,1445698000,1449988000
2025-03-14,4685000,2938442000,2953054000
2025-03-17,1325000,866193000,868342000
2025-03-18,1325000,878954000,880153000
2025-03-19,1142000,745916000,746359000
2025-03-20,1218000,791783000,790780000
2025-03-21,1645000,1081776000,1085442000
2025-03-24,854000,558525000,559262000
2025-03-25,812000,533478000,534383000
2025-03-26,807000,528881000,529756000
2025-03-27,2889000,1806371000,1809693000
2025-03-28,1795000,1102051000,1102722000
2025-03-31,1679000,982859000,984007000
2025-04-01,943000,552779000,553948000
2025-04-02,1307000,771502000,775171000
2025-04-07,0,0,0
2025-04-08,1554000,746296500,747679000
2025-04-09,2945000,1319229000,1312500000
2025-04-10,0,0,0
2025-04-11,3541000,1745799500,1773640000
2025-04-14,2850000,1503694000,1507623000
2025-04-15,1876000,1000356000,1011927000
2025-04-16,1741000,925014000,927290000
2025-04-17,1393000,725574000,726585000
2025-04-18,812000,427404000,427744000
2025-04-21,1060000,542933000,543197000
2025-04-22,1693000,830604500,829717500
2025-04-23,1557000,787634500,788832500
2025-04-24,1407000,729077000,730010000
2025-04-25,2267000,1235434000,1238326000
2025-04-28,1469000,823165000,824539000
2025-04-29,2700000,1570329000,1574914000
2025-04-30,1093000,647035000,647389000
2025-05-02,3216000,2000851000,2011474000
2025-05-05,2076000,1274791000,1280650000
2025-05-06,3323000,2114486000,2115501000
2025-05-07,3074000,1974925000,1983654000
2025-05-08,1705000,1095264000,1098295000
2025-05-09,8529000,5796430000,5808222000
2025-05-12,1996000,1355419000,1361883000
2025-05-13,2060000,1411162000,1415584000
2025-05-14,2480000,1737648000,1744875000
2025-05-15,1415000,1018591000,1019044000
2025-05-16,876000,626440000,626725000
2025-05-19,1051000,748740000,748226000
2025-05-20,1373000,970583000,971727000
2025-05-21,2738000,1988468000,1996338000
2025-05-22,1781000,1307822000,1310360000
2025-05-23,1720000,1261499000,1266560000
2025-05-26,1505000,1106291000,1107623000
2025-05-27,982000,710838000,711862000
2025-05-28,2279000,1684311000,1684803000
2025-05-29,1550000,1156391000,1156824000
2025-06-02,1563000,1143713000,1143628000
2025-06-03,1287000,940113000,941204000
2025-06-04,2180000,1603886000,1603302000
2025-06-05,948000,692303000,693408000
2025-06-06,1457000,1058920000,1058598000
2025-06-09,1591000,1169441000,1171187000
2025-06-10,2926000,2240552000,2253094000
2025-06-11,2209000,1768663000,1769302000
2025-06-12,1169000,937873000,938069000
2025-06-13,1686000,1346689000,1347318000
2025-06-16,736000,580011000,580598000
2025-06-17,2681000,2039083000,2049416000
2025-06-18,1755000,1298813000,1299854000
2025-06-19,1139000,821361000,820730000
2025-06-20,1996000,1426419000,1432507000
2025-06-23,1226000,871042000,873331000
2025-06-24,1610000,1169687000,1170607000
2025-06-25,1382000,1024194000,1026286000
2025-06-26,1375000,1026883000,1028607000
2025-06-27,952000,701060000,701390000
2025-06-30,915000,667364000,668201000
2025-07-01,3571000,2720364000,2739167000
2025-07-02,2352000,1800321000,1803139000
2025-07-03,1782000,1377255000,1379044000
2025-07-04,1015000,785989000,785789000
2025-07-07,2175000,1606682000,1609698000
2025-07-08,1438000,1081819000,1085406000
2025-07-09,4391000,3475533000,3478669000
2025-07-10,2838000,2284061000,2294118000
2025-07-11,2420000,1924337000,1929113000
2025-07-14,1421000,1096835000,1097910000
2025-07-15,1348000,1043633000,1044501000
2025-07-16,1427000,1103033000,1107374000
2025-07-17,1858000,1418851000,1423838000
2025-07-18,1892000,1489274000,1496866000
2025-07-21,1428000,1132193000,1137406000
2025-07-22,1522000,1194176000,1203385000
2025-07-23,1855000,1452353000,1457143000
2025-07-24,1108000,864506000,864951000
2025-07-25,728000,569078000,573334000
2025-07-28,2891000,2383759000,2425739000
2025-07-29,1402000,1198682000,1200258000
2025-07-30,2332000,2024561000,2008622000
2025-07-31,2611000,2288720000,2315253000
2025-08-01,1995000,1753755000,1756668000
2025-08-04,1227000,1078561000,1080650000
2025-08-05,3283000,2979188000,2988726000
2025-08-06,2407000,2178193000,2182050000
2025-08-07,3675000,3478886000,3510263000
2025-08-08,3757000,3683101000,3695545000
2025-08-11,1995000,2000963000,2007587000
2025-08-12,1187000,1208355000,1210965000
2025-08-13,1731000,1796340000,1806755000
2025-08-14,1541000,1593145000,1600055000
2025-08-15,1100000,1134970000,1139400000
2025-08-18,1652000,1760840000,1767645000
2025-08-19,1530000,1573620000,1580665000
2025-08-20,1891000,1838805000,1839014000
2025-08-21,1870000,1781148000,1781379000
2025-08-22,1566000,1493766000,1494223000
2025-08-25,1565000,1503256000,1506238000
2025-08-26,2033000,1951728000,1967555000
2025-08-27,938000,923148000,925591000
2025-08-28,1231000,1213351000,1215897000
2025-08-29,1787000,1811942000,1825623000
2025-09-01,3448000,3402594000,3417123000
2025-09-02,1619000,1549169000,1551473000
2025-09-03,1315000,1267911000,1270888000
2025-09-04,1531000,1495768000,1499726000
2025-09-05,1709000,1720577000,1726927000
2025-09-08,1339000,1364520000,1369995000
2025-09-09,1503000,1541605000,1544380000
2025-09-10,2361000,2560985000,2576880000
2025-09-11,3940000,4464570000,4479420000
2025-09-12,1531000,1701965000,1705220000
2025-09-15,1180000,1270635000,1277365000
2025-09-16,1292000,1393070000,1399775000
2025-09-17,1388000,1477610000,1482815000
2025-09-18,837000,893095000,898725000
2025-09-19,2142000,2215235000,2231610000
2025-09-22,1501000,1494524000,1494465000
2025-09-23,1654000,1664945000,1669517000
2025-09-24,1126000,1130870000,1133454000
2025-09-25,782000,770237000,770619000
2025-09-26,2447000,2409380000,2415978000
2025-09-30,2254000,2354465000,2370210000
2025-10-01,1362000,1425370000,1427460000
2025-10-02,2158000,2296405000,2302340000
2025-10-03,1421000,1558365000,1559410000
2025-10-07,1838000,1954095000,1962835000
2025-10-08,1139000,1183480000,1187175000
2025-10-09,1225000,1300190000,1301915000
2025-10-13,1232000,1256195000,1261410000
2025-10-14,1396000,1423455000,1432850000
2025-10-15,1367000,1368402000,1375923000
2025-10-16,966000,971354000,972520000
2025-10-17,1946000,1893519000,1897021000
2025-10-20,1090000,1066762000,1067441000
2025-10-21,1152000,1114965000,1115333000
2025-10-22,4543000,4114775000,4128141000
2025-10-23,2603000,2409425000,2415862000
2025-10-27,1438000,1384513000,1387067000
2025-10-28,1429000,1385059000,1390263000
2025-10-29,1766000,1722014000,1724075000
2025-10-30,2426000,2434448000,2446139000
2025-10-31,3770000,4048470000,4055085000
2025-11-03,1820000,1956460000,1959165000
2025-11-04,6010000,6998170000,7003710000
2025-11-05,3707000,3933630000,3961600000
2025-11-06,2380000,2530975000,2538550000
2025-11-07,2574000,2641525000,2638715000
2025-11-10,2023000,2032308000,2033519000
2025-11-11,1949000,1936761000,1935926000
2025-11-12,2242000,2187065000,2198504000
2025-11-13,1097000,1079833000,1080478000
2025-11-14,2275000,2247600000,2250829000
2025-11-17,1350000,1350622000,1351920000
2025-11-18,3378000,3180462000,3181934000
2025-11-19,1471000,1357725000,1360102000
2025-11-20,1582000,1500702000,1502717000
2025-11-21,2285000,2052052000,2063215000
2025-11-24,2225000,2075973000,2080284000
2025-11-25,2710000,2594683000,2601399000
2025-11-26,1418000,1395814000,1399660000
2025-11-27,3473000,3615315000,3630115000
2025-11-28,2043000,2092935000,2096255000
2025-12-01,2419000,2481210000,2497335000
2025-12-02,3081000,3235050000,3238000000
2025-12-03,2329000,2355204000,2351269000
2025-12-04,1589000,1548824000,1547927000
2025-12-05,1935000,1878712000,1891477000
2025-12-08,1611000,1593014000,1591243000
2025-12-09,4894000,4962221000,4986871000
2025-12-10,2635000,2821180000,2839490000
2025-12-11,7348000,8495275000,8552315000
2025-12-12,2638000,3008155000,3012720000
2025-12-15,3930000,4550490000,4619990000
2025-12-16,2974000,3461210000,3466960000
2025-12-17,3152000,3702275000,3722495000
2025-12-18,2202000,2578205000,2583685000
2025-12-19,2753000,3245420000,3248895000
2025-12-22,2086000,2444615000,2450155000
2025-12-23,1230000,1454690000,1459675000
2025-12-24,2284000,2748990000,2755765000
2025-12-26,1196000,1429120000,1436665000
2025-12-29,0,0,0
