date,融資餘額,融券餘額
2016-01-04,9233,2832
2016-01-05,9424,2684
2016-01-06,10635,3478
2016-01-07,9967,3769
2016-01-08,10472,4409
2016-01-11,10930,5241
2016-01-12,10913,4877
2016-01-13,10716,5428
2016-01-14,11151,5534
2016-01-15,11119,5549
2016-01-18,11438,5568
2016-01-19,11791,6065
2016-01-20,11637,5998
2016-01-21,11673,6047
2016-01-22,11916,6307
2016-01-25,11816,6476
2016-01-26,12185,6443
2016-01-27,12390,7095
2016-01-28,12205,6925
2016-01-29,12211,6531
2016-01-30,12101,6501
2016-02-01,11977,6361
2016-02-02,11907,6338
2016-02-03,11968,6323
2016-02-15,12203,6653
2016-02-16,12009,6759
2016-02-17,12033,6720
2016-02-18,11999,6942
2016-02-19,12672,7767
2016-02-22,11904,6859
2016-02-23,11613,6698
2016-02-24,11433,6555
2016-02-25,11367,6509
2016-02-26,11206,6462
2016-03-01,10745,6049
2016-03-02,10335,5421
2016-03-03,10157,5425
2016-03-04,10114,5410
2016-03-07,9952,5288
2016-03-08,11540,5674
2016-03-09,11488,5645
2016-03-10,11544,5937
2016-03-11,11777,5882
2016-03-14,11849,5420
2016-03-15,11849,5031
2016-03-16,11917,5115
2016-03-17,12448,5089
2016-03-18,12819,3874
2016-03-21,12912,3841
2016-03-22,13007,4029
2016-03-23,13194,3879
2016-03-24,13267,3832
2016-03-25,13531,3647
2016-03-28,13213,3247
2016-03-29,12605,2292
2016-03-30,10932,19
2016-03-31,10837,0
2016-04-01,11161,0
2016-04-06,11104,0
2016-04-07,11171,653
2016-04-08,10902,1059
2016-04-11,10349,1775
2016-04-12,9989,2548
2016-04-13,10665,3849
2016-04-14,10724,4115
2016-04-15,10570,4044
2016-04-18,10572,4085
2016-04-19,10724,4273
2016-04-20,10528,4255
2016-04-21,10532,4272
2016-04-22,11121,4147
2016-04-25,11404,3757
2016-04-26,11934,3656
2016-04-27,11688,3722
2016-04-28,11698,3804
2016-04-29,11575,4074
2016-05-03,11425,4186
2016-05-04,11381,4217
2016-05-05,11314,4352
2016-05-06,11297,4316
2016-05-09,11145,4334
2016-05-10,11336,4293
2016-05-11,11304,4064
2016-05-12,10844,4070
2016-05-13,11078,4182
2016-05-16,10859,4059
2016-05-17,11265,4600
2016-05-18,11577,4851
2016-05-19,11425,4511
2016-05-20,11534,4667
2016-05-23,11908,5282
2016-05-24,12046,5296
2016-05-25,12492,5539
2016-05-26,12262,5299
2016-05-27,12187,5047
2016-05-30,12223,5052
2016-05-31,12240,4978
2016-06-01,12070,5245
2016-06-02,12172,5129
2016-06-03,11768,4886
2016-06-04,11819,5198
2016-06-06,11809,5059
2016-06-07,11753,4922
2016-06-08,11501,4898
2016-06-13,11404,4915
2016-06-14,10976,4718
2016-06-15,10803,4319
2016-06-16,10594,3593
2016-06-17,10083,2904
2016-06-20,9926,2105
2016-06-21,9267,46
2016-06-22,9047,0
2016-06-23,9117,0
2016-06-24,8666,0
2016-06-27,8951,997
2016-06-28,9194,1362
2016-06-29,9127,1331
2016-06-30,9203,1412
2016-07-01,9345,1508
2016-07-04,9451,1896
2016-07-05,9670,2152
2016-07-06,9535,2080
2016-07-07,9610,2166
2016-07-08,9610,2166
2016-07-11,9767,2377
2016-07-12,9788,2496
2016-07-13,9782,2795
2016-07-14,9695,2778
2016-07-15,9885,2698
2016-07-18,9514,3156
2016-07-19,9710,3166
2016-07-20,9431,3020
2016-07-21,9524,3054
2016-07-22,9361,2939
2016-07-25,9236,3032
2016-07-26,9419,3290
2016-07-27,9201,3307
2016-07-28,9722,3188
2016-07-29,9900,3368
2016-08-01,10068,3750
2016-08-02,9788,3822
2016-08-03,9979,3924
2016-08-04,10561,3873
2016-08-05,10263,4249
2016-08-08,10997,4757
2016-08-09,10636,5055
2016-08-10,10587,5180
2016-08-11,10402,5120
2016-08-12,10494,4585
2016-08-15,10651,4576
2016-08-16,10603,4700
2016-08-17,10978,4783
2016-08-18,11475,4437
2016-08-19,12121,4413
2016-08-22,12449,4561
2016-08-23,12406,4289
2016-08-24,12704,4156
2016-08-25,12945,4527
2016-08-26,12508,4557
2016-08-29,12740,4725
2016-08-30,12662,4532
2016-08-31,12542,4462
2016-09-01,12327,4660
2016-09-02,12778,4629
2016-09-05,12729,4600
2016-09-06,12941,4838
2016-09-07,12961,4553
2016-09-08,13068,4542
2016-09-09,13028,4279
2016-09-10,12994,3827
2016-09-12,12493,3014
2016-09-13,12237,2474
2016-09-14,11864,1956
2016-09-19,11175,69
2016-09-20,11153,0
2016-09-21,11088,0
2016-09-22,11353,0
2016-09-23,11242,599
2016-09-26,11129,705
2016-09-27,11203,705
2016-09-28,11203,705
2016-09-29,11227,843
2016-09-30,11580,1150
2016-10-03,11399,1123
2016-10-04,12446,1832
2016-10-05,12380,1895
2016-10-06,12510,1794
2016-10-07,12337,1711
2016-10-11,12544,2333
2016-10-12,12089,1035
2016-10-13,12417,2648
2016-10-14,12448,3038
2016-10-17,12383,3312
2016-10-18,12378,3803
2016-10-19,12114,4280
2016-10-20,12022,4527
2016-10-21,11959,4732
2016-10-24,11794,4835
2016-10-25,11759,5089
2016-10-26,11556,5288
2016-10-27,11638,5348
2016-10-28,11572,5227
2016-10-31,11546,5225
2016-11-01,11523,5386
2016-11-02,11274,5115
2016-11-03,11226,5261
2016-11-04,11161,5399
2016-11-07,11258,5480
2016-11-08,11336,5698
2016-11-09,11227,5839
2016-11-10,11274,6076
2016-11-11,10864,5544
2016-11-14,11024,5113
2016-11-15,11140,5249
2016-11-16,11368,5409
2016-11-17,11424,5052
2016-11-18,11736,4693
2016-11-21,11753,4683
2016-11-22,11992,4813
2016-11-23,12387,5103
2016-11-24,12681,5096
2016-11-25,12763,5066
2016-11-28,12735,5087
2016-11-29,12616,5309
2016-11-30,12432,5250
2016-12-01,12541,5255
2016-12-02,12231,5240
2016-12-05,12318,5226
2016-12-06,12299,5073
2016-12-07,12307,5089
2016-12-08,12324,4995
2016-12-09,12348,4919
2016-12-12,12337,4798
2016-12-13,12169,4752
2016-12-14,11887,4775
2016-12-15,12282,4903
2016-12-16,12466,4901
2016-12-19,12441,4929
2016-12-20,12540,4933
2016-12-21,12556,5095
2016-12-22,12423,5001
2016-12-23,12467,4932
2016-12-26,12502,4861
2016-12-27,12392,4908
2016-12-28,12898,4974
2016-12-29,12556,4987
2016-12-30,12636,5254
2017-01-03,12343,5275
2017-01-04,12272,5271
2017-01-05,12134,5420
2017-01-06,12548,5239
2017-01-09,12871,5336
2017-01-10,12962,5426
2017-01-11,12947,5364
2017-01-12,13045,5389
2017-01-13,13178,5182
2017-01-16,13210,5102
2017-01-17,13012,5002
2017-01-18,13321,4998
2017-01-19,13339,5021
2017-01-20,13297,4961
2017-01-23,13196,4935
2017-01-24,13112,4961
2017-02-02,13090,4893
2017-02-03,13105,4851
2017-02-06,13160,4753
2017-02-07,13212,4704
2017-02-08,13065,4736
2017-02-09,13151,4691
2017-02-10,12825,4666
2017-02-13,13175,4614
2017-02-14,13146,4647
2017-02-15,13150,4620
2017-02-16,13028,4617
2017-02-17,13171,4611
2017-02-18,13275,4572
2017-02-20,14620,4772
2017-02-21,14841,4290
2017-02-22,14698,4247
2017-02-23,14717,4264
2017-02-24,15110,4169
2017-03-01,15040,4171
2017-03-02,15142,4121
2017-03-03,15084,4084
2017-03-06,15101,4079
2017-03-07,15038,3968
2017-03-08,14974,4026
2017-03-09,14900,3883
2017-03-10,15352,4035
2017-03-13,15242,3688
2017-03-14,15621,3603
2017-03-15,15519,3602
2017-03-16,15521,3546
2017-03-17,15622,3309
2017-03-20,15569,3210
2017-03-21,15176,2428
2017-03-22,15373,1984
2017-03-23,14963,1532
2017-03-24,15026,1086
2017-03-27,14910,799
2017-03-28,14535,516
2017-03-29,14956,44
2017-03-30,14966,0
2017-03-31,14976,0
2017-04-05,15018,0
2017-04-06,14915,924
2017-04-07,14688,1452
2017-04-10,14853,2180
2017-04-11,14971,3406
2017-04-12,14895,3917
2017-04-13,15200,4216
2017-04-14,15071,4038
2017-04-17,14855,4012
2017-04-18,15032,4099
2017-04-19,15105,4168
2017-04-20,15172,4098
2017-04-21,15221,4066
2017-04-24,15230,4232
2017-04-25,15204,4168
2017-04-26,15237,4042
2017-04-27,15261,3973
2017-04-28,15295,4054
2017-05-02,15335,4032
2017-05-03,15421,4022
2017-05-04,15319,4050
2017-05-05,15550,4188
2017-05-08,16104,4650
2017-05-09,15646,5169
2017-05-10,15287,5292
2017-05-11,15404,5199
2017-05-12,15236,5224
2017-05-15,15127,4934
2017-05-16,14680,5251
2017-05-17,14028,4675
2017-05-18,14086,4348
2017-05-19,14080,4348
2017-05-22,14064,4294
2017-05-23,14094,4058
2017-05-24,14357,4149
2017-05-25,14382,4015
2017-05-26,14338,4093
2017-05-31,14481,4366
2017-06-01,14334,4148
2017-06-02,14324,4220
2017-06-03,14409,4173
2017-06-05,14492,4168
2017-06-06,14655,4274
2017-06-07,14549,4279
2017-06-08,14775,4477
2017-06-09,14655,4669
2017-06-12,14767,4661
2017-06-13,14718,4551
2017-06-14,14656,4444
2017-06-15,14331,4390
2017-06-16,14335,4306
2017-06-19,14276,4196
2017-06-20,14314,4086
2017-06-21,14512,4109
2017-06-22,14427,4088
2017-06-23,14728,3960
2017-06-26,14693,3620
2017-06-27,14771,3164
2017-06-28,14502,2454
2017-06-29,14269,1898
2017-06-30,14240,1523
2017-07-03,14112,4
2017-07-04,14016,0
2017-07-05,14050,0
2017-07-06,13949,0
2017-07-07,14162,467
2017-07-10,14162,623
2017-07-11,14135,695
2017-07-12,14176,936
2017-07-13,14575,1508
2017-07-14,14702,1773
2017-07-17,14701,1754
2017-07-18,14659,1744
2017-07-19,14648,1767
2017-07-20,14678,1785
2017-07-21,14564,1791
2017-07-24,14581,1722
2017-07-25,14451,1979
2017-07-26,14503,2132
2017-07-27,14504,2084
2017-07-28,14505,2139
2017-07-31,14507,2159
2017-08-01,14526,2174
2017-08-02,14672,2180
2017-08-03,14669,2150
2017-08-04,14789,2220
2017-08-07,14823,2245
2017-08-08,14894,2293
2017-08-09,15032,2743
2017-08-10,15257,2728
2017-08-11,15161,2691
2017-08-14,15154,2719
2017-08-15,15235,2678
2017-08-16,15704,3554
2017-08-17,14734,3935
2017-08-18,15049,3870
2017-08-21,15446,3970
2017-08-22,15163,4100
2017-08-23,15800,4221
2017-08-24,15750,4264
2017-08-25,15643,4196
2017-08-28,15531,4178
2017-08-29,15440,4004
2017-08-30,15325,4059
2017-08-31,15507,4289
2017-09-01,15982,4119
2017-09-04,15745,4051
2017-09-05,15679,3824
2017-09-06,15668,3798
2017-09-07,15453,3687
2017-09-08,15485,3687
2017-09-11,15781,3595
2017-09-12,15568,3632
2017-09-13,15412,3604
2017-09-14,15469,3572
2017-09-15,15473,3523
2017-09-18,15473,3506
2017-09-19,15404,3487
2017-09-20,15289,3505
2017-09-21,15215,3504
2017-09-22,15053,3553
2017-09-25,14874,3366
2017-09-26,14843,3330
2017-09-27,14765,3356
2017-09-28,14782,3380
2017-09-29,14623,3382
2017-09-30,14518,3402
2017-10-02,14380,3550
2017-10-03,14261,3546
2017-10-05,14205,3575
2017-10-06,14231,3615
2017-10-11,14286,3590
2017-10-12,14248,3587
2017-10-13,14213,3916
2017-10-16,14288,3880
2017-10-17,14330,3877
2017-10-18,14430,3707
2017-10-19,14413,3642
2017-10-20,14349,3584
2017-10-23,14406,3484
2017-10-24,14437,3351
2017-10-25,14472,3124
2017-10-26,14532,3081
2017-10-27,14758,2989
2017-10-30,14863,3015
2017-10-31,15058,3044
2017-11-01,15053,2982
2017-11-02,15160,3023
2017-11-03,15258,2984
2017-11-06,15006,3014
2017-11-07,14969,2982
2017-11-08,15211,2899
2017-11-09,15144,2786
2017-11-10,15200,2817
2017-11-13,15101,2840
2017-11-14,15092,2762
2017-11-15,15148,2803
2017-11-16,14997,2752
2017-11-17,14966,2659
2017-11-20,14947,2710
2017-11-21,14786,2741
2017-11-22,14855,2745
2017-11-23,14929,2782
2017-11-24,14982,2798
2017-11-27,15030,2747
2017-11-28,15084,2779
2017-11-29,15043,2794
2017-11-30,15049,2776
2017-12-01,15084,2646
2017-12-04,14991,2595
2017-12-05,14891,2582
2017-12-06,14863,2534
2017-12-07,14689,2600
2017-12-08,14752,2763
2017-12-11,14566,2680
2017-12-12,14452,2637
2017-12-13,14416,2576
2017-12-14,14440,2531
2017-12-15,14409,2540
2017-12-18,14463,2534
2017-12-19,14433,2551
2017-12-20,14295,2518
2017-12-21,14234,2503
2017-12-22,14316,2552
2017-12-25,14277,2541
2017-12-26,14194,2534
2017-12-27,14146,2529
2017-12-28,14139,2502
2017-12-29,14124,2491
2018-01-02,14103,2469
2018-01-03,14049,2416
2018-01-04,14332,2431
2018-01-05,14850,2490
2018-01-08,14816,2474
2018-01-09,14557,2503
2018-01-10,14507,2536
2018-01-11,14575,2572
2018-01-12,14520,2541
2018-01-15,14474,2514
2018-01-16,14544,2507
2018-01-17,14490,2527
2018-01-18,14348,2538
2018-01-19,14494,2534
2018-01-22,14209,2552
2018-01-23,14278,2628
2018-01-24,14518,2678
2018-01-25,14597,2856
2018-01-26,15014,2992
2018-01-29,14754,3044
2018-01-30,14638,3128
2018-01-31,14873,3395
2018-02-01,15283,3380
2018-02-02,15253,3395
2018-02-05,15315,3293
2018-02-06,14899,2816
2018-02-07,14910,2863
2018-02-08,15027,3055
2018-02-09,14932,3049
2018-02-12,14894,2999
2018-02-21,15178,3556
2018-02-22,15774,3575
2018-02-23,16106,3619
2018-02-26,16594,3811
2018-02-27,16479,3867
2018-03-01,16439,3664
2018-03-02,16567,3624
2018-03-05,16647,3691
2018-03-06,16723,3696
2018-03-07,16657,3753
2018-03-08,16832,3587
2018-03-09,16678,3284
2018-03-12,16687,3171
2018-03-13,16788,3296
2018-03-14,16897,3719
2018-03-15,16863,3683
2018-03-16,16565,3059
2018-03-19,16581,2773
2018-03-20,16585,2268
2018-03-21,16474,1879
2018-03-22,16301,1532
2018-03-23,16208,792
2018-03-26,16165,636
2018-03-27,16209,435
2018-03-28,16140,260
2018-03-29,16075,0
2018-03-30,15870,0
2018-03-31,15847,0
2018-04-02,15741,0
2018-04-03,15704,177
2018-04-09,15681,249
2018-04-10,15653,318
2018-04-11,15633,392
2018-04-12,15540,417
2018-04-13,15583,499
2018-04-16,15742,545
2018-04-17,15743,690
2018-04-18,15708,675
2018-04-19,15682,699
2018-04-20,15708,740
2018-04-23,15504,790
2018-04-24,15444,816
2018-04-25,15387,829
2018-04-26,15430,938
2018-04-27,15421,977
2018-04-30,15586,1035
2018-05-02,15602,1114
2018-05-03,15925,1122
2018-05-04,15974,1160
2018-05-07,15971,1188
2018-05-08,16111,1309
2018-05-09,16253,1293
2018-05-10,16340,1359
2018-05-11,16391,1410
2018-05-14,16113,1335
2018-05-15,16204,1365
2018-05-16,16255,1365
2018-05-17,16381,1364
2018-05-18,16406,1342
2018-05-21,16366,1294
2018-05-22,16373,1297
2018-05-23,16405,1296
2018-05-24,16413,1290
2018-05-25,16405,1244
2018-05-28,16330,1190
2018-05-29,16235,1133
2018-05-30,16194,1104
2018-05-31,16174,1090
2018-06-01,16167,1074
2018-06-04,15985,1041
2018-06-05,16037,977
2018-06-06,16442,908
2018-06-07,16003,940
2018-06-08,15943,959
2018-06-11,15941,926
2018-06-12,16000,907
2018-06-13,15974,911
2018-06-14,15975,841
2018-06-15,15939,806
2018-06-19,15940,700
2018-06-20,15882,650
2018-06-21,15855,589
2018-06-22,15806,560
2018-06-25,15811,521
2018-06-26,15739,509
2018-06-27,15723,469
2018-06-28,15680,428
2018-06-29,15715,410
2018-07-02,15705,376
2018-07-03,15719,310
2018-07-04,15665,273
2018-07-05,15692,235
2018-07-06,15696,234
2018-07-09,15692,223
2018-07-10,15678,225
2018-07-11,15670,201
2018-07-12,15839,160
2018-07-13,15899,153
2018-07-16,15934,145
2018-07-17,15979,121
2018-07-18,16053,1
2018-07-19,15958,0
2018-07-20,16034,0
2018-07-23,15941,0
2018-07-24,15909,40
2018-07-25,15910,46
2018-07-26,15941,80
2018-07-27,15979,92
2018-07-30,16013,107
2018-07-31,15991,116
2018-08-01,15989,123
2018-08-02,15857,102
2018-08-03,15830,126
2018-08-06,15804,115
2018-08-07,15738,317
2018-08-08,15676,262
2018-08-09,15684,286
2018-08-10,15734,376
2018-08-13,15691,1421
2018-08-14,15552,1316
2018-08-15,15257,1654
2018-08-16,15353,1768
2018-08-17,15299,1899
2018-08-20,15001,1712
2018-08-21,14864,1640
2018-08-22,14835,1698
2018-08-23,14798,2194
2018-08-24,14738,2054
2018-08-27,14673,1901
2018-08-28,14649,1878
2018-08-29,14629,1776
2018-08-30,14656,2003
2018-08-31,14641,1979
2018-09-03,14564,1995
2018-09-04,14541,2022
2018-09-05,14469,1978
2018-09-06,14484,1953
2018-09-07,14427,1778
2018-09-10,14262,1829
2018-09-11,13437,1799
2018-09-12,12834,1585
2018-09-13,12708,1340
2018-09-14,12586,1255
2018-09-17,12608,1206
2018-09-18,12575,1193
2018-09-19,12543,1193
2018-09-20,12495,1195
2018-09-21,12480,1162
2018-09-25,12466,1153
2018-09-26,12765,1263
2018-09-27,12921,1385
2018-09-28,13008,1376
2018-10-01,13152,1508
2018-10-02,13064,2218
2018-10-03,12997,2114
2018-10-04,12890,2231
2018-10-05,12554,1933
2018-10-08,12548,1869
2018-10-09,12237,2057
2018-10-11,11344,2125
2018-10-12,11603,2048
2018-10-15,11608,2128
2018-10-16,11647,2146
2018-10-17,11722,2274
2018-10-18,11906,2135
2018-10-19,11854,2058
2018-10-22,11697,2071
2018-10-23,11750,2103
2018-10-24,11775,2142
2018-10-25,11793,2157
2018-10-26,11808,2306
2018-10-29,11852,2344
2018-10-30,11949,2682
2018-10-31,11671,2762
2018-11-01,11807,2848
2018-11-02,11867,2978
2018-11-05,11874,3555
2018-11-06,12045,3653
2018-11-07,11772,3928
2018-11-08,11803,4028
2018-11-09,11753,4257
2018-11-12,11539,4318
2018-11-13,11633,4438
2018-11-14,11696,4649
2018-11-15,11695,4830
2018-11-16,12094,4520
2018-11-19,11722,4605
2018-11-20,11445,4618
2018-11-21,11373,4763
2018-11-22,11393,4852
2018-11-23,11424,4949
2018-11-26,11600,5016
2018-11-27,11512,4753
2018-11-28,11586,4571
2018-11-29,11419,4386
2018-11-30,11243,4278
2018-12-03,11585,4074
2018-12-04,11789,4137
2018-12-05,12090,4210
2018-12-06,12241,4466
2018-12-07,12323,4524
2018-12-10,12400,4745
2018-12-11,12020,4573
2018-12-12,11974,4689
2018-12-13,11661,4685
2018-12-14,11799,4718
2018-12-17,11932,4973
2018-12-18,11942,5099
2018-12-19,11745,5122
2018-12-20,11620,5069
2018-12-21,11018,5212
2018-12-22,11010,5302
2018-12-24,10920,5377
2018-12-25,9783,5459
2018-12-26,10027,5520
2018-12-27,9643,5584
2018-12-28,9701,5672
2019-01-02,9482,5702
2019-01-03,9505,5755
2019-01-04,9373,5693
2019-01-07,9790,5751
2019-01-08,9273,5722
2019-01-09,9157,5789
2019-01-10,9150,5695
2019-01-11,8877,6137
2019-01-14,9754,5986
2019-01-15,10111,5851
2019-01-16,10212,5554
2019-01-17,10184,5663
2019-01-18,10240,5494
2019-01-21,10378,5359
2019-01-22,10387,5277
2019-01-23,10676,5263
2019-01-24,10515,5234
2019-01-25,10237,5320
2019-01-28,10572,5167
2019-01-29,10599,4882
2019-01-30,10667,4889
2019-02-11,11175,5161
2019-02-12,11063,5365
2019-02-13,11503,5125
2019-02-14,11325,5087
2019-02-15,11471,5766
2019-02-18,10974,5125
2019-02-19,10872,4873
2019-02-20,10766,4696
2019-02-21,10840,4584
2019-02-22,10694,4283
2019-02-25,10612,4113
2019-02-26,10514,3998
2019-02-27,10413,3854
2019-03-04,10356,3633
2019-03-05,10326,3588
2019-03-06,11093,3870
2019-03-07,11154,3750
2019-03-08,11286,4001
2019-03-11,11386,3997
2019-03-12,11162,4117
2019-03-13,11720,4032
2019-03-14,11672,4051
2019-03-15,12535,4245
2019-03-18,12790,4129
2019-03-19,12795,3952
2019-03-20,12211,3563
2019-03-21,12036,3304
2019-03-22,12126,2830
2019-03-25,11726,2540
2019-03-26,11981,1918
2019-03-27,11226,76
2019-03-28,11217,0
2019-03-29,11373,0
2019-04-01,11394,0
2019-04-02,11599,733
2019-04-03,11565,1121
2019-04-08,11343,1529
2019-04-09,11003,1616
2019-04-10,10381,1305
2019-04-11,10493,1479
2019-04-12,10221,1467
2019-04-15,9843,2181
2019-04-16,10362,2095
2019-04-17,9542,2368
2019-04-18,9381,2504
2019-04-19,9072,2564
2019-04-22,9029,2416
2019-04-23,9424,1468
2019-04-24,9678,1664
2019-04-25,10117,1471
2019-04-26,10406,1395
2019-04-29,10418,1500
2019-04-30,9877,2103
2019-05-02,9778,2171
2019-05-03,9731,2100
2019-05-06,9608,1956
2019-05-07,9613,2145
2019-05-08,9900,1990
2019-05-09,9802,1611
2019-05-10,10097,1649
2019-05-13,10767,1842
2019-05-14,10938,1596
2019-05-15,11143,1858
2019-05-16,11246,2368
2019-05-17,11279,2432
2019-05-20,11061,2246
2019-05-21,11174,2155
2019-05-22,11516,2743
2019-05-23,11536,2513
2019-05-24,11619,2576
2019-05-27,11574,2772
2019-05-28,12237,2661
2019-05-29,12015,2438
2019-05-30,12357,2659
2019-05-31,12139,2552
2019-06-03,12086,2515
2019-06-04,12035,2470
2019-06-05,12079,2821
2019-06-06,11979,3099
2019-06-10,11824,3515
2019-06-11,11209,3118
2019-06-12,11427,3242
2019-06-13,11414,3179
2019-06-14,11396,3029
2019-06-17,11329,3017
2019-06-18,11487,2962
2019-06-19,10840,2681
2019-06-20,10493,2523
2019-06-21,9809,2159
2019-06-24,9996,2036
2019-06-25,10209,1769
2019-06-26,9940,1612
2019-06-27,10288,1099
2019-06-28,10014,37
2019-07-01,9326,0
2019-07-02,9822,0
2019-07-03,10211,0
2019-07-04,10848,1181
2019-07-05,10809,1583
2019-07-08,11114,1717
2019-07-09,10913,1629
2019-07-10,11137,1855
2019-07-11,10868,1896
2019-07-12,10941,1887
2019-07-15,10557,2145
2019-07-16,10513,2359
2019-07-17,10131,2048
2019-07-18,10368,1943
2019-07-19,10482,2057
2019-07-22,10442,2247
2019-07-23,10494,2236
2019-07-24,10536,2800
2019-07-25,10621,2592
2019-07-26,10547,2686
2019-07-29,10264,2635
2019-07-30,10426,2401
2019-07-31,10198,2774
2019-08-01,9713,3291
2019-08-02,9788,3290
2019-08-05,10249,3310
2019-08-06,10380,3580
2019-08-07,10392,3770
2019-08-08,9910,3868
2019-08-12,9706,3938
2019-08-13,9736,3975
2019-08-14,10006,3900
2019-08-15,9969,3994
2019-08-16,9706,4039
2019-08-19,9987,3960
2019-08-20,9946,3918
2019-08-21,9816,4021
2019-08-22,10101,4270
2019-08-23,9813,4509
2019-08-26,10226,3975
2019-08-27,10132,4014
2019-08-28,10121,4104
2019-08-29,10189,4401
2019-08-30,12145,4796
2019-09-02,13355,5004
2019-09-03,14146,4444
2019-09-04,14285,4487
2019-09-05,14546,4540
2019-09-06,14348,3833
2019-09-09,14797,4774
2019-09-10,14955,5075
2019-09-11,14829,5451
2019-09-12,14694,5556
2019-09-16,14728,5942
2019-09-17,14060,5102
2019-09-18,13539,5088
2019-09-19,13548,4654
2019-09-20,13347,4839
2019-09-23,13163,4840
2019-09-24,13150,4813
2019-09-25,13205,4767
2019-09-26,13391,4718
2019-09-27,13185,4492
2019-10-01,13298,4384
2019-10-02,13695,4400
2019-10-03,14024,4856
2019-10-04,13775,4531
2019-10-07,12723,5137
2019-10-08,11865,5026
2019-10-09,11599,4766
2019-10-14,11343,4595
2019-10-15,11228,4554
2019-10-16,11261,4546
2019-10-17,11091,4671
2019-10-18,11148,4646
2019-10-21,11023,4623
2019-10-22,11192,4559
2019-10-23,11311,4492
2019-10-24,11211,4523
2019-10-25,11485,4450
2019-10-28,11507,4467
2019-10-29,11069,4398
2019-10-30,10958,4570
2019-10-31,10970,4491
2019-11-01,10825,4550
2019-11-04,10639,4480
2019-11-05,10375,4513
2019-11-06,10412,4495
2019-11-07,9257,3957
2019-11-08,9409,3539
2019-11-11,9746,3526
2019-11-12,9790,3707
2019-11-13,9817,3657
2019-11-14,10123,3410
2019-11-15,9997,3453
2019-11-18,10067,3433
2019-11-19,10204,3404
2019-11-20,10252,3602
2019-11-21,10293,3557
2019-11-22,10473,3679
2019-11-25,10597,3651
2019-11-26,11034,3582
2019-11-27,11185,3625
2019-11-28,11343,3768
2019-11-29,11686,3736
2019-12-02,11363,3902
2019-12-03,11462,3899
2019-12-04,11437,3947
2019-12-05,11056,4103
2019-12-06,10903,4277
2019-12-09,10666,4271
2019-12-10,11065,4254
2019-12-11,11065,3991
2019-12-12,10855,3915
2019-12-13,10680,3989
2019-12-16,11190,4314
2019-12-17,11241,4544
2019-12-18,10694,4746
2019-12-19,11211,4773
2019-12-20,11194,4295
2019-12-23,11235,4083
2019-12-24,11354,3967
2019-12-25,11332,3924
2019-12-26,11241,3911
2019-12-27,11012,3889
2019-12-30,10979,3891
2019-12-31,11135,4197
2020-01-02,11408,4273
2020-01-03,11123,4044
2020-01-06,11367,3764
2020-01-07,11872,3345
2020-01-08,11327,3453
2020-01-09,11504,3475
2020-01-10,11480,3615
2020-01-13,11596,3605
2020-01-14,11596,3590
2020-01-15,11345,3606
2020-01-16,11353,3857
2020-01-17,11343,3856
2020-01-20,11442,3665
2020-01-30,11217,2821
2020-01-31,11146,2241
2020-02-03,10656,1652
2020-02-04,10717,1910
2020-02-05,10790,1944
2020-02-06,11571,2400
2020-02-07,11697,2445
2020-02-10,11896,2403
2020-02-11,12155,2858
2020-02-12,12154,2966
2020-02-13,12205,3189
2020-02-14,11925,3462
2020-02-17,11576,3553
2020-02-18,11486,3533
2020-02-19,11519,3486
2020-02-20,11603,3494
2020-02-21,11639,3525
2020-02-24,11423,3416
2020-02-25,11592,3390
2020-02-26,12153,3601
2020-02-27,11693,3467
2020-03-02,11759,3241
2020-03-03,11568,3326
2020-03-04,11548,3296
2020-03-05,11628,3254
2020-03-06,11568,3233
2020-03-09,11210,2606
2020-03-10,11540,2356
2020-03-11,11116,2487
2020-03-12,9776,1588
2020-03-13,9382,916
2020-03-16,9464,1015
2020-03-17,9166,571
2020-03-18,9402,1263
2020-03-19,9392,1217
2020-03-20,9599,1074
2020-03-23,9482,955
2020-03-24,9357,1107
2020-03-25,9030,1195
2020-03-26,9457,1202
2020-03-27,9554,1100
2020-03-30,9639,1031
2020-03-31,9626,864
2020-04-01,9121,10
2020-04-06,9539,0
2020-04-07,8986,0
2020-04-08,9086,0
2020-04-09,8939,256
2020-04-10,9306,659
2020-04-13,9367,860
2020-04-14,9327,907
2020-04-15,9276,1266
2020-04-16,9384,1377
2020-04-17,9552,1248
2020-04-20,10339,1503
2020-04-21,10761,1498
2020-04-22,10841,2054
2020-04-23,10457,2150
2020-04-24,10199,2106
2020-04-27,10164,2000
2020-04-28,10271,1576
2020-04-29,10088,1630
2020-04-30,10107,1600
2020-05-04,10169,1749
2020-05-05,10066,1732
2020-05-06,9997,1680
2020-05-07,9942,1865
2020-05-08,9807,1826
2020-05-11,9659,1875
2020-05-12,9558,1902
2020-05-13,9588,1815
2020-05-14,9422,1685
2020-05-15,9526,1660
2020-05-18,9552,1765
2020-05-19,9620,1757
2020-05-20,9630,1738
2020-05-21,9683,1678
2020-05-22,9677,1657
2020-05-25,9484,1616
2020-05-26,9676,1578
2020-05-27,9691,1691
2020-05-28,9278,1640
2020-05-29,9126,1751
2020-06-01,9155,1748
2020-06-02,8850,1773
2020-06-03,8784,1788
2020-06-04,8454,1890
2020-06-05,8975,2563
2020-06-08,8888,2487
2020-06-09,8768,2623
2020-06-10,8834,2551
2020-06-11,8799,2481
2020-06-12,8840,2500
2020-06-15,8816,2459
2020-06-16,8712,2441
2020-06-17,8733,2475
2020-06-18,8847,2451
2020-06-19,9148,2490
2020-06-22,9209,2488
2020-06-23,9302,2394
2020-06-24,9138,2348
2020-06-29,9174,2270
2020-06-30,8944,1886
2020-07-01,9121,1439
2020-07-02,9413,1304
2020-07-03,10378,1021
2020-07-06,11225,544
2020-07-07,10940,4
2020-07-08,11065,0
2020-07-09,10131,0
2020-07-10,9598,0
2020-07-13,9563,384
2020-07-14,10019,561
2020-07-15,10914,1373
2020-07-16,10129,1662
2020-07-17,9806,1499
2020-07-20,9899,1846
2020-07-21,10478,2015
2020-07-22,10663,2328
2020-07-23,10533,2354
2020-07-24,9833,2166
2020-07-27,9861,2008
2020-07-28,9542,1975
2020-07-29,9761,2232
2020-07-30,10418,2313
2020-07-31,11164,2511
2020-08-03,11122,2394
2020-08-04,10913,2258
2020-08-05,11731,2256
2020-08-06,11984,2328
2020-08-07,12004,2305
2020-08-10,11557,2250
2020-08-11,11668,2158
2020-08-12,11978,2064
2020-08-13,12042,2095
2020-08-14,12027,2150
2020-08-17,11848,2188
2020-08-18,11583,2401
2020-08-19,11141,2561
2020-08-20,11383,2092
2020-08-21,11094,2149
2020-08-24,11099,2287
2020-08-25,10751,2469
2020-08-26,10760,2421
2020-08-27,10588,2560
2020-08-28,10780,2374
2020-08-31,10907,2433
2020-09-01,10900,2503
2020-09-02,10854,2473
2020-09-03,10784,2519
2020-09-04,10935,2438
2020-09-07,10905,2297
2020-09-08,10963,2249
2020-09-09,11010,2246
2020-09-10,11059,2597
2020-09-11,11162,2497
2020-09-14,11140,2459
2020-09-15,11154,2472
2020-09-16,10718,2599
2020-09-17,10663,2680
2020-09-18,10673,2746
2020-09-21,10778,2618
2020-09-22,10622,2625
2020-09-23,10681,2691
2020-09-24,10665,2478
2020-09-25,10583,2510
2020-09-28,10656,2873
2020-09-29,10589,3025
2020-09-30,10382,3191
2020-10-05,10551,3158
2020-10-06,10682,3031
2020-10-07,10919,3170
2020-10-08,10618,3066
2020-10-12,10581,3014
2020-10-13,10538,3038
2020-10-14,10548,2963
2020-10-15,10553,2874
2020-10-16,10670,2822
2020-10-19,10842,2734
2020-10-20,10977,2744
2020-10-21,11164,2733
2020-10-22,11366,2563
2020-10-23,11264,2640
2020-10-26,11463,2655
2020-10-27,11393,2574
2020-10-28,11449,2551
2020-10-29,11398,2291
2020-10-30,11397,2280
2020-11-02,11540,2248
2020-11-03,11634,2248
2020-11-04,11971,2484
2020-11-05,11479,2510
2020-11-06,11373,2663
2020-11-09,11151,2539
2020-11-10,10870,2698
2020-11-11,10479,2828
2020-11-12,9553,3252
2020-11-13,9950,3119
2020-11-16,9451,3101
2020-11-17,9223,2590
2020-11-18,9215,2635
2020-11-19,9368,2592
2020-11-20,9441,2571
2020-11-23,9767,2350
2020-11-24,10065,2338
2020-11-25,10274,2272
2020-11-26,10416,2193
2020-11-27,10395,2215
2020-11-30,10599,2183
2020-12-01,10746,2195
2020-12-02,11463,1951
2020-12-03,12666,1870
2020-12-04,13007,1691
2020-12-07,13263,1656
2020-12-08,13312,1628
2020-12-09,13444,1665
2020-12-10,13249,1613
2020-12-11,13393,1741
2020-12-14,13320,1778
2020-12-15,13344,1907
2020-12-16,13252,1969
2020-12-17,13220,1978
2020-12-18,13264,1964
2020-12-21,13149,1864
2020-12-22,13218,1870
2020-12-23,13221,1890
2020-12-24,13239,1874
2020-12-25,13288,1882
2020-12-28,13336,1819
2020-12-29,13376,1797
2020-12-30,13441,1664
2020-12-31,13529,1639
2021-01-04,13559,1628
2021-01-05,13897,1656
2021-01-06,13800,1699
2021-01-07,13827,1640
2021-01-08,13660,1731
2021-01-11,13555,1685
2021-01-12,12774,1671
2021-01-13,12619,1726
2021-01-14,12321,1769
2021-01-15,12217,1724
2021-01-18,12652,1566
2021-01-19,11969,1402
2021-01-20,10466,1287
2021-01-21,10314,1303
2021-01-22,10374,1274
2021-01-25,10347,1294
2021-01-26,10442,1305
2021-01-27,10540,1298
2021-01-28,10701,1281
2021-01-29,10684,1269
2021-02-01,10920,1241
2021-02-02,11068,1232
2021-02-03,11141,1160
2021-02-04,11375,1158
2021-02-05,11186,834
2021-02-17,11091,800
2021-02-18,11083,795
2021-02-19,11297,793
2021-02-22,11346,761
2021-02-23,11506,765
2021-02-24,11573,769
2021-02-25,11741,823
2021-02-26,12005,779
2021-03-02,12189,773
2021-03-03,12112,772
2021-03-04,12101,759
2021-03-05,12116,773
2021-03-08,12157,741
2021-03-09,12244,723
2021-03-10,12270,728
2021-03-11,12385,727
2021-03-12,12589,705
2021-03-15,12603,699
2021-03-16,12635,688
2021-03-17,12578,752
2021-03-18,12615,729
2021-03-19,12570,677
2021-03-22,12405,676
2021-03-23,12316,686
2021-03-24,12369,684
2021-03-25,12352,658
2021-03-26,12481,479
2021-03-29,12429,397
2021-03-30,12362,216
2021-03-31,12306,3
2021-04-01,12179,0
2021-04-06,11958,0
2021-04-07,12019,0
2021-04-08,12094,8
2021-04-09,12077,14
2021-04-12,11983,90
2021-04-13,12079,124
2021-04-14,12119,155
2021-04-15,12063,165
2021-04-16,12001,183
2021-04-19,11966,171
2021-04-20,11834,115
2021-04-21,11743,89
2021-04-22,11679,169
2021-04-23,11552,158
2021-04-26,11624,151
2021-04-27,11438,125
2021-04-28,10754,142
2021-04-29,10762,141
2021-05-03,10550,123
2021-05-04,9863,110
2021-05-05,9718,100
2021-05-06,9700,102
2021-05-07,9732,91
2021-05-10,9730,103
2021-05-11,9226,78
2021-05-12,8835,106
2021-05-13,8554,137
2021-05-14,8758,135
2021-05-17,8174,123
2021-05-18,8103,335
2021-05-19,8141,347
2021-05-20,8138,327
2021-05-21,8045,373
2021-05-24,8027,353
2021-05-25,8075,343
2021-05-26,8034,345
2021-05-27,8039,342
2021-05-28,8435,333
2021-05-31,8553,351
2021-06-01,8666,347
2021-06-02,8691,336
2021-06-03,8696,347
2021-06-04,8716,345
2021-06-07,8862,354
2021-06-08,8963,358
2021-06-09,9019,339
2021-06-10,8997,336
2021-06-11,8938,333
2021-06-15,8967,344
2021-06-16,9016,333
2021-06-17,9047,330
2021-06-18,9949,521
2021-06-21,8913,551
2021-06-22,9332,519
2021-06-23,9477,489
2021-06-24,9609,467
2021-06-25,9316,408
2021-06-28,9284,371
2021-06-29,9236,380
2021-06-30,9322,372
2021-07-01,9312,336
2021-07-02,9261,335
2021-07-05,9511,327
2021-07-06,9526,316
2021-07-07,9538,317
2021-07-08,9478,361
2021-07-09,9358,339
2021-07-12,9490,324
2021-07-13,9447,310
2021-07-14,9446,311
2021-07-15,9305,309
2021-07-16,9263,310
2021-07-19,9206,309
2021-07-20,9140,314
2021-07-21,9344,365
2021-07-22,9370,339
2021-07-23,9070,317
2021-07-26,9005,311
2021-07-27,8980,305
2021-07-28,8907,301
2021-07-29,8974,301
2021-07-30,9051,303
2021-08-02,9039,306
2021-08-03,9065,302
2021-08-04,9211,307
2021-08-05,9265,301
2021-08-06,9251,292
2021-08-09,9258,285
2021-08-10,9124,180
2021-08-11,8748,6
2021-08-12,8741,0
2021-08-13,8699,0
2021-08-16,8615,0
2021-08-17,8528,118
2021-08-18,8503,89
2021-08-19,8462,93
2021-08-20,8439,117
2021-08-23,8327,127
2021-08-24,8401,149
2021-08-25,8497,103
2021-08-26,8540,128
2021-08-27,8567,131
2021-08-30,8553,113
2021-08-31,8582,117
2021-09-01,9057,159
2021-09-02,9128,236
2021-09-03,9196,237
2021-09-06,9308,452
2021-09-07,8804,205
2021-09-08,8773,205
2021-09-09,8833,222
2021-09-10,8790,233
2021-09-13,8803,248
2021-09-14,8795,301
2021-09-15,8793,283
2021-09-16,8798,243
2021-09-17,8746,239
2021-09-22,8741,230
2021-09-23,8682,257
2021-09-24,8720,278
2021-09-27,8801,286
2021-09-28,8719,279
2021-09-29,8670,305
2021-09-30,8630,299
2021-10-01,8594,277
2021-10-04,8510,292
2021-10-05,8438,191
2021-10-06,8426,172
2021-10-07,8372,164
2021-10-08,8364,173
2021-10-12,8378,190
2021-10-13,8368,197
2021-10-14,8367,183
2021-10-15,8329,183
2021-10-18,8262,176
2021-10-19,8256,169
2021-10-20,8263,168
2021-10-21,8281,168
2021-10-22,8285,224
2021-10-25,8285,184
2021-10-26,8297,195
2021-10-27,8324,221
2021-10-28,8345,358
2021-10-29,8369,358
2021-11-01,8332,343
2021-11-02,8325,331
2021-11-03,8307,331
2021-11-04,8303,355
2021-11-05,8291,356
2021-11-08,8295,349
2021-11-09,8228,351
2021-11-10,8227,324
2021-11-11,8271,322
2021-11-12,8383,275
2021-11-15,8306,273
2021-11-16,8306,279
2021-11-17,8591,296
2021-11-18,8815,275
2021-11-19,8412,277
2021-11-22,8516,289
2021-11-23,8629,283
2021-11-24,8718,287
2021-11-25,8816,308
2021-11-26,8904,334
2021-11-29,8990,387
2021-11-30,9070,395
2021-12-01,9080,401
2021-12-02,9174,379
2021-12-03,9170,379
2021-12-06,9117,385
2021-12-07,9354,379
2021-12-08,9791,400
2021-12-09,9832,395
2021-12-10,9599,420
2021-12-13,9487,425
2021-12-14,9550,440
2021-12-15,9640,444
2021-12-16,9404,437
2021-12-17,9520,403
2021-12-20,9454,407
2021-12-21,9312,393
2021-12-22,9104,402
2021-12-23,9121,400
2021-12-24,9156,401
2021-12-27,9158,404
2021-12-28,9141,408
2021-12-29,8895,411
2021-12-30,8851,411
2022-01-03,8768,408
2022-01-04,8851,408
2022-01-05,9052,401
2022-01-06,8793,431
2022-01-07,9193,457
2022-01-10,9426,509
2022-01-11,9793,490
2022-01-12,9415,533
2022-01-13,9681,540
2022-01-14,9565,583
2022-01-17,9532,601
2022-01-18,10025,587
2022-01-19,9995,655
2022-01-20,10048,627
2022-01-21,9210,561
2022-01-24,9147,551
2022-01-25,8876,506
2022-01-26,8858,660
2022-02-07,8938,826
2022-02-08,8822,929
2022-02-09,9245,890
2022-02-10,9278,863
2022-02-11,9282,838
2022-02-14,9191,943
2022-02-15,8991,1090
2022-02-16,9008,1197
2022-02-17,8944,1213
2022-02-18,8471,1331
2022-02-21,8554,1189
2022-02-22,8502,1383
2022-02-23,8142,1573
2022-02-24,7474,1389
2022-02-25,7891,1420
2022-03-01,8149,1515
2022-03-02,7868,1362
2022-03-03,7948,1405
2022-03-04,7927,1703
2022-03-07,7845,1616
2022-03-08,7597,1148
2022-03-09,8098,1066
2022-03-10,8260,928
2022-03-11,8438,745
2022-03-14,8437,757
2022-03-15,8638,581
2022-03-16,8468,482
2022-03-17,8690,426
2022-03-18,8772,408
2022-03-21,9389,192
2022-03-22,9336,252
2022-03-23,9093,222
2022-03-24,9229,132
2022-03-25,9221,3
2022-03-28,9232,0
2022-03-29,9210,0
2022-03-30,9141,0
2022-03-31,9083,25
2022-04-01,8971,54
2022-04-06,8872,70
2022-04-07,8723,102
2022-04-08,8681,133
2022-04-11,8347,194
2022-04-12,8339,248
2022-04-13,8324,192
2022-04-14,8257,180
2022-04-15,8138,282
2022-04-18,8137,265
2022-04-19,8227,187
2022-04-20,8212,166
2022-04-21,8190,165
2022-04-22,8165,185
2022-04-25,8103,135
2022-04-26,8034,125
2022-04-27,8035,93
2022-04-28,8107,92
2022-04-29,8124,107
2022-05-03,8096,116
2022-05-04,8155,120
2022-05-05,7988,122
2022-05-06,8091,135
2022-05-09,8005,229
2022-05-10,7963,128
2022-05-11,7938,115
2022-05-12,7925,133
2022-05-13,7938,153
2022-05-16,7923,194
2022-05-17,7769,199
2022-05-18,8191,247
2022-05-19,8135,522
2022-05-20,8243,676
2022-05-23,8545,606
2022-05-24,8692,353
2022-05-25,8848,459
2022-05-26,8858,417
2022-05-27,9275,361
2022-05-30,9069,430
2022-05-31,9424,374
2022-06-01,9389,450
2022-06-02,10036,438
2022-06-06,9806,435
2022-06-07,9844,475
2022-06-08,10065,706
2022-06-09,9598,852
2022-06-10,9430,885
2022-06-13,9244,938
2022-06-14,9699,1045
2022-06-15,9853,383
2022-06-16,8745,418
2022-06-17,8124,638
2022-06-20,8134,471
2022-06-21,7550,354
2022-06-22,7744,251
2022-06-23,7623,148
2022-06-24,7350,12
2022-06-27,7244,0
2022-06-28,7298,0
2022-06-29,7174,0
2022-06-30,7229,263
2022-07-01,7085,612
2022-07-04,7033,599
2022-07-05,7410,410
2022-07-06,7430,1670
2022-07-07,7049,1124
2022-07-08,7141,1397
2022-07-11,7258,1103
2022-07-12,7043,1067
2022-07-13,7255,907
2022-07-14,7232,1029
2022-07-15,7515,1028
2022-07-18,7503,1144
2022-07-19,7669,1190
2022-07-20,7623,1169
2022-07-21,7413,1352
2022-07-22,7433,1301
2022-07-25,7321,1429
2022-07-26,7436,1440
2022-07-27,7245,1490
2022-07-28,7449,1376
2022-07-29,7361,1428
2022-08-01,7381,1386
2022-08-02,7298,1385
2022-08-03,7531,1427
2022-08-04,7498,1367
2022-08-05,7619,2008
2022-08-08,7455,2214
2022-08-09,7109,2358
2022-08-10,7217,2197
2022-08-11,7759,2075
2022-08-12,7819,1886
2022-08-15,7958,2043
2022-08-16,8008,1838
2022-08-17,8144,1731
2022-08-18,8104,1661
2022-08-19,8151,1625
2022-08-22,8314,1519
2022-08-23,8563,1612
2022-08-24,8538,1652
2022-08-25,8501,1607
2022-08-26,8450,1575
2022-08-29,8478,1573
2022-08-30,8539,1591
2022-08-31,8487,1630
2022-09-01,8591,1926
2022-09-02,8304,1851
2022-09-05,8354,1765
2022-09-06,8147,1809
2022-09-07,8097,1791
2022-09-08,8111,1548
2022-09-12,7856,1562
2022-09-13,7763,1617
2022-09-14,7787,1458
2022-09-15,7787,1342
2022-09-16,8014,1347
2022-09-19,7945,1354
2022-09-20,7906,1491
2022-09-21,8232,1088
2022-09-22,8169,1122
2022-09-23,8060,1161
2022-09-26,7814,1005
2022-09-27,7766,955
2022-09-28,7792,1495
2022-09-29,7822,1907
2022-09-30,7747,1747
2022-10-03,7746,1849
2022-10-04,7845,1505
2022-10-05,7692,1340
2022-10-06,7919,1214
2022-10-07,7960,994
2022-10-11,7670,1066
2022-10-12,7632,930
2022-10-13,7491,902
2022-10-14,7507,804
2022-10-17,7410,818
2022-10-18,7328,891
2022-10-19,7332,923
2022-10-20,7367,941
2022-10-21,7382,930
2022-10-24,7255,923
2022-10-25,7196,892
2022-10-26,7236,848
2022-10-27,7192,929
2022-10-28,7260,929
2022-10-31,7202,909
2022-11-01,7137,932
2022-11-02,7127,925
2022-11-03,7140,913
2022-11-04,7171,913
2022-11-07,7090,915
2022-11-08,7071,913
2022-11-09,6882,930
2022-11-10,6890,931
2022-11-11,6784,924
2022-11-14,6805,932
2022-11-15,6769,973
2022-11-16,6816,974
2022-11-17,6796,967
2022-11-18,6856,988
2022-11-21,6846,1020
2022-11-22,7335,1003
2022-11-23,7134,1007
2022-11-24,7082,967
2022-11-25,7122,973
2022-11-28,7102,971
2022-11-29,7179,968
2022-11-30,7127,989
2022-12-01,7052,1009
2022-12-02,7036,986
2022-12-05,7125,985
2022-12-06,7099,978
2022-12-07,6981,964
2022-12-08,6885,992
2022-12-09,6956,1009
2022-12-12,6917,985
2022-12-13,6871,997
2022-12-14,6926,1048
2022-12-15,6962,1079
2022-12-16,7046,1020
2022-12-19,7095,989
2022-12-20,7038,984
2022-12-21,7060,992
2022-12-22,7054,1008
2022-12-23,6997,998
2022-12-26,7014,1001
2022-12-27,7029,992
2022-12-28,7053,981
2022-12-29,7001,983
2022-12-30,7052,996
2023-01-03,7014,971
2023-01-04,7028,972
2023-01-05,7011,971
2023-01-06,7030,1031
2023-01-09,6952,1022
2023-01-10,6891,902
2023-01-11,6840,887
2023-01-12,6800,870
2023-01-13,6752,860
2023-01-16,6735,859
2023-01-17,6713,840
2023-01-30,6774,834
2023-01-31,6705,854
2023-02-01,6732,861
2023-02-02,6733,851
2023-02-03,6714,855
2023-02-06,6721,878
2023-02-07,6695,883
2023-02-08,6747,864
2023-02-09,6848,850
2023-02-10,6898,843
2023-02-13,6866,844
2023-02-14,7002,843
2023-02-15,6854,972
2023-02-16,6984,915
2023-02-17,6912,909
2023-02-20,7023,904
2023-02-21,7113,792
2023-02-22,7143,764
2023-02-23,7266,751
2023-02-24,7259,764
2023-03-01,7288,745
2023-03-02,7313,742
2023-03-03,7292,741
2023-03-06,7361,731
2023-03-07,7357,731
2023-03-08,7309,818
2023-03-09,7267,723
2023-03-10,7246,710
2023-03-13,7095,705
2023-03-14,7104,701
2023-03-15,7129,699
2023-03-16,7087,650
2023-03-17,7048,663
2023-03-20,6907,672
2023-03-21,6613,612
2023-03-22,6777,603
2023-03-23,6829,230
2023-03-24,6886,1
2023-03-27,8148,0
2023-03-28,8199,0
2023-03-29,8025,0
2023-03-30,7801,201
2023-03-31,7498,219
2023-04-06,7818,374
2023-04-07,7523,498
2023-04-10,7705,811
2023-04-11,7649,1034
2023-04-12,7882,1189
2023-04-13,8271,1172
2023-04-14,8358,1156
2023-04-17,8529,1191
2023-04-18,8369,1184
2023-04-19,8460,1099
2023-04-20,8113,1097
2023-04-21,7563,867
2023-04-24,7570,944
2023-04-25,6968,824
2023-04-26,7243,813
2023-04-27,7657,1111
2023-04-28,6950,1167
2023-05-02,6831,1176
2023-05-03,6587,1066
2023-05-04,5869,1184
2023-05-05,6676,1142
2023-05-08,6224,1431
2023-05-09,6087,1394
2023-05-10,6312,1398
2023-05-11,6135,1420
2023-05-12,6231,1345
2023-05-15,6095,1365
2023-05-16,5344,1530
2023-05-17,5287,1497
2023-05-18,5435,1511
2023-05-19,5517,1495
2023-05-22,5718,1408
2023-05-23,5972,1465
2023-05-24,5874,1500
2023-05-25,6142,1642
2023-05-26,6532,1681
2023-05-29,6454,1650
2023-05-30,6493,1638
2023-05-31,6483,1599
2023-06-01,6587,1584
2023-06-02,7576,1587
2023-06-05,7551,1582
2023-06-06,7383,1651
2023-06-07,7518,1702
2023-06-08,7119,1568
2023-06-09,7175,1636
2023-06-12,7102,1653
2023-06-13,7101,1570
2023-06-14,7037,1533
2023-06-15,6770,1548
2023-06-16,6912,1335
2023-06-19,7213,1261
2023-06-20,7457,1111
2023-06-21,7689,980
2023-06-26,7412,767
2023-06-27,7174,9
2023-06-28,7126,0
2023-06-29,7022,0
2023-06-30,6857,0
2023-07-03,7379,301
2023-07-04,7208,427
2023-07-05,7148,365
2023-07-06,6979,308
2023-07-07,7054,299
2023-07-10,7527,291
2023-07-11,8228,330
2023-07-12,8095,488
2023-07-13,8079,480
2023-07-14,8145,500
2023-07-17,8205,520
2023-07-18,7825,453
2023-07-19,7539,361
2023-07-20,7431,379
2023-07-21,7720,514
2023-07-24,8163,642
2023-07-25,7971,680
2023-07-26,7843,662
2023-07-27,7795,601
2023-07-28,8237,675
2023-07-31,8229,784
2023-08-01,8265,583
2023-08-02,7762,727
2023-08-04,7679,951
2023-08-07,7638,1282
2023-08-08,7595,1455
2023-08-09,7643,1349
2023-08-10,7647,1280
2023-08-11,7689,1378
2023-08-14,7727,1407
2023-08-15,7504,1440
2023-08-16,7515,1436
2023-08-17,7261,1512
2023-08-18,7648,1547
2023-08-21,7617,1636
2023-08-22,7708,1558
2023-08-23,7527,1552
2023-08-24,7273,1568
2023-08-25,7448,1379
2023-08-28,7052,1401
2023-08-29,7158,1391
2023-08-30,7415,1269
2023-08-31,7477,1171
2023-09-01,7237,1238
2023-09-04,7209,1409
2023-09-05,7445,1716
2023-09-06,6681,2015
2023-09-07,6457,2088
2023-09-08,6176,2037
2023-09-11,6381,1886
2023-09-12,6660,1963
2023-09-13,7013,1899
2023-09-14,6815,2333
2023-09-15,6439,2352
2023-09-18,6921,1895
2023-09-19,6752,1992
2023-09-20,6682,1804
2023-09-21,6798,1842
2023-09-22,7399,1821
2023-09-25,7726,1907
2023-09-26,7434,2073
2023-09-27,7522,2098
2023-09-28,7430,2153
2023-10-02,7243,2343
2023-10-03,7151,2316
2023-10-04,7176,2262
2023-10-05,7274,2430
2023-10-06,7408,2389
2023-10-11,7267,2345
2023-10-12,7170,2410
2023-10-13,7297,2322
2023-10-16,7176,2305
2023-10-17,7224,2181
2023-10-18,6819,1956
2023-10-19,6814,2058
2023-10-20,6730,2086
2023-10-23,6751,2069
2023-10-24,6867,2146
2023-10-25,7376,2178
2023-10-26,7201,2228
2023-10-27,7947,2092
2023-10-30,8075,2078
2023-10-31,7698,1689
2023-11-01,7501,1683
2023-11-02,7460,1580
2023-11-03,7453,1221
2023-11-06,7600,1334
2023-11-07,7798,1341
2023-11-08,7284,1355
2023-11-09,7043,1511
2023-11-10,6869,1511
2023-11-13,7075,1507
2023-11-14,7652,1586
2023-11-15,7588,1630
2023-11-16,6724,1995
2023-11-17,6518,1955
2023-11-20,6949,2012
2023-11-21,6706,2079
2023-11-22,6473,2054
2023-11-23,6133,1732
2023-11-24,6087,1739
2023-11-27,5854,1637
2023-11-28,5941,1648
2023-11-29,5958,1619
2023-11-30,5957,1640
2023-12-01,6032,1633
2023-12-04,5981,1607
2023-12-05,5955,1441
2023-12-06,5925,1461
2023-12-07,6080,1461
2023-12-08,6001,1374
2023-12-11,6069,1383
2023-12-12,6193,1341
2023-12-13,6210,1274
2023-12-14,6198,1212
2023-12-15,6263,1116
2023-12-18,6346,1154
2023-12-19,6573,1108
2023-12-20,6316,1075
2023-12-21,6220,1092
2023-12-22,6332,1082
2023-12-25,6298,1104
2023-12-26,6447,1055
2023-12-27,6173,1002
2023-12-28,6264,991
2023-12-29,6354,995
2024-01-02,6325,970
2024-01-03,6317,933
2024-01-04,6293,909
2024-01-05,6368,853
2024-01-08,6345,885
2024-01-09,6446,846
2024-01-10,6446,827
2024-01-11,6455,808
2024-01-12,6415,834
2024-01-15,6715,839
2024-01-16,6776,843
2024-01-17,7001,884
2024-01-18,7132,918
2024-01-19,7319,906
2024-01-22,7340,1001
2024-01-23,7279,984
2024-01-24,7526,985
2024-01-25,8422,956
2024-01-26,8825,913
2024-01-29,8081,1093
2024-01-30,7642,1160
2024-01-31,7825,1002
2024-02-01,7726,1038
2024-02-02,7687,1247
2024-02-05,7518,1191
2024-02-15,8019,1453
2024-02-16,7564,1217
2024-02-19,7492,1156
2024-02-20,7525,1130
2024-02-21,7351,1109
2024-02-22,7208,1155
2024-02-23,6770,1145
2024-02-26,6686,1116
2024-02-27,6795,1152
2024-02-29,7078,1217
2024-03-01,6784,1159
2024-03-04,6320,1176
2024-03-05,6494,1128
2024-03-06,5830,1198
2024-03-07,5783,972
2024-03-08,6141,954
2024-03-11,7310,1388
2024-03-12,7456,1733
2024-03-13,6643,1181
2024-03-14,6363,839
2024-03-15,6325,582
2024-03-18,6095,39
2024-03-19,5698,0
2024-03-20,5530,0
2024-03-21,5413,0
2024-03-22,4985,259
2024-03-25,4876,441
2024-03-26,4587,496
2024-03-27,4825,678
2024-03-28,4621,516
2024-03-29,4560,735
2024-04-01,4949,803
2024-04-02,4796,880
2024-04-03,4757,1120
2024-04-08,4715,1346
2024-04-09,4572,1410
2024-04-10,4567,1228
2024-04-11,5247,986
2024-04-12,5236,994
2024-04-15,5235,1126
2024-04-16,4659,814
2024-04-17,4941,973
2024-04-18,5438,1016
2024-04-19,5347,847
2024-04-22,5579,668
2024-04-23,5567,694
2024-04-24,5462,1153
2024-04-25,5482,1146
2024-04-26,5419,1231
2024-04-29,5551,1117
2024-04-30,5697,1120
2024-05-02,5658,1295
2024-05-03,5724,1264
2024-05-06,5552,1178
2024-05-07,5744,1233
2024-05-08,5501,1224
2024-05-09,5301,1351
2024-05-10,5434,1312
2024-05-13,5224,1341
2024-05-14,5207,1212
2024-05-15,5276,1230
2024-05-16,4834,1467
2024-05-17,4834,1686
2024-05-20,5102,1316
2024-05-21,5256,1294
2024-05-22,5393,1171
2024-05-23,5705,1201
2024-05-24,5706,1375
2024-05-27,5538,1593
2024-05-28,5820,1583
2024-05-29,5437,1700
2024-05-30,5540,1463
2024-05-31,5794,1401
2024-06-03,5722,1188
2024-06-04,5674,1147
2024-06-05,5647,981
2024-06-06,5555,845
2024-06-07,6002,637
2024-06-11,5965,908
2024-06-12,6433,810
2024-06-13,6318,828
2024-06-14,6492,610
2024-06-17,6672,726
2024-06-18,6805,701
2024-06-19,6768,674
2024-06-20,6925,722
2024-06-21,7379,566
2024-06-24,7283,730
2024-06-25,7408,614
2024-06-26,7412,698
2024-06-27,7651,632
2024-06-28,7745,672
2024-07-01,7517,704
2024-07-02,7524,808
2024-07-03,7443,821
2024-07-04,7257,768
2024-07-05,7059,760
2024-07-08,7271,598
2024-07-09,6803,523
2024-07-10,6456,550
2024-07-11,6705,483
2024-07-12,6237,399
2024-07-15,6212,400
2024-07-16,6593,346
2024-07-17,6471,326
2024-07-18,6677,275
2024-07-19,6856,226
2024-07-22,6777,162
2024-07-23,6635,230
2024-07-26,7220,41
2024-07-29,6479,0
2024-07-30,6606,87
2024-07-31,6656,174
2024-08-01,6850,251
2024-08-02,6875,281
2024-08-05,6758,231
2024-08-06,6409,231
2024-08-07,6260,303
2024-08-08,6476,350
2024-08-09,6292,321
2024-08-12,6275,578
2024-08-13,6681,508
2024-08-14,6520,593
2024-08-15,6608,581
2024-08-16,6641,559
2024-08-19,6681,591
2024-08-20,6723,614
2024-08-21,6732,613
2024-08-22,6794,544
2024-08-23,6747,545
2024-08-26,7218,548
2024-08-27,7208,553
2024-08-28,7320,564
2024-08-29,7116,523
2024-08-30,7136,462
2024-09-02,6908,377
2024-09-03,6953,385
2024-09-04,6996,354
2024-09-05,6871,495
2024-09-06,7057,478
2024-09-09,6970,508
2024-09-10,7094,556
2024-09-11,6979,550
2024-09-12,6914,571
2024-09-13,6883,562
2024-09-16,6926,533
2024-09-18,7059,516
2024-09-19,6977,510
2024-09-20,7244,519
2024-09-23,7214,525
2024-09-24,7217,538
2024-09-25,7254,566
2024-09-26,6897,755
2024-09-27,6889,713
2024-09-30,6920,772
2024-10-01,6876,796
2024-10-04,6758,795
2024-10-07,6747,842
2024-10-08,6556,925
2024-10-09,6668,938
2024-10-11,6320,959
2024-10-14,6294,1010
2024-10-15,5986,1004
2024-10-16,6203,1024
2024-10-17,6153,1069
2024-10-18,6081,1080
2024-10-21,6052,1111
2024-10-22,6338,1110
2024-10-23,6285,1127
2024-10-24,6455,1182
2024-10-25,6562,1183
2024-10-28,6151,1131
2024-10-29,6181,1105
2024-10-30,6216,1175
2024-11-01,6799,1012
2024-11-04,7163,1090
2024-11-05,7613,1124
2024-11-06,7516,1157
2024-11-07,7428,1219
2024-11-08,7862,1218
2024-11-11,8002,1157
2024-11-12,7637,1208
2024-11-13,7657,1251
2024-11-14,7022,1672
2024-11-15,7141,1623
2024-11-18,6994,1644
2024-11-19,6838,1690
2024-11-20,6798,1756
2024-11-21,6696,1808
2024-11-22,6779,1824
2024-11-25,6772,1834
2024-11-26,6528,1782
2024-11-27,6482,1915
2024-11-28,6478,1886
2024-11-29,6587,1882
2024-12-02,6543,1895
2024-12-03,6326,1948
2024-12-04,6275,1958
2024-12-05,6225,1916
2024-12-06,6253,1917
2024-12-09,6181,1868
2024-12-10,6260,1806
2024-12-11,6224,1834
2024-12-12,6123,1833
2024-12-13,6157,1846
2024-12-16,6234,1851
2024-12-17,6342,1887
2024-12-18,6373,1884
2024-12-19,6417,1699
2024-12-20,6507,1614
2024-12-23,6336,1606
2024-12-24,6418,1575
2024-12-25,6405,1587
2024-12-26,6269,1643
2024-12-27,6281,1617
2024-12-30,6260,1627
2024-12-31,6280,1633
2025-01-02,6303,1701
2025-01-03,6275,1723
2025-01-06,6131,1705
2025-01-07,5912,1801
2025-01-08,6084,1757
2025-01-09,6133,1746
2025-01-10,6171,1896
2025-01-13,6064,2011
2025-01-14,6073,2000
2025-01-15,6198,2062
2025-01-16,6177,2157
2025-01-17,6120,2179
2025-01-20,6026,2174
2025-01-21,6141,2197
2025-01-22,6001,2163
2025-02-03,6158,2147
2025-02-04,6230,2052
2025-02-05,6214,2045
2025-02-06,6204,2013
2025-02-07,6321,1888
2025-02-10,6072,1807
2025-02-11,6156,1795
2025-02-12,6163,1810
2025-02-13,6031,1750
2025-02-14,6219,1753
2025-02-17,6241,1720
2025-02-18,6022,1721
2025-02-19,5803,1538
2025-02-20,5754,1620
2025-02-21,5852,1573
2025-02-24,5849,1717
2025-02-25,5964,1556
2025-02-26,5994,1573
2025-02-27,6116,1527
2025-03-03,6189,1006
2025-03-04,6344,422
2025-03-05,6740,277
2025-03-06,6715,264
2025-03-07,6843,98
2025-03-10,6945,2
2025-03-11,7099,0
2025-03-12,7468,0
2025-03-13,7476,0
2025-03-14,7416,346
2025-03-17,7495,491
2025-03-18,7473,518
2025-03-19,7349,550
2025-03-20,7347,917
2025-03-21,7504,925
2025-03-24,7461,876
2025-03-25,7486,903
2025-03-26,7527,845
2025-03-27,7507,882
2025-03-28,7512,842
2025-03-31,7348,1079
2025-04-01,7381,965
2025-04-02,7419,981
2025-04-07,7263,924
2025-04-08,6925,718
2025-04-09,6463,646
2025-04-10,6307,642
2025-04-11,6020,750
2025-04-14,6203,1030
2025-04-15,6335,1109
2025-04-16,5878,1322
2025-04-17,6293,1431
2025-04-18,6147,1564
2025-04-21,6221,1743
2025-04-22,6252,1844
2025-04-23,5801,1860
2025-04-24,5767,2000
2025-04-25,5480,2062
2025-04-28,5386,2027
2025-04-29,5464,2016
2025-04-30,5716,2010
2025-05-02,5287,2036
2025-05-05,5427,2035
2025-05-06,5306,2016
2025-05-07,5560,1994
2025-05-08,5276,1986
2025-05-09,5495,1933
2025-05-12,5104,1943
2025-05-13,5021,1899
2025-05-14,4838,1859
2025-05-15,4889,1870
2025-05-16,4936,1853
2025-05-19,5002,1760
2025-05-20,5020,1703
2025-05-21,5004,1471
2025-05-22,5029,1474
2025-05-23,5040,1117
2025-05-26,5053,1106
2025-05-27,5038,1074
2025-05-28,4952,1051
2025-05-29,5006,1043
2025-06-02,5033,1018
2025-06-03,4994,836
2025-06-04,4601,748
2025-06-05,4562,557
2025-06-06,4524,318
2025-06-09,4448,220
2025-06-10,4373,1
2025-06-11,4296,0
2025-06-12,4599,0
2025-06-13,4588,0
2025-06-16,4799,164
2025-06-17,4448,290
2025-06-18,4264,300
2025-06-19,4202,323
2025-06-20,4212,349
2025-06-23,4263,366
2025-06-24,4385,189
2025-06-25,4294,203
2025-06-26,4427,200
2025-06-27,4438,230
2025-06-30,4537,203
2025-07-01,4586,222
2025-07-02,4607,250
2025-07-03,4585,278
2025-07-04,4596,270
2025-07-07,4412,286
2025-07-08,4357,254
2025-07-09,4375,193
2025-07-10,4451,243
2025-07-11,4452,222
2025-07-14,4420,258
2025-07-15,4838,308
2025-07-16,5051,378
2025-07-17,4924,374
2025-07-18,5045,382
2025-07-21,5269,365
2025-07-22,5030,273
2025-07-23,5068,243
2025-07-24,5134,232
2025-07-25,5068,223
2025-07-28,5037,228
2025-07-29,4998,254
2025-07-30,5046,251
2025-07-31,4872,282
2025-08-01,4829,276
2025-08-04,4899,255
2025-08-05,4982,239
2025-08-06,4903,265
2025-08-07,5387,329
2025-08-08,5544,365
2025-08-11,4863,316
2025-08-12,4891,300
2025-08-13,4938,296
2025-08-14,4904,277
2025-08-15,4911,297
2025-08-18,4835,243
2025-08-19,4764,260
2025-08-20,4665,258
2025-08-21,4807,247
2025-08-22,4795,249
2025-08-25,4703,231
2025-08-26,4761,228
2025-08-27,4800,216
2025-08-28,4815,216
2025-08-29,4870,208
2025-09-01,4822,176
2025-09-02,4811,189
2025-09-03,4829,187
2025-09-04,4901,193
2025-09-05,5746,220
2025-09-08,6184,283
2025-09-09,5932,290
2025-09-10,5761,316
2025-09-11,6248,337
2025-09-12,6449,370
2025-09-15,6771,518
2025-09-16,6358,513
2025-09-17,5967,473
2025-09-18,6208,631
2025-09-19,6204,551
2025-09-22,6172,524
2025-09-23,5546,521
2025-09-24,5143,439
2025-09-25,5099,432
2025-09-26,4816,324
2025-09-30,4902,342
2025-10-01,5034,343
2025-10-02,5429,367
2025-10-03,5510,380
2025-10-07,5537,400
2025-10-08,5168,398
2025-10-09,5121,390
2025-10-13,4989,411
2025-10-14,4644,437
2025-10-15,4695,647
2025-10-16,4456,582
2025-10-17,4364,532
2025-10-20,4292,545
2025-10-21,4420,549
2025-10-22,4233,544
2025-10-23,4196,565
2025-10-27,4471,580
2025-10-28,4124,653
2025-10-29,4051,553
2025-10-30,3951,563
2025-10-31,3988,575
2025-11-03,3933,573
2025-11-04,3715,559
2025-11-05,3572,539
2025-11-06,3575,551
2025-11-07,3579,547
2025-11-10,3488,549
2025-11-11,3386,549
2025-11-12,3380,540
2025-11-13,3363,522
2025-11-14,3293,492
2025-11-17,3469,521
2025-11-18,3435,452
2025-11-19,3524,454
2025-11-20,3584,456
2025-11-21,3527,415
2025-11-24,3526,449
2025-11-25,3912,409
2025-11-26,4020,410
2025-11-27,4170,434
2025-11-28,4212,422
2025-12-01,4314,409
2025-12-02,4588,408
2025-12-03,4338,419
2025-12-04,4427,408
2025-12-05,4412,407
2025-12-08,4441,404
2025-12-09,4455,441
2025-12-10,4527,446
2025-12-11,4549,451
2025-12-12,5248,450
2025-12-15,5294,432
2025-12-16,5205,456
2025-12-17,5148,482
2025-12-18,5118,500
2025-12-19,5228,571
2025-12-22,5136,581
2025-12-23,5063,587
2025-12-24,5089,587
2025-12-26,4874,585
