date,ForeignHoldingRatio
2016-01-04,9.54
2016-01-05,9.76
2016-01-06,9.58
2016-01-07,9.68
2016-01-08,9.74
2016-01-11,9.55
2016-01-12,9.59
2016-01-13,9.54
2016-01-14,9.4
2016-01-15,9.3
2016-01-18,9.71
2016-01-19,9.78
2016-01-20,9.74
2016-01-21,9.77
2016-01-22,9.72
2016-01-25,9.69
2016-01-26,9.67
2016-01-27,9.49
2016-01-28,9.5
2016-01-29,9.58
2016-01-30,9.58
2016-02-01,9.52
2016-02-02,9.61
2016-02-03,9.52
2016-02-04,9.52
2016-02-05,9.52
2016-02-15,9.68
2016-02-16,9.73
2016-02-17,9.44
2016-02-18,9.32
2016-02-19,9.11
2016-02-22,8.77
2016-02-23,8.78
2016-02-24,8.74
2016-02-25,8.77
2016-02-26,8.75
2016-03-01,8.86
2016-03-02,8.77
2016-03-03,8.56
2016-03-04,8.58
2016-03-07,8.63
2016-03-08,8.69
2016-03-09,8.52
2016-03-10,8.52
2016-03-11,8.5
2016-03-14,8.61
2016-03-15,8.53
2016-03-16,8.74
2016-03-17,8.63
2016-03-18,8.41
2016-03-21,8.43
2016-03-22,8.43
2016-03-23,8.45
2016-03-24,8.62
2016-03-25,8.65
2016-03-28,8.65
2016-03-29,8.69
2016-03-30,9.04
2016-03-31,9.25
2016-04-01,9.41
2016-04-06,9.57
2016-04-07,9.74
2016-04-08,9.74
2016-04-11,9.77
2016-04-12,9.84
2016-04-13,10.09
2016-04-14,10.19
2016-04-15,10.4
2016-04-18,10.48
2016-04-19,10.6
2016-04-20,10.37
2016-04-21,10.51
2016-04-22,10.24
2016-04-25,10.47
2016-04-26,10.01
2016-04-27,9.98
2016-04-28,9.84
2016-04-29,9.9
2016-05-03,9.77
2016-05-04,9.8
2016-05-05,9.94
2016-05-06,9.7
2016-05-09,9.66
2016-05-10,9.88
2016-05-11,9.95
2016-05-12,9.99
2016-05-13,10.07
2016-05-16,10.42
2016-05-17,10.47
2016-05-18,10.34
2016-05-19,10.31
2016-05-20,10.3
2016-05-23,10.32
2016-05-24,10.28
2016-05-25,10.44
2016-05-26,10.32
2016-05-27,10.15
2016-05-30,10.06
2016-05-31,10.02
2016-06-01,10.09
2016-06-02,10.05
2016-06-03,10.0
2016-06-04,10.0
2016-06-06,10.04
2016-06-07,10.46
2016-06-08,10.28
2016-06-13,10.33
2016-06-14,10.3
2016-06-15,10.18
2016-06-16,9.97
2016-06-17,10.01
2016-06-20,9.98
2016-06-21,9.87
2016-06-22,9.92
2016-06-23,10.03
2016-06-24,10.0
2016-06-27,10.0
2016-06-28,9.96
2016-06-29,10.01
2016-06-30,10.01
2016-07-01,10.01
2016-07-04,10.06
2016-07-05,10.12
2016-07-06,10.08
2016-07-07,10.09
2016-07-11,10.15
2016-07-12,10.15
2016-07-13,10.14
2016-07-14,10.37
2016-07-15,10.53
2016-07-18,10.53
2016-07-19,10.44
2016-07-20,10.49
2016-07-21,10.63
2016-07-22,10.57
2016-07-25,10.82
2016-07-26,10.95
2016-07-27,11.13
2016-07-28,11.11
2016-07-29,11.05
2016-08-01,11.14
2016-08-02,11.52
2016-08-03,11.47
2016-08-04,11.72
2016-08-05,11.76
2016-08-08,11.73
2016-08-09,11.8
2016-08-10,11.69
2016-08-11,11.48
2016-08-12,11.45
2016-08-15,11.48
2016-08-16,11.56
2016-08-17,11.47
2016-08-18,11.45
2016-08-19,11.31
2016-08-22,11.53
2016-08-23,11.61
2016-08-24,11.61
2016-08-25,11.8
2016-08-26,11.81
2016-08-29,11.84
2016-08-30,11.87
2016-08-31,11.95
2016-09-01,12.02
2016-09-02,12.04
2016-09-05,12.09
2016-09-06,12.1
2016-09-07,12.21
2016-09-08,12.42
2016-09-09,12.72
2016-09-10,12.72
2016-09-12,12.66
2016-09-13,12.52
2016-09-14,12.59
2016-09-19,12.72
2016-09-20,12.67
2016-09-21,12.71
2016-09-22,12.67
2016-09-23,12.83
2016-09-26,12.84
2016-09-29,12.9
2016-09-30,13.02
2016-10-03,13.01
2016-10-04,13.06
2016-10-05,13.05
2016-10-06,13.0
2016-10-07,12.98
2016-10-11,12.87
2016-10-12,12.66
2016-10-13,12.52
2016-10-14,12.52
2016-10-17,12.51
2016-10-18,12.48
2016-10-19,12.44
2016-10-20,12.46
2016-10-21,12.46
2016-10-24,12.46
2016-10-25,12.51
2016-10-26,12.6
2016-10-27,12.67
2016-10-28,12.59
2016-10-31,12.62
2016-11-01,12.6
2016-11-02,12.6
2016-11-03,12.66
2016-11-04,12.69
2016-11-07,12.75
2016-11-08,12.75
2016-11-09,12.78
2016-11-10,12.86
2016-11-11,12.89
2016-11-14,12.92
2016-11-15,12.99
2016-11-16,13.01
2016-11-17,13.02
2016-11-18,13.09
2016-11-21,13.27
2016-11-22,13.55
2016-11-23,13.57
2016-11-24,13.7
2016-11-25,13.72
2016-11-28,13.76
2016-11-29,14.17
2016-11-30,14.33
2016-12-01,14.67
2016-12-02,14.7
2016-12-05,14.71
2016-12-06,14.7
2016-12-07,15.22
2016-12-08,15.45
2016-12-09,15.65
2016-12-12,15.93
2016-12-13,16.06
2016-12-14,16.3
2016-12-15,16.43
2016-12-16,16.56
2016-12-19,16.58
2016-12-20,16.61
2016-12-21,16.46
2016-12-22,16.62
2016-12-23,16.6
2016-12-26,16.72
2016-12-27,16.74
2016-12-28,16.58
2016-12-29,16.6
2016-12-30,16.76
2017-01-03,16.94
2017-01-04,16.76
2017-01-05,16.74
2017-01-06,16.8
2017-01-09,16.74
2017-01-10,16.65
2017-01-11,16.7
2017-01-12,16.9
2017-01-13,16.8
2017-01-16,16.62
2017-01-17,16.47
2017-01-18,16.48
2017-01-19,16.73
2017-01-20,16.88
2017-01-23,16.93
2017-01-24,17.3
2017-01-25,17.3
2017-01-26,17.3
2017-02-02,17.9
2017-02-03,18.03
2017-02-06,18.07
2017-02-07,18.08
2017-02-08,18.19
2017-02-09,18.07
2017-02-10,18.19
2017-02-13,18.21
2017-02-14,18.4
2017-02-15,18.75
2017-02-16,19.07
2017-02-17,18.98
2017-02-18,18.98
2017-02-20,18.95
2017-02-21,18.95
2017-02-22,18.91
2017-02-23,18.95
2017-02-24,18.88
2017-03-01,19.04
2017-03-02,19.04
2017-03-03,19.02
2017-03-06,19.2
2017-03-07,19.23
2017-03-08,19.18
2017-03-09,19.25
2017-03-10,19.25
2017-03-13,19.29
2017-03-14,19.38
2017-03-15,19.69
2017-03-16,19.88
2017-03-17,20.09
2017-03-20,20.17
2017-03-21,20.19
2017-03-22,20.14
2017-03-23,20.14
2017-03-24,20.15
2017-03-27,20.09
2017-03-28,20.24
2017-03-29,20.14
2017-03-30,19.89
2017-03-31,19.83
2017-04-05,19.74
2017-04-06,19.47
2017-04-07,19.13
2017-04-10,18.85
2017-04-11,18.57
2017-04-12,18.49
2017-04-13,18.49
2017-04-14,18.41
2017-04-17,18.4
2017-04-18,18.82
2017-04-19,19.13
2017-04-20,19.15
2017-04-21,19.33
2017-04-24,19.75
2017-04-25,21.05
2017-04-26,21.54
2017-04-27,21.91
2017-04-28,22.36
2017-05-02,22.76
2017-05-03,23.16
2017-05-04,23.36
2017-05-05,23.76
2017-05-08,23.86
2017-05-09,24.01
2017-05-10,23.69
2017-05-11,23.74
2017-05-12,23.6
2017-05-15,23.74
2017-05-16,23.88
2017-05-17,23.98
2017-05-18,24.16
2017-05-19,24.67
2017-05-22,24.82
2017-05-23,24.8
2017-05-24,24.94
2017-05-25,24.54
2017-05-26,24.68
2017-05-31,24.67
2017-06-01,24.76
2017-06-02,24.47
2017-06-03,24.47
2017-06-05,23.69
2017-06-06,23.51
2017-06-07,23.6
2017-06-08,23.7
2017-06-09,23.36
2017-06-12,23.2
2017-06-13,23.07
2017-06-14,23.0
2017-06-15,22.85
2017-06-16,22.77
2017-06-19,22.78
2017-06-20,22.65
2017-06-21,22.58
2017-06-22,22.33
2017-06-23,21.96
2017-06-26,21.89
2017-06-27,21.85
2017-06-28,21.73
2017-06-29,21.68
2017-06-30,22.05
2017-07-03,21.96
2017-07-04,21.82
2017-07-05,21.74
2017-07-06,21.72
2017-07-07,22.01
2017-07-10,22.07
2017-07-11,22.55
2017-07-12,22.55
2017-07-13,22.62
2017-07-14,22.53
2017-07-17,22.42
2017-07-18,22.46
2017-07-19,22.16
2017-07-20,22.29
2017-07-21,21.97
2017-07-24,22.11
2017-07-25,22.16
2017-07-26,22.15
2017-07-27,22.02
2017-07-28,21.99
2017-07-31,22.35
2017-08-01,22.57
2017-08-02,22.29
2017-08-03,22.35
2017-08-04,23.36
2017-08-07,23.27
2017-08-08,23.54
2017-08-09,22.89
2017-08-10,23.68
2017-08-11,24.12
2017-08-14,24.04
2017-08-15,24.19
2017-08-16,24.43
2017-08-17,24.74
2017-08-18,24.54
2017-08-21,24.49
2017-08-22,23.99
2017-08-23,24.08
2017-08-24,24.09
2017-08-25,24.13
2017-08-28,24.01
2017-08-29,23.72
2017-08-30,23.4
2017-08-31,23.45
2017-09-01,23.36
2017-09-04,23.33
2017-09-05,23.13
2017-09-06,23.66
2017-09-07,23.33
2017-09-08,23.32
2017-09-11,23.0
2017-09-12,22.56
2017-09-13,22.4
2017-09-14,22.12
2017-09-15,22.14
2017-09-18,22.27
2017-09-19,22.06
2017-09-20,22.04
2017-09-21,21.88
2017-09-22,21.87
2017-09-25,21.62
2017-09-26,21.9
2017-09-27,22.05
2017-09-28,21.8
2017-09-29,21.8
2017-09-30,21.8
2017-10-02,21.41
2017-10-03,21.18
2017-10-05,21.21
2017-10-06,21.34
2017-10-11,21.58
2017-10-12,21.23
2017-10-13,21.48
2017-10-16,21.2
2017-10-17,21.13
2017-10-18,21.44
2017-10-19,21.86
2017-10-20,21.56
2017-10-23,21.6
2017-10-24,21.56
2017-10-25,21.24
2017-10-26,21.18
2017-10-27,21.05
2017-10-30,21.21
2017-10-31,21.21
2017-11-01,21.43
2017-11-02,20.94
2017-11-03,20.91
2017-11-06,20.85
2017-11-07,20.97
2017-11-08,21.3
2017-11-09,20.94
2017-11-10,20.86
2017-11-13,20.74
2017-11-14,20.8
2017-11-15,20.89
2017-11-16,20.52
2017-11-17,20.48
2017-11-20,20.34
2017-11-21,20.25
2017-11-22,19.96
2017-11-23,19.81
2017-11-24,19.81
2017-11-27,19.22
2017-11-28,19.79
2017-11-29,19.57
2017-11-30,19.6
2017-12-01,19.58
2017-12-04,19.78
2017-12-05,19.74
2017-12-06,19.52
2017-12-07,19.3
2017-12-08,19.28
2017-12-11,19.08
2017-12-12,18.92
2017-12-13,18.58
2017-12-14,18.5
2017-12-15,18.26
2017-12-18,18.28
2017-12-19,18.27
2017-12-20,18.33
2017-12-21,18.38
2017-12-22,18.52
2017-12-25,18.29
2017-12-26,18.08
2017-12-27,17.6
2017-12-28,17.68
2017-12-29,17.66
2018-01-02,17.73
2018-01-03,17.83
2018-01-04,17.58
2018-01-05,17.23
2018-01-08,17.04
2018-01-09,16.5
2018-01-10,17.12
2018-01-11,16.8
2018-01-12,16.66
2018-01-15,16.64
2018-01-16,16.45
2018-01-17,16.63
2018-01-18,16.27
2018-01-19,16.23
2018-01-22,16.11
2018-01-23,16.1
2018-01-24,16.01
2018-01-25,15.92
2018-01-26,15.83
2018-01-29,15.87
2018-01-30,15.69
2018-01-31,15.73
2018-02-01,15.8
2018-02-02,15.8
2018-02-05,15.72
2018-02-06,15.48
2018-02-07,15.29
2018-02-08,15.4
2018-02-09,15.56
2018-02-12,14.99
2018-02-13,14.99
2018-02-14,14.99
2018-02-21,15.84
2018-02-22,15.08
2018-02-23,15.05
2018-02-26,15.33
2018-02-27,15.15
2018-03-01,15.46
2018-03-02,15.54
2018-03-05,15.34
2018-03-06,15.22
2018-03-07,15.33
2018-03-08,15.35
2018-03-09,15.29
2018-03-12,15.3
2018-03-13,15.4
2018-03-14,15.29
2018-03-15,15.26
2018-03-16,15.23
2018-03-19,15.41
2018-03-20,15.42
2018-03-21,15.41
2018-03-22,15.33
2018-03-23,15.36
2018-03-26,15.51
2018-03-27,15.53
2018-03-28,15.64
2018-03-29,15.87
2018-03-30,15.96
2018-03-31,15.96
2018-04-02,15.81
2018-04-03,16.28
2018-04-09,16.04
2018-04-10,15.97
2018-04-11,15.92
2018-04-12,15.95
2018-04-13,15.89
2018-04-16,15.89
2018-04-17,15.94
2018-04-18,15.79
2018-04-19,15.93
2018-04-20,15.87
2018-04-23,15.99
2018-04-24,15.88
2018-04-25,15.81
2018-04-26,15.92
2018-04-27,15.81
2018-04-30,15.65
2018-05-02,15.5
2018-05-03,15.5
2018-05-04,15.65
2018-05-07,15.66
2018-05-08,15.66
2018-05-09,15.5
2018-05-10,15.46
2018-05-11,15.45
2018-05-14,15.8
2018-05-15,15.72
2018-05-16,15.89
2018-05-17,15.84
2018-05-18,15.86
2018-05-21,15.96
2018-05-22,15.98
2018-05-23,16.2
2018-05-24,16.74
2018-05-25,16.71
2018-05-28,16.75
2018-05-29,16.92
2018-05-30,16.96
2018-05-31,16.86
2018-06-01,16.94
2018-06-04,16.91
2018-06-05,16.9
2018-06-06,16.82
2018-06-07,16.88
2018-06-08,16.41
2018-06-11,16.36
2018-06-12,16.4
2018-06-13,16.32
2018-06-14,16.58
2018-06-15,16.94
2018-06-19,16.93
2018-06-20,16.72
2018-06-21,16.89
2018-06-22,16.46
2018-06-25,16.53
2018-06-26,16.53
2018-06-27,16.48
2018-06-28,16.42
2018-06-29,16.36
2018-07-02,16.65
2018-07-03,16.7
2018-07-04,17.68
2018-07-05,18.13
2018-07-06,18.32
2018-07-09,18.26
2018-07-10,18.57
2018-07-11,18.56
2018-07-12,18.62
2018-07-13,18.7
2018-07-16,19.01
2018-07-17,19.3
2018-07-18,19.0
2018-07-19,19.57
2018-07-20,19.99
2018-07-23,20.55
2018-07-24,21.16
2018-07-25,21.01
2018-07-26,21.14
2018-07-27,21.32
2018-07-30,21.19
2018-07-31,21.43
2018-08-01,21.76
2018-08-02,21.86
2018-08-03,21.8
2018-08-06,21.48
2018-08-07,21.26
2018-08-08,21.1
2018-08-09,20.9
2018-08-10,21.3
2018-08-13,20.98
2018-08-14,20.72
2018-08-15,20.78
2018-08-16,20.76
2018-08-17,21.16
2018-08-20,20.99
2018-08-21,21.09
2018-08-22,21.3
2018-08-23,21.58
2018-08-24,21.74
2018-08-27,21.66
2018-08-28,21.56
2018-08-29,21.38
2018-08-30,21.83
2018-08-31,21.83
2018-09-03,21.49
2018-09-04,21.66
2018-09-05,21.55
2018-09-06,21.32
2018-09-07,21.24
2018-09-10,21.15
2018-09-11,21.04
2018-09-12,21.0
2018-09-13,20.83
2018-09-14,20.45
2018-09-17,20.31
2018-09-18,20.18
2018-09-19,20.21
2018-09-20,20.34
2018-09-21,20.42
2018-09-25,20.13
2018-09-26,20.02
2018-09-27,20.03
2018-09-28,19.57
2018-10-01,20.6
2018-10-02,20.23
2018-10-03,20.72
2018-10-04,21.21
2018-10-05,22.01
2018-10-08,22.69
2018-10-09,22.82
2018-10-11,23.16
2018-10-12,23.25
2018-10-15,23.0
2018-10-16,22.76
2018-10-17,22.13
2018-10-18,22.02
2018-10-19,22.41
2018-10-22,22.37
2018-10-23,21.77
2018-10-24,20.94
2018-10-25,20.35
2018-10-26,20.04
2018-10-29,20.08
2018-10-30,20.03
2018-10-31,19.74
2018-11-01,18.71
2018-11-02,18.0
2018-11-05,17.7
2018-11-06,17.75
2018-11-07,17.61
2018-11-08,17.38
2018-11-09,17.33
2018-11-12,17.22
2018-11-13,17.1
2018-11-14,16.45
2018-11-15,16.4
2018-11-16,16.33
2018-11-19,16.53
2018-11-20,16.44
2018-11-21,16.4
2018-11-22,16.1
2018-11-23,15.91
2018-11-26,15.93
2018-11-27,16.25
2018-11-28,15.65
2018-11-29,15.52
2018-11-30,15.51
2018-12-03,15.47
2018-12-04,15.37
2018-12-05,15.47
2018-12-06,15.19
2018-12-07,14.95
2018-12-10,15.22
2018-12-11,15.39
2018-12-12,15.15
2018-12-13,15.18
2018-12-14,14.93
2018-12-17,14.91
2018-12-18,14.86
2018-12-19,14.9
2018-12-20,14.87
2018-12-21,15.05
2018-12-22,15.05
2018-12-24,14.95
2018-12-25,14.94
2018-12-26,14.69
2018-12-27,14.84
2018-12-28,14.88
2019-01-02,14.83
2019-01-03,14.99
2019-01-04,15.26
2019-01-07,15.14
2019-01-08,15.19
2019-01-09,15.08
2019-01-10,15.03
2019-01-11,16.49
2019-01-14,16.53
2019-01-15,16.25
2019-01-16,16.53
2019-01-17,16.94
2019-01-18,16.79
2019-01-21,16.51
2019-01-22,16.34
2019-01-23,16.28
2019-01-24,15.71
2019-01-25,15.56
2019-01-28,15.55
2019-01-29,15.6
2019-01-30,15.64
2019-01-31,15.64
2019-02-01,15.64
2019-02-11,15.3
2019-02-12,15.14
2019-02-13,15.11
2019-02-14,15.15
2019-02-15,14.81
2019-02-18,14.92
2019-02-19,14.79
2019-02-20,14.82
2019-02-21,15.09
2019-02-22,15.23
2019-02-25,15.24
2019-02-26,15.16
2019-02-27,15.43
2019-03-04,15.23
2019-03-05,15.02
2019-03-06,14.98
2019-03-07,14.88
2019-03-08,15.07
2019-03-11,14.97
2019-03-12,14.98
2019-03-13,14.91
2019-03-14,15.08
2019-03-15,15.08
2019-03-18,15.29
2019-03-19,15.34
2019-03-20,15.14
2019-03-21,15.3
2019-03-22,15.25
2019-03-25,15.6
2019-03-26,15.14
2019-03-27,16.4
2019-03-28,16.96
2019-03-29,16.57
2019-04-01,16.79
2019-04-02,17.26
2019-04-03,17.25
2019-04-08,16.99
2019-04-09,17.25
2019-04-10,17.43
2019-04-11,17.35
2019-04-12,18.0
2019-04-15,18.22
2019-04-16,18.29
2019-04-17,17.7
2019-04-18,17.93
2019-04-19,18.01
2019-04-22,17.91
2019-04-23,18.09
2019-04-24,18.21
2019-04-25,18.15
2019-04-26,17.95
2019-04-29,18.13
2019-04-30,18.08
2019-05-02,17.85
2019-05-03,17.86
2019-05-06,17.76
2019-05-07,17.56
2019-05-08,17.24
2019-05-09,16.93
2019-05-10,16.61
2019-05-13,16.69
2019-05-14,17.11
2019-05-15,16.92
2019-05-16,16.84
2019-05-17,16.78
2019-05-20,16.48
2019-05-21,16.16
2019-05-22,15.9
2019-05-23,15.99
2019-05-24,15.9
2019-05-27,15.8
2019-05-28,15.88
2019-05-29,15.8
2019-05-30,15.8
2019-05-31,15.75
2019-06-03,15.72
2019-06-04,15.63
2019-06-05,15.62
2019-06-06,14.93
2019-06-10,14.97
2019-06-11,15.07
2019-06-12,14.82
2019-06-13,15.04
2019-06-14,14.83
2019-06-17,14.71
2019-06-18,14.62
2019-06-19,14.53
2019-06-20,14.66
2019-06-21,14.74
2019-06-24,14.74
2019-06-25,14.75
2019-06-26,14.99
2019-06-27,14.99
2019-06-28,15.02
2019-07-01,15.14
2019-07-02,15.18
2019-07-03,15.15
2019-07-04,15.21
2019-07-05,15.12
2019-07-08,15.12
2019-07-09,14.91
2019-07-10,15.01
2019-07-11,15.12
2019-07-12,15.9
2019-07-15,15.54
2019-07-16,15.51
2019-07-17,15.49
2019-07-18,15.12
2019-07-19,14.58
2019-07-22,14.52
2019-07-23,14.57
2019-07-24,14.07
2019-07-25,13.95
2019-07-26,14.01
2019-07-29,14.02
2019-07-30,13.73
2019-07-31,14.01
2019-08-01,14.09
2019-08-02,13.94
2019-08-05,13.95
2019-08-06,13.97
2019-08-07,13.77
2019-08-08,13.82
2019-08-12,13.61
2019-08-13,13.96
2019-08-14,13.84
2019-08-15,14.43
2019-08-16,14.0
2019-08-19,13.95
2019-08-20,13.85
2019-08-21,14.19
2019-08-22,14.09
2019-08-23,13.94
2019-08-26,14.49
2019-08-27,14.58
2019-08-28,14.71
2019-08-29,15.11
2019-08-30,14.54
2019-09-02,14.81
2019-09-03,14.72
2019-09-04,14.64
2019-09-05,14.38
2019-09-06,14.28
2019-09-09,14.22
2019-09-10,14.36
2019-09-11,14.37
2019-09-12,14.53
2019-09-16,14.51
2019-09-17,14.48
2019-09-18,14.72
2019-09-19,15.06
2019-09-20,15.16
2019-09-23,15.5
2019-09-24,15.64
2019-09-25,16.07
2019-09-26,16.43
2019-09-27,16.66
2019-10-01,16.5
2019-10-02,16.98
2019-10-03,16.71
2019-10-04,16.97
2019-10-07,17.43
2019-10-08,18.53
2019-10-09,18.88
2019-10-14,18.85
2019-10-15,19.04
2019-10-16,18.19
2019-10-17,17.9
2019-10-18,18.48
2019-10-21,18.79
2019-10-22,19.07
2019-10-23,18.96
2019-10-24,19.12
2019-10-25,18.61
2019-10-28,19.24
2019-10-29,19.27
2019-10-30,19.46
2019-10-31,19.26
2019-11-01,19.16
2019-11-04,19.2
2019-11-05,19.11
2019-11-06,19.15
2019-11-07,19.15
2019-11-08,18.98
2019-11-11,18.88
2019-11-12,19.67
2019-11-13,19.15
2019-11-14,20.01
2019-11-15,20.02
2019-11-18,20.31
2019-11-19,20.38
2019-11-20,19.6
2019-11-21,20.16
2019-11-22,20.37
2019-11-25,21.04
2019-11-26,20.47
2019-11-27,20.43
2019-11-28,20.29
2019-11-29,20.25
2019-12-02,20.62
2019-12-03,20.63
2019-12-04,21.15
2019-12-05,21.3
2019-12-06,21.86
2019-12-09,22.07
2019-12-10,22.0
2019-12-11,22.47
2019-12-12,22.33
2019-12-13,23.11
2019-12-16,22.77
2019-12-17,22.6
2019-12-18,22.48
2019-12-19,22.56
2019-12-20,22.58
2019-12-23,22.44
2019-12-24,22.63
2019-12-25,22.97
2019-12-26,22.85
2019-12-27,22.86
2019-12-30,22.98
2019-12-31,22.84
2020-01-02,22.81
2020-01-03,22.74
2020-01-06,22.83
2020-01-07,22.83
2020-01-08,22.9
2020-01-09,23.11
2020-01-10,23.24
2020-01-13,23.39
2020-01-14,23.51
2020-01-15,23.9
2020-01-16,23.84
2020-01-17,23.41
2020-01-20,23.76
2020-01-21,23.76
2020-01-22,23.76
2020-01-30,23.98
2020-01-31,23.82
2020-02-03,23.94
2020-02-04,23.91
2020-02-05,23.7
2020-02-06,23.84
2020-02-07,24.07
2020-02-10,24.03
2020-02-11,24.09
2020-02-12,24.31
2020-02-13,24.4
2020-02-14,24.58
2020-02-17,24.82
2020-02-18,24.38
2020-02-19,24.43
2020-02-20,24.43
2020-02-21,24.6
2020-02-24,24.57
2020-02-25,24.65
2020-02-26,24.53
2020-02-27,24.26
2020-03-02,24.35
2020-03-03,23.86
2020-03-04,23.94
2020-03-05,24.11
2020-03-06,24.27
2020-03-09,24.02
2020-03-10,24.07
2020-03-11,23.86
2020-03-12,23.88
2020-03-13,24.7
2020-03-16,24.54
2020-03-17,24.52
2020-03-18,24.09
2020-03-19,24.18
2020-03-20,24.22
2020-03-23,23.85
2020-03-24,23.15
2020-03-25,22.35
2020-03-26,22.1
2020-03-27,22.1
2020-03-30,22.23
2020-03-31,21.91
2020-04-01,21.84
2020-04-06,21.87
2020-04-07,21.5
2020-04-08,21.42
2020-04-09,21.86
2020-04-10,21.77
2020-04-13,21.85
2020-04-14,21.87
2020-04-15,21.83
2020-04-16,22.27
2020-04-17,22.28
2020-04-20,22.39
2020-04-21,22.62
2020-04-22,22.89
2020-04-23,22.86
2020-04-24,22.93
2020-04-27,22.76
2020-04-28,22.88
2020-04-29,22.97
2020-04-30,22.82
2020-05-04,22.91
2020-05-05,22.81
2020-05-06,22.92
2020-05-07,23.24
2020-05-08,23.43
2020-05-11,23.57
2020-05-12,24.02
2020-05-13,24.74
2020-05-14,26.15
2020-05-15,26.26
2020-05-18,26.48
2020-05-19,26.39
2020-05-20,26.7
2020-05-21,26.4
2020-05-22,26.61
2020-05-25,26.91
2020-05-26,26.88
2020-05-27,26.95
2020-05-28,27.38
2020-05-29,27.73
2020-06-01,27.8
2020-06-02,27.87
2020-06-03,27.84
2020-06-04,28.14
2020-06-05,27.71
2020-06-08,27.66
2020-06-09,28.0
2020-06-10,28.66
2020-06-11,28.56
2020-06-12,28.81
2020-06-15,28.43
2020-06-16,28.16
2020-06-17,28.04
2020-06-18,28.3
2020-06-19,28.5
2020-06-22,28.71
2020-06-23,28.2
2020-06-24,28.4
2020-06-29,28.23
2020-06-30,28.16
2020-07-01,28.23
2020-07-02,28.22
2020-07-03,28.1
2020-07-06,28.38
2020-07-07,28.28
2020-07-08,29.09
2020-07-09,28.95
2020-07-10,29.47
2020-07-13,29.16
2020-07-14,29.5
2020-07-15,29.56
2020-07-16,29.39
2020-07-17,29.55
2020-07-20,30.05
2020-07-21,30.19
2020-07-22,30.15
2020-07-23,30.08
2020-07-24,30.14
2020-07-27,30.49
2020-07-28,30.29
2020-07-29,30.59
2020-07-30,30.09
2020-07-31,30.14
2020-08-03,30.16
2020-08-04,30.15
2020-08-05,30.0
2020-08-06,29.75
2020-08-07,29.79
2020-08-10,29.79
2020-08-11,30.0
2020-08-12,30.13
2020-08-13,30.21
2020-08-14,30.15
2020-08-17,30.12
2020-08-18,30.21
2020-08-19,30.11
2020-08-20,30.38
2020-08-21,30.35
2020-08-24,30.01
2020-08-25,29.66
2020-08-26,29.63
2020-08-27,29.84
2020-08-28,30.31
2020-08-31,29.88
2020-09-01,29.82
2020-09-02,29.81
2020-09-03,29.62
2020-09-04,29.64
2020-09-07,29.58
2020-09-08,29.55
2020-09-09,29.5
2020-09-10,29.47
2020-09-11,29.28
2020-09-14,29.36
2020-09-15,29.63
2020-09-16,29.54
2020-09-17,29.44
2020-09-18,29.48
2020-09-21,29.4
2020-09-22,29.22
2020-09-23,30.04
2020-09-24,30.22
2020-09-25,30.42
2020-09-28,29.96
2020-09-29,31.32
2020-09-30,30.5
2020-10-05,30.45
2020-10-06,30.63
2020-10-07,30.75
2020-10-08,31.42
2020-10-12,31.2
2020-10-13,30.95
2020-10-14,30.96
2020-10-15,31.35
2020-10-16,31.38
2020-10-19,31.31
2020-10-20,31.9
2020-10-21,31.93
2020-10-22,31.88
2020-10-23,31.85
2020-10-26,31.95
2020-10-27,32.04
2020-10-28,32.18
2020-10-29,32.22
2020-10-30,32.31
2020-11-02,32.69
2020-11-03,32.56
2020-11-04,32.54
2020-11-05,32.41
2020-11-06,32.45
2020-11-09,32.55
2020-11-10,32.56
2020-11-11,32.3
2020-11-12,32.39
2020-11-13,32.13
2020-11-16,31.94
2020-11-17,31.82
2020-11-18,31.63
2020-11-19,31.31
2020-11-20,30.97
2020-11-23,30.86
2020-11-24,30.53
2020-11-25,29.92
2020-11-26,29.66
2020-11-27,29.55
2020-11-30,29.53
2020-12-01,29.73
2020-12-02,29.65
2020-12-03,29.42
2020-12-04,29.52
2020-12-07,29.37
2020-12-08,28.96
2020-12-09,29.98
2020-12-10,29.64
2020-12-11,29.4
2020-12-14,29.62
2020-12-15,29.33
2020-12-16,29.28
2020-12-17,29.11
2020-12-18,29.75
2020-12-21,30.04
2020-12-22,29.72
2020-12-23,30.24
2020-12-24,30.09
2020-12-25,30.09
2020-12-28,30.06
2020-12-29,29.99
2020-12-30,30.04
2020-12-31,30.19
2021-01-04,31.0
2021-01-05,30.66
2021-01-06,30.83
2021-01-07,30.81
2021-01-08,30.94
2021-01-11,30.85
2021-01-12,30.85
2021-01-13,30.88
2021-01-14,30.75
2021-01-15,30.9
2021-01-18,31.0
2021-01-19,31.0
2021-01-20,30.99
2021-01-21,30.78
2021-01-22,30.94
2021-01-25,30.9
2021-01-26,30.76
2021-01-27,30.74
2021-01-28,30.78
2021-01-29,30.61
2021-02-01,30.6
2021-02-02,30.5
2021-02-03,30.39
2021-02-04,30.45
2021-02-05,30.33
2021-02-08,30.33
2021-02-09,30.33
2021-02-17,30.51
2021-02-18,30.36
2021-02-19,29.78
2021-02-22,29.87
2021-02-23,29.66
2021-02-24,29.54
2021-02-25,29.65
2021-02-26,29.61
2021-03-02,29.54
2021-03-03,29.66
2021-03-04,29.59
2021-03-05,29.5
2021-03-08,29.45
2021-03-09,29.36
2021-03-10,29.45
2021-03-11,29.46
2021-03-12,29.46
2021-03-15,29.51
2021-03-16,29.65
2021-03-17,29.7
2021-03-18,29.59
2021-03-19,29.47
2021-03-22,29.87
2021-03-23,29.94
2021-03-24,29.9
2021-03-25,29.8
2021-03-26,29.8
2021-03-29,29.81
2021-03-30,29.84
2021-03-31,29.65
2021-04-01,29.28
2021-04-06,29.17
2021-04-07,29.21
2021-04-08,29.42
2021-04-09,29.05
2021-04-12,28.86
2021-04-13,28.61
2021-04-14,28.59
2021-04-15,28.56
2021-04-16,28.63
2021-04-19,28.47
2021-04-20,28.4
2021-04-21,28.66
2021-04-22,28.68
2021-04-23,28.91
2021-04-26,29.42
2021-04-27,29.61
2021-04-28,29.83
2021-04-29,30.63
2021-05-03,30.85
2021-05-04,30.62
2021-05-05,30.47
2021-05-06,30.61
2021-05-07,30.62
2021-05-10,30.67
2021-05-11,30.48
2021-05-12,30.86
2021-05-13,30.79
2021-05-14,30.56
2021-05-17,30.51
2021-05-18,30.48
2021-05-19,30.46
2021-05-20,30.52
2021-05-21,30.49
2021-05-24,30.33
2021-05-25,30.34
2021-05-26,30.45
2021-05-27,30.62
2021-05-28,30.53
2021-05-31,30.51
2021-06-01,30.63
2021-06-02,30.87
2021-06-03,31.08
2021-06-04,31.15
2021-06-07,31.47
2021-06-08,31.59
2021-06-09,31.85
2021-06-10,32.19
2021-06-11,31.97
2021-06-15,31.93
2021-06-16,31.85
2021-06-17,31.86
2021-06-18,31.96
2021-06-21,31.93
2021-06-22,31.92
2021-06-23,32.09
2021-06-24,32.12
2021-06-25,32.36
2021-06-28,32.42
2021-06-29,32.41
2021-06-30,32.37
2021-07-01,32.31
2021-07-02,32.42
2021-07-05,32.36
2021-07-06,32.34
2021-07-07,32.43
2021-07-08,32.43
2021-07-09,32.51
2021-07-12,32.53
2021-07-13,32.43
2021-07-14,32.47
2021-07-15,32.39
2021-07-16,32.19
2021-07-19,32.23
2021-07-20,32.27
2021-07-21,32.23
2021-07-22,32.3
2021-07-23,32.3
2021-07-26,32.29
2021-07-27,32.19
2021-07-28,32.09
2021-07-29,32.19
2021-07-30,32.16
2021-08-02,32.04
2021-08-03,32.02
2021-08-04,32.13
2021-08-05,32.16
2021-08-06,32.11
2021-08-09,32.05
2021-08-10,32.09
2021-08-11,32.07
2021-08-12,31.57
2021-08-13,31.46
2021-08-16,31.33
2021-08-17,31.16
2021-08-18,30.96
2021-08-19,30.72
2021-08-20,30.62
2021-08-23,30.57
2021-08-24,30.49
2021-08-25,30.45
2021-08-26,30.39
2021-08-27,30.27
2021-08-30,30.26
2021-08-31,30.19
2021-09-01,30.19
2021-09-02,30.18
2021-09-03,30.13
2021-09-06,30.08
2021-09-07,30.05
2021-09-08,30.35
2021-09-09,30.69
2021-09-10,30.73
2021-09-13,30.99
2021-09-14,31.22
2021-09-15,31.32
2021-09-16,31.41
2021-09-17,31.27
2021-09-22,31.22
2021-09-23,31.37
2021-09-24,31.28
2021-09-27,31.37
2021-09-28,31.4
2021-09-29,31.16
2021-09-30,31.09
2021-10-01,30.96
2021-10-04,30.87
2021-10-05,30.65
2021-10-06,30.51
2021-10-07,30.31
2021-10-08,30.43
2021-10-12,30.49
2021-10-13,30.38
2021-10-14,30.42
2021-10-15,30.5
2021-10-18,30.48
2021-10-19,30.58
2021-10-20,30.59
2021-10-21,30.62
2021-10-22,30.75
2021-10-25,30.77
2021-10-26,30.77
2021-10-27,30.84
2021-10-28,30.96
2021-10-29,31.08
2021-11-01,31.19
2021-11-02,31.1
2021-11-03,31.17
2021-11-04,31.24
2021-11-05,31.32
2021-11-08,31.37
2021-11-09,31.93
2021-11-10,32.01
2021-11-11,32.08
2021-11-12,32.47
2021-11-15,32.16
2021-11-16,32.08
2021-11-17,31.89
2021-11-18,31.89
2021-11-19,31.89
2021-11-22,31.84
2021-11-23,31.87
2021-11-24,32.52
2021-11-25,32.77
2021-11-26,32.84
2021-11-29,32.92
2021-11-30,32.91
2021-12-01,32.93
2021-12-02,33.13
2021-12-03,33.13
2021-12-06,33.11
2021-12-07,33.07
2021-12-08,33.12
2021-12-09,33.13
2021-12-10,33.12
2021-12-13,33.18
2021-12-14,33.27
2021-12-15,33.24
2021-12-16,33.14
2021-12-17,33.16
2021-12-20,33.18
2021-12-21,33.31
2021-12-22,33.25
2021-12-23,33.28
2021-12-24,33.33
2021-12-27,33.37
2021-12-28,33.42
2021-12-29,33.38
2021-12-30,33.47
2022-01-03,33.55
2022-01-04,33.65
2022-01-05,33.73
2022-01-06,33.86
2022-01-07,33.83
2022-01-10,33.84
2022-01-11,33.72
2022-01-12,33.75
2022-01-13,33.71
2022-01-14,33.87
2022-01-17,33.85
2022-01-18,33.87
2022-01-19,33.93
2022-01-20,34.0
2022-01-21,33.87
2022-01-24,33.85
2022-01-25,33.79
2022-01-26,33.8
2022-01-27,33.8
2022-01-28,33.8
2022-02-07,33.8
2022-02-08,33.77
2022-02-09,33.89
2022-02-10,33.91
2022-02-11,33.88
2022-02-14,33.8
2022-02-15,33.91
2022-02-16,33.89
2022-02-17,33.86
2022-02-18,33.86
2022-02-21,33.9
2022-02-22,33.82
2022-02-23,33.82
2022-02-24,33.73
2022-02-25,33.68
2022-03-01,33.68
2022-03-02,33.58
2022-03-03,33.51
2022-03-04,33.56
2022-03-07,33.57
2022-03-08,33.64
2022-03-09,33.95
2022-03-10,34.12
2022-03-11,34.14
2022-03-14,34.11
2022-03-15,34.08
2022-03-16,34.09
2022-03-17,34.21
2022-03-18,34.2
2022-03-21,34.17
2022-03-22,34.34
2022-03-23,34.39
2022-03-24,34.7
2022-03-25,34.7
2022-03-28,34.7
2022-03-29,34.66
2022-03-30,34.66
2022-03-31,34.64
2022-04-01,34.65
2022-04-06,34.57
2022-04-07,34.42
2022-04-08,34.46
2022-04-11,34.46
2022-04-12,34.61
2022-04-13,34.7
2022-04-14,34.76
2022-04-15,34.78
2022-04-18,34.72
2022-04-19,34.74
2022-04-20,34.96
2022-04-21,34.83
2022-04-22,34.72
2022-04-25,34.6
2022-04-26,34.54
2022-04-27,34.48
2022-04-28,34.34
2022-04-29,34.3
2022-05-03,34.32
2022-05-04,34.27
2022-05-05,34.33
2022-05-06,34.34
2022-05-09,34.28
2022-05-10,34.25
2022-05-11,34.27
2022-05-12,34.22
2022-05-13,34.68
2022-05-16,34.85
2022-05-17,34.71
2022-05-18,34.71
2022-05-19,34.69
2022-05-20,34.66
2022-05-23,34.62
2022-05-24,34.61
2022-05-25,34.62
2022-05-26,34.56
2022-05-27,34.33
2022-05-30,34.09
2022-05-31,34.09
2022-06-01,33.82
2022-06-02,33.89
2022-06-06,34.0
2022-06-07,33.94
2022-06-08,33.9
2022-06-09,33.97
2022-06-10,34.02
2022-06-13,33.99
2022-06-14,34.01
2022-06-15,34.19
2022-06-16,34.22
2022-06-17,34.33
2022-06-20,34.3
2022-06-21,34.32
2022-06-22,34.34
2022-06-23,34.6
2022-06-24,34.66
2022-06-27,34.45
2022-06-28,34.39
2022-06-29,34.48
2022-06-30,34.58
2022-07-01,34.77
2022-07-04,35.04
2022-07-05,35.36
2022-07-06,35.76
2022-07-07,36.04
2022-07-08,35.91
2022-07-11,35.84
2022-07-12,35.7
2022-07-13,35.25
2022-07-14,35.0
2022-07-15,34.37
2022-07-18,34.06
2022-07-19,33.99
2022-07-20,33.89
2022-07-21,33.87
2022-07-22,33.77
2022-07-25,33.7
2022-07-26,33.58
2022-07-27,33.67
2022-07-28,33.71
2022-07-29,33.75
2022-08-01,33.82
2022-08-02,34.27
2022-08-03,34.18
2022-08-04,34.19
2022-08-05,34.03
2022-08-08,34.01
2022-08-09,33.94
2022-08-10,33.86
2022-08-11,33.82
2022-08-12,33.88
2022-08-15,33.83
2022-08-16,33.62
2022-08-17,33.42
2022-08-18,33.33
2022-08-19,32.98
2022-08-22,32.81
2022-08-23,32.81
2022-08-24,32.58
2022-08-25,32.38
2022-08-26,32.3
2022-08-29,32.4
2022-08-30,32.43
2022-08-31,32.46
2022-09-01,32.38
2022-09-02,32.51
2022-09-05,32.44
2022-09-06,32.35
2022-09-07,32.39
2022-09-08,32.36
2022-09-12,32.1
2022-09-13,32.02
2022-09-14,31.98
2022-09-15,31.86
2022-09-16,31.86
2022-09-19,31.77
2022-09-20,31.67
2022-09-21,31.71
2022-09-22,31.84
2022-09-23,31.91
2022-09-26,32.15
2022-09-27,32.11
2022-09-28,31.96
2022-09-29,31.81
2022-09-30,31.77
2022-10-03,31.56
2022-10-04,31.49
2022-10-05,31.41
2022-10-06,31.55
2022-10-07,31.38
2022-10-11,31.18
2022-10-12,31.05
2022-10-13,30.85
2022-10-14,30.68
2022-10-17,30.85
2022-10-18,30.68
2022-10-19,30.75
2022-10-20,30.7
2022-10-21,30.59
2022-10-24,30.74
2022-10-25,30.72
2022-10-26,30.73
2022-10-27,30.99
2022-10-28,31.12
2022-10-31,31.17
2022-11-01,31.29
2022-11-02,31.36
2022-11-03,31.38
2022-11-04,31.48
2022-11-07,31.52
2022-11-08,31.59
2022-11-09,31.7
2022-11-10,31.78
2022-11-11,31.94
2022-11-14,32.11
2022-11-15,32.1
2022-11-16,32.22
2022-11-17,32.28
2022-11-18,32.14
2022-11-21,32.08
2022-11-22,32.18
2022-11-23,32.09
2022-11-24,32.22
2022-11-25,32.27
2022-11-28,32.5
2022-11-29,32.55
2022-11-30,32.53
2022-12-01,32.71
2022-12-02,32.73
2022-12-05,32.61
2022-12-06,32.66
2022-12-07,32.7
2022-12-08,32.69
2022-12-09,32.74
2022-12-12,32.76
2022-12-13,32.75
2022-12-14,32.75
2022-12-15,32.79
2022-12-16,32.79
2022-12-19,32.78
2022-12-20,32.92
2022-12-21,33.03
2022-12-22,32.83
2022-12-23,32.69
2022-12-26,32.57
2022-12-27,32.57
2022-12-28,32.55
2022-12-29,32.49
2022-12-30,32.35
2023-01-03,32.33
2023-01-04,32.27
2023-01-05,32.28
2023-01-06,32.12
2023-01-09,32.14
2023-01-10,32.11
2023-01-11,32.11
2023-01-12,31.42
2023-01-13,31.36
2023-01-16,31.26
2023-01-17,31.1
2023-01-18,31.1
2023-01-19,31.1
2023-01-30,31.13
2023-01-31,31.29
2023-02-01,31.32
2023-02-02,31.26
2023-02-03,31.13
2023-02-06,31.13
2023-02-07,31.19
2023-02-08,31.11
2023-02-09,31.15
2023-02-10,31.3
2023-02-13,31.25
2023-02-14,31.19
2023-02-15,31.4
2023-02-16,31.7
2023-02-17,31.9
2023-02-20,32.01
2023-02-21,32.03
2023-02-22,31.97
2023-02-23,32.23
2023-02-24,32.31
2023-03-01,32.22
2023-03-02,31.96
2023-03-03,31.71
2023-03-06,31.65
2023-03-07,31.47
2023-03-08,31.44
2023-03-09,31.36
2023-03-10,31.29
2023-03-13,31.34
2023-03-14,31.25
2023-03-15,31.19
2023-03-16,31.13
2023-03-17,31.27
2023-03-20,31.59
2023-03-21,31.82
2023-03-22,32.03
2023-03-23,31.95
2023-03-24,32.04
2023-03-27,32.04
2023-03-28,32.41
2023-03-29,32.46
2023-03-30,32.43
2023-03-31,32.44
2023-04-06,32.44
2023-04-07,32.54
2023-04-10,31.89
2023-04-11,31.94
2023-04-12,32.06
2023-04-13,32.05
2023-04-14,32.08
2023-04-17,32.15
2023-04-18,32.1
2023-04-19,32.09
2023-04-20,32.13
2023-04-21,32.13
2023-04-24,32.18
2023-04-25,32.12
2023-04-26,32.15
2023-04-27,32.17
2023-04-28,32.0
2023-05-02,32.22
2023-05-03,32.14
2023-05-04,32.11
2023-05-05,32.47
2023-05-08,32.32
2023-05-09,32.39
2023-05-10,32.51
2023-05-11,32.73
2023-05-12,32.68
2023-05-15,32.71
2023-05-16,32.6
2023-05-17,32.61
2023-05-18,32.73
2023-05-19,32.74
2023-05-22,32.75
2023-05-23,32.65
2023-05-24,32.63
2023-05-25,33.17
2023-05-26,33.21
2023-05-29,33.1
2023-05-30,33.58
2023-05-31,32.65
2023-06-01,32.21
2023-06-02,32.15
2023-06-05,31.98
2023-06-06,31.97
2023-06-07,32.64
2023-06-08,31.87
2023-06-09,31.89
2023-06-12,32.0
2023-06-13,31.7
2023-06-14,31.66
2023-06-15,31.35
2023-06-16,31.97
2023-06-19,31.68
2023-06-20,31.9
2023-06-21,32.03
2023-06-26,31.95
2023-06-27,31.76
2023-06-28,31.43
2023-06-29,31.47
2023-06-30,31.52
2023-07-03,31.6
2023-07-04,31.74
2023-07-05,31.85
2023-07-06,32.11
2023-07-07,32.17
2023-07-10,32.21
2023-07-11,32.53
2023-07-12,32.62
2023-07-13,32.9
2023-07-14,31.94
2023-07-17,32.08
2023-07-18,32.11
2023-07-19,32.44
2023-07-20,33.2
2023-07-21,33.79
2023-07-24,34.22
2023-07-25,34.49
2023-07-26,34.89
2023-07-27,35.22
2023-07-28,35.38
2023-07-31,35.53
2023-08-01,35.31
2023-08-02,35.41
2023-08-04,35.32
2023-08-07,35.37
2023-08-08,35.53
2023-08-09,35.55
2023-08-10,35.35
2023-08-11,35.26
2023-08-14,35.36
2023-08-15,35.48
2023-08-16,35.09
2023-08-17,35.79
2023-08-18,35.62
2023-08-21,35.81
2023-08-22,35.84
2023-08-23,35.99
2023-08-24,36.07
2023-08-25,36.0
2023-08-28,36.28
2023-08-29,36.22
2023-08-30,36.5
2023-08-31,36.3
2023-09-01,36.4
2023-09-04,36.66
2023-09-05,36.58
2023-09-06,36.5
2023-09-07,36.67
2023-09-08,36.93
2023-09-11,36.98
2023-09-12,37.04
2023-09-13,37.1
2023-09-14,36.68
2023-09-15,36.39
2023-09-18,36.49
2023-09-19,36.65
2023-09-20,36.91
2023-09-21,37.16
2023-09-22,37.06
2023-09-25,37.11
2023-09-26,37.14
2023-09-27,37.25
2023-09-28,37.18
2023-10-02,37.18
2023-10-03,37.12
2023-10-04,37.28
2023-10-05,37.29
2023-10-06,37.18
2023-10-11,37.16
2023-10-12,37.33
2023-10-13,37.16
2023-10-16,37.09
2023-10-17,37.02
2023-10-18,36.97
2023-10-19,37.02
2023-10-20,36.88
2023-10-23,36.88
2023-10-24,36.93
2023-10-25,36.94
2023-10-26,36.62
2023-10-27,36.78
2023-10-30,36.73
2023-10-31,36.55
2023-11-01,36.69
2023-11-02,36.81
2023-11-03,36.69
2023-11-06,36.54
2023-11-07,36.64
2023-11-08,36.51
2023-11-09,36.44
2023-11-10,36.28
2023-11-13,37.39
2023-11-14,37.56
2023-11-15,37.59
2023-11-16,37.74
2023-11-17,37.75
2023-11-20,37.75
2023-11-21,37.95
2023-11-22,38.02
2023-11-23,37.93
2023-11-24,37.99
2023-11-27,38.1
2023-11-28,38.22
2023-11-29,38.18
2023-11-30,38.24
2023-12-01,38.41
2023-12-04,38.32
2023-12-05,38.16
2023-12-06,38.28
2023-12-07,38.82
2023-12-08,39.33
2023-12-11,39.77
2023-12-12,39.75
2023-12-13,39.67
2023-12-14,39.71
2023-12-15,40.4
2023-12-18,41.48
2023-12-19,41.94
2023-12-20,42.16
2023-12-21,42.52
2023-12-22,42.66
2023-12-25,42.65
2023-12-26,42.85
2023-12-27,43.04
2023-12-28,43.63
2023-12-29,43.74
2024-01-02,44.29
2024-01-03,44.54
2024-01-04,44.62
2024-01-05,44.75
2024-01-08,44.86
2024-01-09,44.96
2024-01-10,45.0
2024-01-11,44.83
2024-01-12,44.61
2024-01-15,44.53
2024-01-16,44.82
2024-01-17,44.89
2024-01-18,44.72
2024-01-19,45.04
2024-01-22,45.03
2024-01-23,45.21
2024-01-24,44.99
2024-01-25,45.03
2024-01-26,44.93
2024-01-29,44.87
2024-01-30,44.95
2024-01-31,45.29
2024-02-01,45.13
2024-02-02,45.87
2024-02-05,45.47
2024-02-06,45.47
2024-02-07,45.47
2024-02-15,45.26
2024-02-16,44.98
2024-02-19,44.67
2024-02-20,45.21
2024-02-21,45.24
2024-02-22,45.6
2024-02-23,45.57
2024-02-26,45.54
2024-02-27,45.44
2024-02-29,45.31
2024-03-01,44.76
2024-03-04,44.25
2024-03-05,44.35
2024-03-06,43.92
2024-03-07,44.21
2024-03-08,45.03
2024-03-11,44.92
2024-03-12,44.71
2024-03-13,45.07
2024-03-14,45.09
2024-03-15,44.89
2024-03-18,44.7
2024-03-19,44.5
2024-03-20,44.69
2024-03-21,44.53
2024-03-22,44.24
2024-03-25,44.39
2024-03-26,44.61
2024-03-27,44.49
2024-03-28,44.33
2024-03-29,44.35
2024-04-01,44.35
2024-04-02,44.47
2024-04-03,44.38
2024-04-08,44.41
2024-04-09,44.61
2024-04-10,44.95
2024-04-11,45.16
2024-04-12,45.0
2024-04-15,45.24
2024-04-16,46.58
2024-04-17,46.55
2024-04-18,46.55
2024-04-19,46.26
2024-04-22,46.32
2024-04-23,46.15
2024-04-24,45.94
2024-04-25,46.06
2024-04-26,45.88
2024-04-29,45.94
2024-04-30,45.9
2024-05-02,46.02
2024-05-03,46.11
2024-05-06,46.16
2024-05-07,46.11
2024-05-08,45.91
2024-05-09,45.88
2024-05-10,45.82
2024-05-13,45.8
2024-05-14,45.96
2024-05-15,45.85
2024-05-16,46.1
2024-05-17,46.24
2024-05-20,46.34
2024-05-21,46.57
2024-05-22,46.8
2024-05-23,46.98
2024-05-24,46.95
2024-05-27,46.99
2024-05-28,47.21
2024-05-29,47.15
2024-05-30,47.38
2024-05-31,47.34
2024-06-03,47.46
2024-06-04,47.65
2024-06-05,47.72
2024-06-06,47.79
2024-06-07,47.84
2024-06-11,47.78
2024-06-12,47.81
2024-06-13,47.79
2024-06-14,47.75
2024-06-17,47.83
2024-06-18,47.94
2024-06-19,48.0
2024-06-20,48.04
2024-06-21,47.97
2024-06-24,48.08
2024-06-25,48.2
2024-06-26,48.2
2024-06-27,48.05
2024-06-28,47.95
2024-07-01,47.71
2024-07-02,48.0
2024-07-03,47.78
2024-07-04,47.77
2024-07-05,47.75
2024-07-08,47.63
2024-07-09,47.56
2024-07-10,47.63
2024-07-11,47.78
2024-07-12,47.85
2024-07-15,47.9
2024-07-16,47.91
2024-07-17,48.05
2024-07-18,48.07
2024-07-19,48.18
2024-07-22,48.27
2024-07-23,48.27
2024-07-26,48.08
2024-07-29,48.23
2024-07-30,48.24
2024-07-31,48.12
2024-08-01,47.82
2024-08-02,47.81
2024-08-05,47.88
2024-08-06,47.87
2024-08-07,47.74
2024-08-08,47.66
2024-08-09,47.31
2024-08-12,47.01
2024-08-13,46.79
2024-08-14,46.15
2024-08-15,45.95
2024-08-16,45.85
2024-08-19,45.79
2024-08-20,45.85
2024-08-21,45.8
2024-08-22,45.72
2024-08-23,45.68
2024-08-26,45.63
2024-08-27,45.56
2024-08-28,45.43
2024-08-29,45.46
2024-08-30,45.38
2024-09-02,45.29
2024-09-03,45.31
2024-09-04,45.05
2024-09-05,44.7
2024-09-06,44.88
2024-09-09,44.81
2024-09-10,44.79
2024-09-11,44.76
2024-09-12,44.61
2024-09-13,44.57
2024-09-16,44.59
2024-09-18,44.44
2024-09-19,44.47
2024-09-20,44.45
2024-09-23,44.33
2024-09-24,44.3
2024-09-25,44.36
2024-09-26,44.24
2024-09-27,44.11
2024-09-30,43.87
2024-10-01,43.87
2024-10-04,43.74
2024-10-07,43.24
2024-10-08,43.1
2024-10-09,42.73
2024-10-11,42.69
2024-10-14,42.66
2024-10-15,42.53
2024-10-16,42.63
2024-10-17,42.71
2024-10-18,43.0
2024-10-21,43.19
2024-10-22,43.17
2024-10-23,43.36
2024-10-24,43.6
2024-10-25,43.96
2024-10-28,43.9
2024-10-29,44.06
2024-10-30,44.1
2024-11-01,44.19
2024-11-04,44.43
2024-11-05,44.48
2024-11-06,44.33
2024-11-07,44.13
2024-11-08,44.04
2024-11-11,44.02
2024-11-12,43.99
2024-11-13,43.87
2024-11-14,43.99
2024-11-15,43.8
2024-11-18,43.94
2024-11-19,43.94
2024-11-20,43.92
2024-11-21,43.9
2024-11-22,43.88
2024-11-25,43.74
2024-11-26,43.78
2024-11-27,43.65
2024-11-28,43.59
2024-11-29,43.53
2024-12-02,43.11
2024-12-03,42.87
2024-12-04,42.76
2024-12-05,42.62
2024-12-06,42.59
2024-12-09,42.6
2024-12-10,42.41
2024-12-11,42.4
2024-12-12,42.32
2024-12-13,42.46
2024-12-16,42.49
2024-12-17,42.41
2024-12-18,42.47
2024-12-19,42.44
2024-12-20,42.37
2024-12-23,42.47
2024-12-24,42.42
2024-12-25,42.4
2024-12-26,42.27
2024-12-27,42.21
2024-12-30,42.2
2024-12-31,42.17
2025-01-02,42.06
2025-01-03,42.02
2025-01-06,42.22
2025-01-07,42.43
2025-01-08,42.38
2025-01-09,42.34
2025-01-10,42.42
2025-01-13,42.7
2025-01-14,42.56
2025-01-15,42.6
2025-01-16,42.64
2025-01-17,42.69
2025-01-20,42.7
2025-01-21,42.59
2025-01-22,42.65
2025-01-23,42.65
2025-01-24,42.65
2025-02-03,42.68
2025-02-04,42.73
2025-02-05,42.82
2025-02-06,42.83
2025-02-07,42.9
2025-02-10,42.82
2025-02-11,42.85
2025-02-12,42.78
2025-02-13,42.6
2025-02-14,42.65
2025-02-17,42.71
2025-02-18,43.0
2025-02-19,42.94
2025-02-20,43.11
2025-02-21,42.95
2025-02-24,42.93
2025-02-25,42.43
2025-02-26,42.44
2025-02-27,42.15
2025-03-03,41.66
2025-03-04,41.09
2025-03-05,40.97
2025-03-06,41.0
2025-03-07,41.14
2025-03-10,41.12
2025-03-11,41.03
2025-03-12,40.79
2025-03-13,40.67
2025-03-14,40.64
2025-03-17,40.48
2025-03-18,40.41
2025-03-19,40.46
2025-03-20,40.34
2025-03-21,40.31
2025-03-24,40.21
2025-03-25,40.39
2025-03-26,40.41
2025-03-27,40.55
2025-03-28,40.53
2025-03-31,40.87
2025-04-01,40.86
2025-04-02,40.75
2025-04-07,40.79
2025-04-08,40.92
2025-04-09,41.05
2025-04-10,41.19
2025-04-11,40.82
2025-04-14,40.67
2025-04-15,40.37
2025-04-16,40.28
2025-04-17,40.26
2025-04-18,40.28
2025-04-21,40.31
2025-04-22,40.56
2025-04-23,40.44
2025-04-24,39.98
2025-04-25,39.79
2025-04-28,39.66
2025-04-29,39.56
2025-04-30,39.55
2025-05-02,39.45
2025-05-05,39.69
2025-05-06,39.97
2025-05-07,40.2
2025-05-08,40.25
2025-05-09,40.22
2025-05-12,39.93
2025-05-13,39.9
2025-05-14,39.6
2025-05-15,39.53
2025-05-16,39.55
2025-05-19,39.42
2025-05-20,39.1
2025-05-21,39.09
2025-05-22,38.83
2025-05-23,38.23
2025-05-26,37.76
2025-05-27,37.63
2025-05-28,37.43
2025-05-29,37.41
2025-06-02,37.49
2025-06-03,37.74
2025-06-04,37.95
2025-06-05,38.15
2025-06-06,38.19
2025-06-09,38.32
2025-06-10,38.37
2025-06-11,38.36
2025-06-12,38.28
2025-06-13,38.34
2025-06-16,38.4
2025-06-17,38.3
2025-06-18,38.69
2025-06-19,38.87
2025-06-20,38.76
2025-06-23,38.82
2025-06-24,38.78
2025-06-25,38.82
2025-06-26,38.59
2025-06-27,38.73
2025-06-30,38.69
2025-07-01,38.8
2025-07-02,38.71
2025-07-03,38.67
2025-07-04,38.66
2025-07-07,38.6
2025-07-08,38.84
2025-07-09,38.99
2025-07-10,39.23
2025-07-11,39.35
2025-07-14,39.26
2025-07-15,39.4
2025-07-16,39.7
2025-07-17,39.37
2025-07-18,39.36
2025-07-21,39.19
2025-07-22,38.85
2025-07-23,38.69
2025-07-24,38.67
2025-07-25,38.7
2025-07-28,38.67
2025-07-29,38.66
2025-07-30,38.63
2025-07-31,38.57
2025-08-01,38.85
2025-08-04,38.96
2025-08-05,38.93
2025-08-06,39.03
2025-08-07,39.13
2025-08-08,39.36
2025-08-11,39.24
2025-08-12,39.25
2025-08-13,38.93
2025-08-14,38.85
2025-08-15,38.6
2025-08-18,38.49
2025-08-19,38.41
2025-08-20,38.28
2025-08-21,38.32
2025-08-22,38.32
2025-08-25,38.01
2025-08-26,37.98
2025-08-27,37.91
2025-08-28,37.91
2025-08-29,37.69
2025-09-01,37.44
2025-09-02,37.44
2025-09-03,37.38
2025-09-04,37.31
2025-09-05,37.53
2025-09-08,37.39
2025-09-09,37.28
2025-09-10,37.26
2025-09-11,36.93
2025-09-12,36.96
2025-09-15,37.02
2025-09-16,37.1
2025-09-17,37.17
2025-09-18,36.94
2025-09-19,36.95
2025-09-22,37.06
2025-09-23,37.05
2025-09-24,37.09
2025-09-25,37.04
2025-09-26,37.11
2025-09-30,37.04
2025-10-01,36.99
2025-10-02,36.92
2025-10-03,36.77
2025-10-07,36.69
2025-10-08,36.63
2025-10-09,36.71
2025-10-13,36.57
2025-10-14,36.38
2025-10-15,36.3
2025-10-16,36.12
2025-10-17,35.91
2025-10-20,36.06
2025-10-21,36.08
2025-10-22,36.04
2025-10-23,35.89
2025-10-27,35.88
2025-10-28,35.75
2025-10-29,35.66
2025-10-30,35.76
2025-10-31,35.7
2025-11-03,35.76
2025-11-04,35.87
2025-11-05,35.8
2025-11-06,35.95
2025-11-07,35.89
2025-11-10,36.03
2025-11-11,35.64
2025-11-12,35.73
2025-11-13,36.02
2025-11-14,36.31
2025-11-17,36.54
2025-11-18,36.81
2025-11-19,36.81
2025-11-20,36.79
2025-11-21,37.13
2025-11-24,37.39
2025-11-25,37.38
2025-11-26,37.49
2025-11-27,37.05
2025-11-28,36.59
2025-12-01,36.43
2025-12-02,36.36
2025-12-03,36.48
2025-12-04,36.52
2025-12-05,36.58
2025-12-08,36.49
2025-12-09,36.62
2025-12-10,36.58
2025-12-11,36.71
2025-12-12,36.7
2025-12-15,36.84
2025-12-16,36.83
2025-12-17,36.97
2025-12-18,36.81
2025-12-19,36.85
2025-12-22,36.99
2025-12-23,36.96
2025-12-24,36.95
2025-12-26,36.88
